anime_title,anime_original_title,anime_type,anime_release_year,anime_episode_count,anime_status,anime_studio,anime_synopsis,anime_poster_image_url,anime_banner_image_url,anime_rating_avg,anime_rating_count,anime_favorite_count,manga_title,manga_original_title,manga_author,manga_illustrator,manga_publisher,manga_status,manga_description,manga_cover_image_url,manga_banner_image_url,manga_rating_avg,manga_rating_count,manga_favorite_count,genres,studio_tag,anime_season_label,anime_episode_from,anime_episode_to,manga_volume_from,manga_volume_to,manga_chapter_from,manga_chapter_to,continue_volume,continue_chapter,mapping_text,mapping_description,source_note
Attack on Titan,進撃の巨人,TVA,2013,25,COMPLETED,WIT STUDIO,"Several hundred years ago, humans were nearly exterminated by titans. Titans are typically several stories tall, seem to have no intelligence, devour human beings and, worst of all, seem to do it for the pleasure rather than as a food source. A small percentage of humanity survived by walling themselves in a city protected by extremely high walls, even taller than the biggest of titans.


Flash forward to the present and the city has not seen a titan in over 100 years. Teenage boy Eren and his foster sister Mikasa witness something horrific as the city walls are destroyed by a colossal titan that appears out of thin air. As the smaller titans flood the city, the two kids watch in horror as their mother is eaten alive. Eren vows that he will murder every single titan and take revenge for all of mankind.


(Source: MangaHelpers)",https://s4.anilist.co/file/anilistcdn/media/anime/cover/large/bx16498-buvcRTBx4NSm.jpg,https://s4.anilist.co/file/anilistcdn/media/anime/banner/16498-8jpFCOcDmneX.jpg,4.2,,,,,,,,,,,,,,,Action;Drama;Fantasy;Mystery,WIT STUDIO,,,,,,,,,,,,
Demon Slayer: Kimetsu no Yaiba,鬼滅の刃,TVA,2019,26,COMPLETED,ufotable,"It is the Taisho Period in Japan. Tanjiro, a kindhearted boy who sells charcoal for a living, finds his family slaughtered by a demon. To make matters worse, his younger sister Nezuko, the sole survivor, has been transformed into a demon herself. Though devastated by this grim reality, Tanjiro resolves to become a “demon slayer” so that he can turn his sister back into a human, and kill the demon that massacred his family.



(Source: Crunchyroll)",https://s4.anilist.co/file/anilistcdn/media/anime/cover/large/bx101922-WBsBl0ClmgYL.jpg,https://s4.anilist.co/file/anilistcdn/media/anime/banner/101922-33MtJGsUSxga.jpg,4.2,,,,,,,,,,,,,,,Action;Adventure;Drama;Fantasy;Supernatural,ufotable,,,,,,,,,,,,
JUJUTSU KAISEN,呪術廻戦,TVA,2020,24,COMPLETED,MAPPA,"A boy fights... for ""the right death.""



Hardship, regret, shame: the negative feelings that humans feel become Curses that lurk in our everyday lives. The Curses run rampant throughout the world, capable of leading people to terrible misfortune and even death. What's more, the Curses can only be exorcised by another Curse.



Itadori Yuji is a boy with tremendous physical strength, though he lives a completely ordinary high school life. One day, to save a friend who has been attacked by Curses, he eats the finger of the Double-Faced Specter, taking the Curse into his own soul. From then on, he shares one body with the Double-Faced Specter. Guided by the most powerful of sorcerers, Gojou Satoru, Itadori is admitted to the Tokyo Metropolitan Technical High School of Sorcery, an organization that fights the Curses... and thus begins the heroic tale of a boy who became a Curse to exorcise a Curse, a life from which he could never turn back.



(Source: Crunchyroll)



Note: The first episode received an early web premiere on September 19th, 2020. The regular TV broadcast started on October 3rd, 2020.",https://s4.anilist.co/file/anilistcdn/media/anime/cover/large/bx113415-LHBAeoZDIsnF.jpg,https://s4.anilist.co/file/anilistcdn/media/anime/banner/113415-jQBSkxWAAk83.jpg,4.2,,,,,,,,,,,,,,,Action;Drama;Supernatural,MAPPA,,,,,,,,,,,,
Death Note,DEATH NOTE,TVA,2006,37,COMPLETED,MADHOUSE,"Light Yagami is a genius high school student who is about to learn about life through a book of death. When a bored shinigami, a God of Death, named Ryuk drops a black notepad called a Death Note, Light receives power over life and death with the stroke of a pen. Determined to use this dark gift for the best, Light sets out to rid the world of evil… namely, the people he believes to be evil. Should anyone hold such power?



The consequences of Light’s actions will set the world ablaze.



(Source: VIZ Media)",https://s4.anilist.co/file/anilistcdn/media/anime/cover/large/bx1535-kUgkcrfOrkUM.jpg,https://s4.anilist.co/file/anilistcdn/media/anime/banner/1535.jpg,4.2,,,,,,,,,,,,,,,Mystery;Psychological;Supernatural;Thriller,MADHOUSE,,,,,,,,,,,,
My Hero Academia,僕のヒーローアカデミア,TVA,2016,13,COMPLETED,bones,"What would the world be like if 80 percent of the population manifested extraordinary superpowers called “Quirks” at age four? Heroes and villains would be battling it out everywhere! Becoming a hero would mean learning to use your power, but where would you go to study? U.A. High's Hero Program of course! But what would you do if you were one of the 20 percent who were born Quirkless?



Middle school student Izuku Midoriya wants to be a hero more than anything, but he hasn't got an ounce of power in him. With no chance of ever getting into the prestigious U.A. High School for budding heroes, his life is looking more and more like a dead end. Then an encounter with All Might, the greatest hero of them all gives him a chance to change his destiny…



(Source: VIZ Media)",https://s4.anilist.co/file/anilistcdn/media/anime/cover/large/bx21459-nYh85uj2Fuwr.jpg,https://s4.anilist.co/file/anilistcdn/media/anime/banner/21459-yeVkolGKdGUV.jpg,3.9,,,,,,,,,,,,,,,Action;Adventure;Comedy,bones,,,,,,,,,,,,
Hunter x Hunter (2011),HUNTER×HUNTER (2011),TVA,2011,148,COMPLETED,MADHOUSE,"A new adaption of the manga of the same name by Togashi Yoshihiro.


A Hunter is one who travels the world doing all sorts of dangerous tasks. From capturing criminals to searching deep within uncharted lands for any lost treasures. Gon is a young boy whose father disappeared long ago, being a Hunter. He believes if he could also follow his father's path, he could one day reunite with him.


After becoming 12, Gon leaves his home and takes on the task of entering the Hunter exam, notorious for its low success rate and high probability of death to become an official Hunter. He befriends the revenge-driven Kurapika, the doctor-to-be Leorio and the rebellious ex-assassin Killua in the exam, with their friendship prevailing throughout the many trials and threats they come upon taking on the dangerous career of a Hunter.",https://s4.anilist.co/file/anilistcdn/media/anime/cover/large/bx11061-y5gsT1hoHuHw.png,https://s4.anilist.co/file/anilistcdn/media/anime/banner/11061-8WkkTZ6duKpq.jpg,4.5,,,,,,,,,,,,,,,Action;Adventure;Fantasy,MADHOUSE,,,,,,,,,,,,
One-Punch Man,ワンパンマン,TVA,2015,12,COMPLETED,MADHOUSE,"Saitama has a rather peculiar hobby, being a superhero, but despite his heroic deeds and superhuman abilities, a shadow looms over his life. He's become much too powerful, to the point that every opponent ends up defeated with a single punch.



The lack of challenge has driven him into a state of apathy, as he watches his life pass by having lost all enthusiasm, at least until he's unwillingly thrust in the role of being a mentor to the young and revenge-driven Genos.",https://s4.anilist.co/file/anilistcdn/media/anime/cover/large/bx21087-B5DHjqZ3kW4b.jpg,https://s4.anilist.co/file/anilistcdn/media/anime/banner/21087-sHb9zUZFsHe1.jpg,4.2,,,,,,,,,,,,,,,Action;Comedy;Sci-Fi;Supernatural,MADHOUSE,,,,,,,,,,,,
ONE PIECE,ONE PIECE,TVA,1999,,ONGOING,Toei Animation,"Gold Roger was known as the Pirate King, the strongest and most infamous being to have sailed the Grand Line. The capture and death of Roger by the World Government brought a change throughout the world. His last words before his death revealed the location of the greatest treasure in the world, One Piece. It was this revelation that brought about the Grand Age of Pirates, men who dreamed of finding One Piece (which promises an unlimited amount of riches and fame), and quite possibly the most coveted of titles for the person who found it, the title of the Pirate King.


Enter Monkey D. Luffy, a 17-year-old boy that defies your standard definition of a pirate. Rather than the popular persona of a wicked, hardened, toothless pirate who ransacks villages for fun, Luffy’s reason for being a pirate is one of pure wonder; the thought of an exciting adventure and meeting new and intriguing people, along with finding One Piece, are his reasons of becoming a pirate. Following in the footsteps of his childhood hero, Luffy and his crew travel across the Grand Line, experiencing crazy adventures, unveiling dark mysteries and battling strong enemies, all in order to reach One Piece.


*This includes the following special episodes:

- Chopperman to the Rescue! Protect the TV Station by the Shore! (Episode 336)

- The Strongest Tag-Team! Luffy and Toriko's Hard Struggle! (Episode 492)

- Team Formation! Save Chopper (Episode 542)

- History's Strongest Collaboration vs. Glutton of the Sea (Episode 590)

- 20th Anniversary! Special Romance Dawn (Episode 907)",https://s4.anilist.co/file/anilistcdn/media/anime/cover/large/bx21-ELSYx3yMPcKM.jpg,https://s4.anilist.co/file/anilistcdn/media/anime/banner/21-wf37VakJmZqs.jpg,4.3,,,,,,,,,,,,,,,Action;Adventure;Comedy;Drama;Fantasy,Toei Animation,,,,,,,,,,,,
Tokyo Ghoul,東京喰種 トーキョーグール,TVA,2014,12,COMPLETED,Studio Pierrot,"The suspense horror/dark fantasy story is set in Tokyo, which is haunted by mysterious ""ghouls"" who are devouring humans. People are gripped by the fear of these ghouls whose identities are masked in mystery. An ordinary college student named Kaneki encounters Rize, a girl who is an avid reader like him, at the café he frequents. Little does he realize that his fate will change overnight.



(Source: Anime News Network)",https://s4.anilist.co/file/anilistcdn/media/anime/cover/medium/b20605-k665mVkSug8D.jpg,https://s4.anilist.co/file/anilistcdn/media/anime/banner/20605-RCJ7M71zLmrh.jpg,3.8,,,,,,,,,,,,,,,Action;Drama;Horror;Mystery;Psychological;Supernatural,Studio Pierrot,,,,,,,,,,,,
Attack on Titan Season 2,進撃の巨人 Season２,TVA,2017,12,COMPLETED,WIT STUDIO,"Eren Jaeger swore to wipe out every last Titan, but in a battle for his life he wound up becoming the thing he hates most. With his new powers, he fights for humanity's freedom facing the monsters that threaten his home. After a bittersweet victory against the Female Titan, Eren finds no time to rest—a horde of Titans is approaching Wall Rose and the battle for humanity continues!



(Source: Funimation)",https://s4.anilist.co/file/anilistcdn/media/anime/cover/large/bx20958-HuFJyr54Mmir.jpg,https://s4.anilist.co/file/anilistcdn/media/anime/banner/20958-Y7eQdz9VENBD.jpg,4.2,,,,,,,,,,,,,,,Action;Drama;Fantasy;Mystery,WIT STUDIO,,,,,,,,,,,,
Fullmetal Alchemist: Brotherhood,鋼の錬金術師 FULLMETAL ALCHEMIST,TVA,2009,64,COMPLETED,bones,"""In order for something to be obtained, something of equal value must be lost.""



Alchemy is bound by this Law of Equivalent Exchange—something the young brothers Edward and Alphonse Elric only realize after attempting human transmutation: the one forbidden act of alchemy. They pay a terrible price for their transgression—Edward loses his left leg, Alphonse his physical body. It is only by the desperate sacrifice of Edward's right arm that he is able to affix Alphonse's soul to a suit of armor. Devastated and alone, it is the hope that they would both eventually return to their original bodies that gives Edward the inspiration to obtain metal limbs called ""automail"" and become a state alchemist, the Fullmetal Alchemist.



Three years of searching later, the brothers seek the Philosopher's Stone, a mythical relic that allows an alchemist to overcome the Law of Equivalent Exchange. Even with military allies Colonel Roy Mustang, Lieutenant Riza Hawkeye, and Lieutenant Colonel Maes Hughes on their side, the brothers find themselves caught up in a nationwide conspiracy that leads them not only to the true nature of the elusive Philosopher's Stone, but their country's murky history as well. In between finding a serial killer and racing against time, Edward and Alphonse must ask themselves if what they are doing will make them human again... or take away their humanity.



(Source: MAL Rewrite)",https://s4.anilist.co/file/anilistcdn/media/anime/cover/large/bx5114-nSWCgQlmOMtj.jpg,https://s4.anilist.co/file/anilistcdn/media/anime/banner/5114-q0V5URebphSG.jpg,4.5,,,,,,,,,,,,,,,Action;Adventure;Drama;Fantasy,bones,,,,,,,,,,,,
Naruto,NARUTO -ナルト-,TVA,2002,220,COMPLETED,Studio Pierrot,"Naruto Uzumaki, a hyperactive and knuckle-headed ninja, lives in Konohagakure, the Hidden Leaf village. Moments prior to his birth, a huge demon known as the Kyuubi, the Nine-tailed Fox, attacked Konohagakure and wreaked havoc. In order to put an end to the Kyuubi's rampage, the leader of the village, the 4th Hokage, sacrificed his life and sealed the monstrous beast inside the newborn Naruto. 


Shunned because of the presence of the Kyuubi inside him, Naruto struggles to find his place in the village. He strives to become the Hokage of Konohagakure, and he meets many friends and foes along the way. 


(Source: MAL Rewrite)",https://s4.anilist.co/file/anilistcdn/media/anime/cover/large/bx20-dE6UHbFFg1A5.jpg,https://s4.anilist.co/file/anilistcdn/media/anime/banner/20-HHxhPj5JD13a.jpg,4.0,,,,,,,,,,,,,,,Action;Adventure;Comedy;Drama;Fantasy;Supernatural,Studio Pierrot,,,,,,,,,,,,
Attack on Titan Season 3,進撃の巨人 Season３,TVA,2018,12,COMPLETED,WIT STUDIO,"Eren and his companions in the 104th are assigned to the newly-formed Levi Squad, whose assignment is to keep Eren and Historia safe given Eren's newly-discovered power and Historia's knowledge and pedigree. Levi and Erwin have good reason to be concerned, because the priest of the Church that Hanji had hidden away was found tortured to death, making it clear that the Military Police are involved with the cover-up. Things get more harrowing when the MPs make a move on Erwin and the Levi Squad narrowly avoids capture. Eren is also having problems with his Titan transformation, and a deadly killer has been hired to secure Eren and Historia, one Levi knows all too well from his youth.



(Source: Anime News Network)",https://s4.anilist.co/file/anilistcdn/media/anime/cover/large/bx99147-AiPDD8cwlCfi.jpg,https://s4.anilist.co/file/anilistcdn/media/anime/banner/99147-HACsFVrynFf5.jpg,4.3,,,,,,,,,,,,,,,Action;Drama;Fantasy;Mystery,WIT STUDIO,,,,,,,,,,,,
My Hero Academia Season 2,僕のヒーローアカデミア２,TVA,2017,25,COMPLETED,bones,"Taking off right after the last episode of the first season. The school is temporarily closed due to security. When U.A. restarts, it is announced that the highly anticipated School Sports Festival will soon be taking place. All classes: Hero, Support, General and Business will be participating. Tournaments all round will decide who is the top Hero in training.

(Source: Anime News Network)",https://s4.anilist.co/file/anilistcdn/media/anime/cover/large/bx21856-gutauxhWAwn6.png,https://s4.anilist.co/file/anilistcdn/media/anime/banner/21856-wtSHgeHFmzdG.jpg,4.0,,,,,,,,,,,,,,,Action;Adventure;Comedy,bones,,,,,,,,,,,,
Attack on Titan Final Season,進撃の巨人 The Final Season,TVA,2021,16,COMPLETED,MAPPA,"It’s been four years since the Scout Regiment reached the shoreline, and the world looks different now. Things are heating up as the fate of the Scout Regiment—and the people of Paradis—are determined at last. However, Eren is missing. Will he reappear before age-old tensions between Marleyans and Eldians result in the war of all wars?



(Source: Crunchyroll)",https://s4.anilist.co/file/anilistcdn/media/anime/cover/large/bx110277-sKUNXAsWMNFw.jpg,https://s4.anilist.co/file/anilistcdn/media/anime/banner/110277-iuGn6F5bK1U1.jpg,4.3,,,,,,,,,,,,,,,Action;Drama;Fantasy;Mystery,MAPPA,,,,,,,,,,,,
The Promised Neverland,約束のネバーランド,TVA,2019,12,COMPLETED,CloverWorks,"Emma, Norman and Ray are the brightest kids at the Grace Field House orphanage. And under the care of the woman they refer to as “Mom,” all the kids have enjoyed a comfortable life. Good food, clean clothes and the perfect environment to learn—what more could an orphan ask for? One day, though, Emma and Norman uncover the dark truth of the outside world they are forbidden from seeing.



(Source: VIZ Media)",https://s4.anilist.co/file/anilistcdn/media/anime/cover/large/bx101759-8UR7r9MNVpz2.jpg,https://s4.anilist.co/file/anilistcdn/media/anime/banner/101759-MhlCoeqnODso.jpg,4.2,,,,,,,,,,,,,,,Drama;Fantasy;Horror;Mystery;Psychological;Thriller,CloverWorks,,,,,,,,,,,,
Assassination Classroom,暗殺教室,TVA,2015,22,COMPLETED,Lerche,"The students of class 3-E have a mission: kill their teacher before graduation. He has already destroyed the moon, and has promised to destroy the Earth if he can not be killed within a year. But how can this class of misfits kill a tentacled monster, capable of reaching Mach 20 speed, who may be the best teacher any of them have ever had?",https://s4.anilist.co/file/anilistcdn/media/anime/cover/large/bx20755-dWrhs569YGUO.jpg,https://s4.anilist.co/file/anilistcdn/media/anime/banner/20755-D4ipww9U8YkC.jpg,4.0,,,,,,,,,,,,,,,Action;Comedy;Drama;Supernatural,Lerche,,,,,,,,,,,,
Mob Psycho 100,モブサイコ100,TVA,2016,12,COMPLETED,bones,"The story revolves around ""Mob,"" a boy who will explode if his emotional capacity reaches 100%. This boy with psychic powers earned his nickname ""Mob"" because he does not stand out among other people. He keeps his psychic powers bottled up so he can live normally, but if his emotional level reaches 100, something will overwhelm his entire body.



(Source: Anime News Network)",https://s4.anilist.co/file/anilistcdn/media/anime/cover/large/bx21507-6YUSbh2m0N1p.jpg,https://s4.anilist.co/file/anilistcdn/media/anime/banner/21507-Qx8bGsLXUgLo.jpg,4.2,,,,,,,,,,,,,,,Action;Comedy;Drama;Psychological;Slice of Life;Supernatural,bones,,,,,,,,,,,,
Chainsaw Man,チェンソーマン,TVA,2022,12,COMPLETED,MAPPA,"Denji is a teenage boy living with a Chainsaw Devil named Pochita. Due to the debt his father left behind, he has been living a rock-bottom life while repaying his debt by harvesting devil corpses with Pochita.


One day, Denji is betrayed and killed. As his consciousness fades, he makes a contract with Pochita and gets revived as ""Chainsaw Man"" — a man with a devil's heart.



(Source: Crunchyroll)",https://s4.anilist.co/file/anilistcdn/media/anime/cover/large/bx127230-DdP4vAdssLoz.png,https://s4.anilist.co/file/anilistcdn/media/anime/banner/127230-o8IRwCGVr9KW.jpg,4.2,,,,,,,,,,,,,,,Action;Drama;Horror;Supernatural,MAPPA,,,,,,,,,,,,
Your lie in April,四月は君の嘘,TVA,2014,22,COMPLETED,A-1 Pictures,"Piano prodigy Arima Kousei dominated the competition and all child musicians knew his name. But after his mother, who was also his instructor, passed away, he had a mental breakdown while performing at a recital. This resulted in him no longer being able to hear the sound of his piano playing. Two years later, Kousei hasn’t touched the piano and views the world without any flair or color. He was content at living out his life with his good friends Tsubaki and Watari until, one day, a girl changed everything. Miyazono Kaori is a pretty, free spirited violinist whose playing style reflects her personality. Kaori helps Kousei return to the music world and show that it should be free and mold breaking unlike the structured and rigid style Kousei was used to.",https://s4.anilist.co/file/anilistcdn/media/anime/cover/large/bx20665-TLgkL8T8IRFd.png,https://s4.anilist.co/file/anilistcdn/media/anime/banner/20665-j4kSsfhfkM24.jpg,4.2,,,,,,,,,,,,,,,Drama;Music;Romance;Slice of Life,A-1 Pictures,,,,,,,,,,,,
Attack on Titan Season 3 Part 2,進撃の巨人 Season３ Part.2,TVA,2019,10,COMPLETED,WIT STUDIO,"The battle to retake Wall Maria begins now! With Eren’s new hardening ability, the Scouts are confident they can seal the wall and take back Shiganshina District. If they succeed, Eren can finally unlock the secrets of the basement—and the world. But danger lies in wait as Reiner, Bertholdt, and the Beast Titan have plans of their own. Could this be humanity’s final battle for survival?



(Source: Funimation)",https://s4.anilist.co/file/anilistcdn/media/anime/cover/large/bx104578-k61nx3LPjvgd.jpg,https://s4.anilist.co/file/anilistcdn/media/anime/banner/104578-z7SadpYEuAsy.jpg,4.5,,,,,,,,,,,,,,,Action;Drama;Fantasy;Mystery,WIT STUDIO,,,,,,,,,,,,
Naruto: Shippuden,NARUTO -ナルト- 疾風伝,TVA,2007,500,COMPLETED,Studio Pierrot,"Naruto: Shippuuden is the continuation of the original animated TV series Naruto. The story revolves around an older and slightly more matured Uzumaki Naruto and his quest to save his friend Uchiha Sasuke from the grips of the snake-like Shinobi, Orochimaru. After 2 and a half years Naruto finally returns to his village of Konoha, and sets about putting his ambitions to work, though it will not be easy, as he has amassed a few (more dangerous) enemies, in the likes of the shinobi organization; Akatsuki. 


(Source: Anime News Network)",https://s4.anilist.co/file/anilistcdn/media/anime/cover/large/bx1735-kGfVm0YqCPcu.png,https://s4.anilist.co/file/anilistcdn/media/anime/banner/1735.jpg,4.1,,,,,,,,,,,,,,,Action;Adventure;Comedy;Drama;Fantasy;Supernatural,Studio Pierrot,,,,,,,,,,,,
ERASED,僕だけがいない街,TVA,2016,12,COMPLETED,A-1 Pictures,"Satoru Fujinuma is a 29 year old manga artist struggling to make a name for himself following his debut. But, that was not the only thing in his life that Satoru was feeling frustrated about… He has a unique supernatural ability of being forced to prevent deaths and catastrophes by being sent back in time before the incident occurred, repeating time until the accident is prevented. One day, he gets involved in an accident that has him framed as a murderer. Desperate to save the victim, he sends himself back in time only to find himself as a grade-schooler one month before fellow classmate Kayo Hinazuki went missing. Satoru now embarks on a new quest: to save Kayo and solve the mystery behind her disappearance.",https://s4.anilist.co/file/anilistcdn/media/anime/cover/large/bx21234-XmqW39aQ9o7O.jpg,https://s4.anilist.co/file/anilistcdn/media/anime/banner/21234-7lfSSPoMmwr2.jpg,4.0,,,,,,,,,,,,,,,Drama;Mystery;Psychological;Supernatural;Thriller,A-1 Pictures,,,,,,,,,,,,
My Hero Academia Season 3,僕のヒーローアカデミア３,TVA,2018,25,COMPLETED,bones,"Summer is here, and the heroes of Class 1-A and 1-B are in for the toughest training camp of their lives! A group of seasoned pros pushes everyone's Quirks to new heights as the students face one overwhelming challenge after another. Braving the elements in this secret location becomes the least of their worries when routine training turns into a critical struggle for survival.

(Source: Crunchyroll)",https://s4.anilist.co/file/anilistcdn/media/anime/cover/large/bx100166-jUCZYbzn2XLw.jpg,https://s4.anilist.co/file/anilistcdn/media/anime/banner/100166-k7RXwN5vZg0r.jpg,4.0,,,,,,,,,,,,,,,Action;Adventure;Comedy;Drama,bones,,,,,,,,,,,,
HAIKYU!!,ハイキュー!!,TVA,2014,25,COMPLETED,Production I.G,"Inspired after watching a volleyball ace nicknamed ""Little Giant"" in action, small-statured Shouyou Hinata revives the volleyball club at his middle school. The newly-formed team even makes it to a tournament; however, their first match turns out to be their last when they are brutally squashed by the ""King of the Court,"" Tobio Kageyama. Hinata vows to surpass Kageyama, and so after graduating from middle school, he joins Karasuno High School's volleyball team—only to find that his sworn rival, Kageyama, is now his teammate.



Thanks to his short height, Hinata struggles to find his role on the team, even with his superior jumping power. Surprisingly, Kageyama has his own problems that only Hinata can help with, and learning to work together appears to be the only way for the team to be successful. Based on Haruichi Furudate's popular shounen manga of the same name, Haikyuu!! is an exhilarating and emotional sports comedy following two determined athletes as they attempt to patch a heated rivalry in order to make their high school volleyball team the best in Japan.



[Written by MAL Rewrite]",https://s4.anilist.co/file/anilistcdn/media/anime/cover/large/bx20464-ooZUyBe4ptp9.png,https://s4.anilist.co/file/anilistcdn/media/anime/banner/20464-PpYjO9cPN1gs.jpg,4.2,,,,,,,,,,,,,,,Comedy;Drama;Sports,Production I.G,,,,,,,,,,,,
Black Clover,ブラッククローバー,TVA,2017,170,COMPLETED,Studio Pierrot,"In a world where magic is everything, Asta and Yuno are both found abandoned at a church on the same day. While Yuno is gifted with exceptional magical powers, Asta is the only one in this world without any. At the age of fifteen, both receive grimoires, magic books that amplify their holder’s magic. Asta’s is a rare Grimoire of Anti-Magic that negates and repels his opponent’s spells. Being opposite but good rivals, Yuno and Asta are ready for the hardest of challenges to achieve their common dream: to be the Wizard King. Giving up is never an option!



(Source: Crunchyroll)",https://s4.anilist.co/file/anilistcdn/media/anime/cover/large/bx97940-fyh8o7gNbha0.png,https://s4.anilist.co/file/anilistcdn/media/anime/banner/97940-1URQdQ4U1a0b.jpg,4.0,,,,,,,,,,,,,,,Action;Adventure;Comedy;Fantasy,Studio Pierrot,,,,,,,,,,,,
SPY x FAMILY,SPY×FAMILY,TVA,2022,12,COMPLETED,CloverWorks,"Everyone has a part of themselves they cannot show to anyone else.



At a time when all nations of the world were involved in a fierce war of information happening behind closed doors, Ostania and Westalis had been in a state of cold war against one another for decades. The Westalis Intelligence Services' Eastern-Focused Division (WISE) sends their most talented spy, ""Twilight,"" on a top-secret mission to investigate the movements of Donovan Desmond, the chairman of Ostania's National Unity Party, who is threatening peace efforts between the two nations.



This mission is known as ""Operation Strix."" It consists of ""putting together a family in one week in order to infiltrate social gatherings organized by the elite school that Desmond's son attends."" 


""Twilight"" takes on the identity of psychiatrist Loid Forger and starts looking for family members. But Anya, the daughter he adopts, turns out to have the ability to read people's minds, while his wife, Yor, is an assassin! With it being in each of their own interests to keep these facts hidden, they start living together while concealing their true identities from one another. 

World peace is now in the hands of this brand-new family as they embark on an adventure full of surprises.



(Source: Crunchyroll)",https://s4.anilist.co/file/anilistcdn/media/anime/cover/large/bx140960-Kb6R5nYQfjmP.jpg,https://s4.anilist.co/file/anilistcdn/media/anime/banner/140960-Z7xSvkRxHKfj.jpg,4.2,,,,,,,,,,,,,,,Action;Comedy;Slice of Life;Supernatural,CloverWorks,,,,,,,,,,,,
Kaguya-sama: Love is War,かぐや様は告らせたい～天才たちの恋愛頭脳戦～,TVA,2019,12,COMPLETED,A-1 Pictures,"Known for being both brilliant and powerful, Miyuki Shirogane and Kaguya Shinomiya lead the illustrious Shuchiin Academy as near equals. And everyone thinks they’d make a great couple. Pride and arrogance are in ample supply, so the only logical move is to trick the other into instigating a date! Who will come out on top in this psychological war where the first move is the only one that matters?



(Source: Aniplex)",https://s4.anilist.co/file/anilistcdn/media/anime/cover/large/bx101921-ufrjLzhSz7L1.jpg,https://s4.anilist.co/file/anilistcdn/media/anime/banner/101921-GgvvFhlNhzlF.jpg,4.2,,,,,,,,,,,,,,,Comedy;Psychological;Romance;Slice of Life,A-1 Pictures,,,,,,,,,,,,
Dr. STONE,Dr.STONE,TVA,2019,24,COMPLETED,TMS Entertainment,"After five years of harboring unspoken feelings, high-schooler Taiju Ooki is finally ready to confess his love to Yuzuriha Ogawa. Just when Taiju begins his confession however, a blinding green light strikes the Earth and petrifies mankind around the world— turning every single human into stone.



Several millennia later, Taiju awakens to find the modern world completely nonexistent, as nature has flourished in the years humanity stood still. Among a stone world of statues, Taiju encounters one other living human: his science-loving friend Senkuu, who has been active for a few months. Taiju learns that Senkuu has developed a grand scheme—to launch the complete revival of civilization with science. Taiju's brawn and Senkuu's brains combine to forge a formidable partnership, and they soon uncover a method to revive those petrified.



However, Senkuu's master plan is threatened when his ideologies are challenged by those who awaken. All the while, the reason for mankind's petrification remains unknown.



(Source: MAL Rewrite)",https://s4.anilist.co/file/anilistcdn/media/anime/cover/large/bx105333-GybuoSoOZfpH.jpg,https://s4.anilist.co/file/anilistcdn/media/anime/banner/105333-KWKGvBM8Hyga.jpg,4.0,,,,,,,,,,,,,,,Action;Adventure;Comedy;Sci-Fi,TMS Entertainment,,,,,,,,,,,,
Noragami,ノラガミ,TVA,2014,12,COMPLETED,bones,"Minor god Yato is down on his luck. Fed up with his slacker lifestyle, his partner abruptly quits. He has no money, no worshippers, and no shrine to call home. But just when things are starting to seem hopeless, a bus accident forces him to cross paths with Hiyori Iki, a sweet and perky high school girl. After the accident, Hiyori's soul has a bad habit of slipping out of her body, and after enlisting Yato's help to get her back to normal, she begins to fall into the world of spirits and gods.



But Hiyori's not the only one who's keeping tabs on Yato. A god from Yato's past is back, and he's not interested in a friendly reunion.



(Source: Funimation)",https://s4.anilist.co/file/anilistcdn/media/anime/cover/large/bx20447-EoQXeygHaVCK.jpg,https://s4.anilist.co/file/anilistcdn/media/anime/banner/20447-nlgQQzcgWbgw.jpg,3.9,,,,,,,,,,,,,,,Action;Adventure;Comedy;Supernatural,bones,,,,,,,,,,,,
Akame ga Kill!,アカメが斬る！,TVA,2014,24,COMPLETED,WHITE FOX,"In a land where corruption rules and a ruthless Prime Minister has turned the puppet Emperor's armies of soldiers, assassins and secret police against the people, only one force dares to stand against them: Night Raid, an elite team of relentless killers, each equipped with an Imperial Arm - legendary weapons with unique and incredible powers created in the distant past.



Rescued from a fate worse than death by Night Raid, young Tatsumi is offered the chance to join their lethal ranks… but it's a deadly choice, as few can master an Imperial Arm and even fewer survive when two Arms go against each other in combat. The battle is on, and only the strongest will make it out alive.



(Source: Sentai Filmworks)",https://s4.anilist.co/file/anilistcdn/media/anime/cover/large/bx20613-HXHpec4bemk5.jpg,https://s4.anilist.co/file/anilistcdn/media/anime/banner/20613-CoEQF4qKiWDX.jpg,3.6,,,,,,,,,,,,,,,Action;Adventure;Drama;Fantasy;Horror;Psychological;Thriller,WHITE FOX,,,,,,,,,,,,
Vinland Saga,ヴィンランド・サガ,TVA,2019,24,COMPLETED,WIT STUDIO,"Thorfinn is son to one of the Vikings' greatest warriors, but when his father is killed in battle by the mercenary leader Askeladd, he swears to have his revenge. Thorfinn joins Askeladd's band in order to challenge him to a duel, and ends up caught in the middle of a war for the crown of England.



(Source: Kodansha USA)",https://s4.anilist.co/file/anilistcdn/media/anime/cover/large/bx101348-2fhDFPCuMNiz.jpg,https://s4.anilist.co/file/anilistcdn/media/anime/banner/101348-pivKKffCAwAY.jpg,4.3,,,,,,,,,,,,,,,Action;Adventure;Drama,WIT STUDIO,,,,,,,,,,,,
My Hero Academia Season 4,僕のヒーローアカデミア４,TVA,2019,25,COMPLETED,bones,"The villain world teeters on the brink of war now that All For One is out of the picture. Shigaraki of the League of Villains squares off with Overhaul of the yakuza, vying for total control of the shadows. Meanwhile, Deku gets tangled in another dangerous internship as he struggles to keep pace with his upperclassman—Mirio.

(Source: Crunchyroll)",https://s4.anilist.co/file/anilistcdn/media/anime/cover/large/bx104276-SnEowMvesWIE.png,https://s4.anilist.co/file/anilistcdn/media/anime/banner/104276-PQO1pcNzzWT0.jpg,4.0,,,,,,,,,,,,,,,Action;Adventure;Comedy;Drama;Sci-Fi,bones,,,,,,,,,,,,
Horimiya,ホリミヤ,TVA,2021,13,COMPLETED,CloverWorks,"A secret life is the one thing they have in common. At school, Hori is a prim and perfect social butterfly, but the truth is she's a brash homebody. Meanwhile, under a gloomy facade, Miyamura hides a gentle heart, along with piercings and tattoos. In a chance meeting, they both reveal a side they've never shown. Could this blossom into something new?



(Source: Funimation)",https://s4.anilist.co/file/anilistcdn/media/anime/cover/large/bx124080-3i22mRVPBS0T.jpg,https://s4.anilist.co/file/anilistcdn/media/anime/banner/124080-ARyLAHHgikRq.jpg,4.0,,,,,,,,,,,,,,,Comedy;Romance;Slice of Life,CloverWorks,,,,,,,,,,,,
The Seven Deadly Sins,七つの大罪,TVA,2014,24,COMPLETED,A-1 Pictures,"When they were accused of trying to overthrow the monarchy, the feared warriors the Seven Deadly Sins were sent into exile. Princess Elizabeth discovers the truth - the Sins were framed by the king's guard, the Holy Knights - too late to prevent them from assassinating her father and seizing the throne!

Now the princess is on the run, seeking the Sins to help her reclaim the kingdom. But the first Sin she meets, Meliodas, is a little innkeeper with a talking pig. He doesn't even have a real sword! Have the legends of the Sins' strength been exaggerated?



(Source: Anime News Network)",https://s4.anilist.co/file/anilistcdn/media/anime/cover/large/bx20789-Ma5ouSYPkru9.jpg,https://s4.anilist.co/file/anilistcdn/media/anime/banner/20789-qwG9GcxIrmVE.jpg,3.6,,,,,,,,,,,,,,,Action;Adventure;Comedy;Ecchi;Fantasy;Supernatural,A-1 Pictures,,,,,,,,,,,,
Bleach,BLEACH,TVA,2004,366,COMPLETED,Studio Pierrot,"Ichigo Kurosaki is a rather normal high school student apart from the fact he has the ability to see ghosts. This ability never impacted his life in a major way until the day he encounters the Shinigami Kuchiki Rukia, who saves him and his family's lives from a Hollow, a corrupt spirit that devours human souls. 



Wounded during the fight against the Hollow, Rukia chooses the only option available to defeat the monster and passes her Shinigami powers to Ichigo. Now forced to act as a substitute until Rukia recovers, Ichigo hunts down the Hollows that plague his town.",https://s4.anilist.co/file/anilistcdn/media/anime/cover/large/bx269-d2GmRkJbMopq.png,https://s4.anilist.co/file/anilistcdn/media/anime/banner/269-08ar2HJOUAuL.jpg,4.0,,,,,,,,,,,,,,,Action;Adventure;Supernatural,Studio Pierrot,,,,,,,,,,,,
Parasyte -the maxim-,寄生獣 セイの格率,TVA,2014,24,COMPLETED,MADHOUSE,"They arrive in silence and darkness. They descend from the skies. They have a hunger for human flesh. They are everywhere. They are parasites, alien creatures who must invade–and take control of–a human host to survive. And once they have infected their victims, they can assume any deadly form they choose: monsters with giant teeth, winged demons, creatures with blades for hands. But most have chosen to conceal their lethal purpose behind ordinary human faces. So no one knows their secret–except an ordinary high school student. Shin is battling for control of his own body against an alien parasite, but can he find a way to warn humanity of the horrors to come?



(Source: Del Rey)",https://s4.anilist.co/file/anilistcdn/media/anime/cover/large/bx20623-dUARfggnNDOe.jpg,https://s4.anilist.co/file/anilistcdn/media/anime/banner/20623-xb9PPf8rGOsG.jpg,4.0,,,,,,,,,,,,,,,Action;Drama;Horror;Psychological;Sci-Fi,MADHOUSE,,,,,,,,,,,,
Fire Force,炎炎ノ消防隊,TVA,2019,24,COMPLETED,david production,"Year 198 of the Solar Era in Tokyo, special fire brigades are fighting against a phenomenon called spontaneous human combustion where human beings are turned into living infernos called ""Infernals.” While the Infernals are first-generation cases of spontaneous human combustion, later generations possess the ability to manipulate flames while retaining human form. Shinra Kusakabe, a youth who gained the nickname Devil’s Footprints for his ability to ignite his feet at will, joins the Special Fire Force Company 8 which composes of other flames users as they work to extinguish any Infernals they encounter. As a faction that is creating Infernals appears, Shinra begins to uncover the truth behind a mysterious fire that caused the death of his family twelve years ago.

 (Source: Official Website)",https://s4.anilist.co/file/anilistcdn/media/anime/cover/large/bx105310-2PKUvoaA6fTn.jpg,https://s4.anilist.co/file/anilistcdn/media/anime/banner/105310-ygGL9yweZM2Q.jpg,3.8,,,,,,,,,,,,,,,Action;Drama;Sci-Fi;Supernatural,david production,,,,,,,,,,,,
Demon Slayer: Kimetsu no Yaiba Entertainment District Arc,鬼滅の刃 遊郭編,TVA,2022,11,COMPLETED,ufotable,"After visiting the Rengoku residence, Tanjirou and his comrades volunteer for a mission within the Entertainment District, a place where desires are sold and demons dwell. They journey alongside the flashy Sound Hashira, Tengen Uzui, in search of a monstrous foe terrorizing the town. Sworn to slay creatures of the night, the hunt continues.



(Source: Funimation)



Note:

- The first episode aired with a runtime of ~47 minutes.

- The last episode aired with a runtime of ~33 minutes.",https://s4.anilist.co/file/anilistcdn/media/anime/cover/large/bx142329-kET1PIXJv2eW.jpg,https://s4.anilist.co/file/anilistcdn/media/anime/banner/142329-i413SzLmToZN.jpg,4.3,,,,,,,,,,,,,,,Action;Adventure;Fantasy;Supernatural,ufotable,,,,,,,,,,,,
JUJUTSU KAISEN Season 2,呪術廻戦 第2期,TVA,2023,23,COMPLETED,MAPPA,"The second season of Jujutsu Kaisen.



The past comes to light when second-year students Satoru Gojou and Suguru Getou are tasked with escorting young Riko Amanai to Master Tengen. But when a non-sorcerer user tries to kill them, their mission to protect the Star Plasma Vessel threatens to turn them into bitter enemies and cement their destinies—one as the world’s strongest sorcerer, and the other its most twisted curse user!



(Source: Crunchyroll)",https://s4.anilist.co/file/anilistcdn/media/anime/cover/large/bx145064-hSNRJM03pvv1.jpg,https://s4.anilist.co/file/anilistcdn/media/anime/banner/145064-esDtAY2He7sk.jpg,4.3,,,,,,,,,,,,,,,Action;Drama;Supernatural,MAPPA,,,,,,,,,,,,
JoJo's Bizarre Adventure (TV),ジョジョの奇妙な冒険 (TV),TVA,2012,26,COMPLETED,david production,"Beginning its tale in 19th century England, young aristocrat Jonathan Joestar finds himself locked in bitter rivalry with Dio Brando, a low-born boy who Jonathan's father took under his wing after the death of Dio's father. Discontent with his station in life, Dio's fathomless lust to reign over all eventually leads him to seek the supernatural powers of an ancient Aztec stone mask in the Joestar's possession—an artifact that will forever change the destiny of Dio and Jonathan for generations to come.



Fifty years later, in 1938 New York City, Jonathan's grandson Joseph Joestar must take up his grandfather's mission and master the abilities necessary to destroy the stone mask and its immensely powerful creators who threaten humanity's very existence, the Pillar Men.


(Source: Anime News Network)",https://s4.anilist.co/file/anilistcdn/media/anime/cover/large/bx14719-VT5dRzTBSZ0w.jpg,https://s4.anilist.co/file/anilistcdn/media/anime/banner/14719-m7Hv2AxcNNjM.jpg,3.9,,,,,,,,,,,,,,,Action;Adventure;Supernatural,david production,,,,,,,,,,,,
One-Punch Man Season 2,ワンパンマン 2,TVA,2019,12,COMPLETED,J.C.STAFF,"Saitama is a hero who only became a hero for fun. After three years of “special training,” he’s become so strong that he’s practically invincible. In fact, he’s too strong—even his mightiest opponents are taken out with a single punch. Now, the great seer Madame Shibabawa’s prediction about the Earth being doomed seems to be coming true as the frequency of monster incidents escalates. Alongside Genos, his faithful disciple, Saitama begins his official hero duties as a member of the Hero Association, while Garou, a man utterly fascinated by monsters, makes his appearance.",https://s4.anilist.co/file/anilistcdn/media/anime/cover/large/bx97668-nC8gQrXVxt7k.png,https://s4.anilist.co/file/anilistcdn/media/anime/banner/97668-8Yo3iH2fxbKR.jpg,3.7,,,,,,,,,,,,,,,Action;Comedy;Sci-Fi;Supernatural,J.C.STAFF,,,,,,,,,,,,
Blue Exorcist,青の祓魔師,TVA,2011,25,COMPLETED,A-1 Pictures,"This world consists of two dimensions joined as one, like a mirror. The first is the world in which the humans live, Assiah. The other is the world of demons, Gehenna. Ordinarily, travel between the two, and indeed any kind of contact between the two, is impossible. However the demons can pass over into this world by possessing anything that exist within it. Satan the god of demons, but there's one thing that he doesn't have, and that's a substance in the human world that is powerful enough to contain him!! For that purpose he created Rin, his son from a human woman, but will his son agree to his plans? Or will he become something else...? An exorcist?",https://s4.anilist.co/file/anilistcdn/media/anime/cover/large/bx9919-nXS7JOZrWHfS.jpg,https://s4.anilist.co/file/anilistcdn/media/anime/banner/9919-S5idQm3GbZ80.jpg,3.6,,,,,,,,,,,,,,,Action;Fantasy;Supernatural,A-1 Pictures,,,,,,,,,,,,
Frieren: Beyond Journey’s End,葬送のフリーレン,TVA,2023,28,COMPLETED,MADHOUSE,"The adventure is over but life goes on for an elf mage just beginning to learn what living is all about. Elf mage Frieren and her courageous fellow adventurers have defeated the Demon King and brought peace to the land. But Frieren will long outlive the rest of her former party. How will she come to understand what life means to the people around her? Decades after their victory, the funeral of one her friends confronts Frieren with her own near immortality. Frieren sets out to fulfill the last wishes of her comrades and finds herself beginning a new adventure…



(Source: Crunchyroll)",https://s4.anilist.co/file/anilistcdn/media/anime/cover/large/bx154587-qQTzQnEJJ3oB.jpg,https://s4.anilist.co/file/anilistcdn/media/anime/banner/154587-ivXNJ23SM1xB.jpg,4.5,,,,,,,,,,,,,,,Adventure;Drama;Fantasy,MADHOUSE,,,,,,,,,,,,
Kakegurui,賭ケグルイ,TVA,2017,12,COMPLETED,MAPPA,"During daylight hours, an exclusive, elite private school prepares its illustrious students for careers in business, politics, and high society. But when darkness falls, the halls of this esteemed establishment transform into an underground gambling den where bright-eyed youngsters learn the timeless art of bluffing, backdoor dealings and social manipulation. In this school for the rich and elite, money is power, and the tyrant of the betting books rules with an iron fist. So when the beautiful Yumeko Jabami upsets the academy hierarchy with her voracious appetite for the thrill of the gamble, the entire student body mobilizes to send her house of cards tumbling down.



(Source: Sentai Filmworks)",https://s4.anilist.co/file/anilistcdn/media/anime/cover/medium/b98314-TSJykxVwCCQN.jpg,https://s4.anilist.co/file/anilistcdn/media/anime/banner/98314-gwgiHiJOj2ls.jpg,3.5,,,,,,,,,,,,,,,Drama;Mystery;Psychological,MAPPA,,,,,,,,,,,,
Mob Psycho 100 II,モブサイコ100 II,TVA,2019,13,COMPLETED,bones,"The second season of Mob Psycho 100. 


Kageyama is an ordinary 8th grader who just wants to live a normal life. Although he can disappear in the crowd in a flash, he was actually the most powerful psychic. The lives of those around Mob and his numerous feelings that softly piles up for the eventual explosion. The mysterious group ""Claw"" stands before him once again. In the midst of his youthful days, where will his roaring heart take him!?




(Source: Crunchyroll)",https://s4.anilist.co/file/anilistcdn/media/anime/cover/large/bx101338-rokVscjRYzdP.jpg,https://s4.anilist.co/file/anilistcdn/media/anime/banner/101338-Rl54Qhx71dUq.jpg,4.3,,,,,,,,,,,,,,,Action;Comedy;Drama;Psychological;Slice of Life;Supernatural,bones,,,,,,,,,,,,
Tokyo Revengers,東京リベンジャーズ,TVA,2021,24,COMPLETED,LIDENFILMS,"Takemichi Hanagaki is a freelancer that's reached the absolute pits of despair in his life. He finds out that the only girlfriend he ever had in his life that he dated in middle school, Hinata Tachibana, had been killed by the ruthless Tokyo Manji Gang.



The day after hearing about her death, he's standing on the station platform and ends up being pushed over onto the tracks by a herd of people. He closes his eyes thinking he's about to die, but when he opens his eyes back up, he somehow had gone back in time 12 years.



Now that he's back living the best days of his life, Takemichi decides to get revenge on his life by saving his girlfriend and changing himself that he'd been running away from.



(Source: Crunchyroll)",https://s4.anilist.co/file/anilistcdn/media/anime/cover/large/bx120120-cWDmnmeEntSe.jpg,https://s4.anilist.co/file/anilistcdn/media/anime/banner/120120-UDYgoHA69peT.jpg,3.9,,,,,,,,,,,,,,,Action;Drama;Romance;Supernatural,LIDENFILMS,,,,,,,,,,,,
Attack on Titan Final Season Part 2,進撃の巨人 The Final Season Part 2,TVA,2022,12,COMPLETED,MAPPA,"The war for Paradis zeroes in on Shiganshina just as Jaegerists have seized control. After taking a huge blow from a surprise attack led by Eren, Marley swiftly acts to return the favor. With Zeke’s true plan revealed and a military forced under new rule, this battle might be fought on two fronts. Does Eren intend on fulfilling his half-brother’s wishes or does he have a plan of his own?



(Source: Funimation)",https://s4.anilist.co/file/anilistcdn/media/anime/cover/large/bx131681-5ooUqvqNtee1.jpg,https://s4.anilist.co/file/anilistcdn/media/anime/banner/131681-3tNurPRsqsfz.jpg,4.3,,,,,,,,,,,,,,,Action;Drama;Fantasy;Mystery;Psychological,MAPPA,,,,,,,,,,,,
Kaguya-sama: Love is War?,かぐや様は告らせたい？～天才たちの恋愛頭脳戦～,TVA,2020,12,COMPLETED,A-1 Pictures,"After a slow but eventful summer vacation, Shuchiin Academy's second term is now starting in full force. As August transitions into September, Miyuki Shirogane's birthday looms ever closer, leaving Kaguya Shinomiya in a serious predicament as to how to celebrate it. Furthermore, the tenure of the school's 67th student council is coming to an end. Due to the council members being in different classes, the only time Kaguya and Miyuki have to be together will soon disappear, putting all of their cunning plans at risk.


A long and difficult election that will decide the fate of the new student council awaits, as multiple challengers fight for the coveted title of president.


(Source: MAL Rewrite)",https://s4.anilist.co/file/anilistcdn/media/anime/cover/large/bx112641-zoGC8d6FaPXU.jpg,https://s4.anilist.co/file/anilistcdn/media/anime/banner/112641-mKZe0zng0ndV.jpg,4.2,,,,,,,,,,,,,,,Comedy;Psychological;Romance;Slice of Life,A-1 Pictures,,,,,,,,,,,,
The Future Diary,未来日記,TVA,2011,26,COMPLETED,Asread,"This psychological thriller, based on the manga written and illustrated by Sakae Esuno, is about Yuki, a loner who's not very good with people. He prefers to write a diary on his cell phone and talk to his imaginary friend, Deus Ex Machina &ndash; The God of Time and Space. However, Yuki soon learns that Deus is more than a figment of his imagination when he makes Yuki participate in a battle royale with eleven others. The contestants are given special diaries that can predict the future, each diary possessing unique features that give it both advantages and disadvantages. Within the next 90 days, the contestants must try to survive until there is only one left standing. The winner will become the new God of Time and Space.


(Source: FUNimation)",https://s4.anilist.co/file/anilistcdn/media/anime/cover/large/bx10620-dUZeNej0W4QN.png,https://s4.anilist.co/file/anilistcdn/media/anime/banner/10620-CsZ2FFSbGpqV.jpg,3.5,,,,,,,,,,,,,,,Action;Horror;Mystery;Psychological;Supernatural;Thriller,Asread,,,,,,,,,,,,
Bungo Stray Dogs,文豪ストレイドッグス,TVA,2016,12,COMPLETED,bones,"Stalked by a beastly white tiger, Atsushi Nakajima has no idea that the menace lives inside him—a power that catches the attention of the Armed Detective Agency. Using inhuman abilities to combat crime, this team takes Atsushi under the wing of their most eccentric member, Dazai. Together, they tear through mafia-muddled mysteries while enemies keep an eye on the tiger’s lofty bounty.



(Source: Funimation)",https://s4.anilist.co/file/anilistcdn/media/anime/cover/large/bx21311-hAXyT8Yoh6G9.jpg,https://s4.anilist.co/file/anilistcdn/media/anime/banner/21311-oVJYXoU38Lm5.jpg,3.9,,,,,,,,,,,,,,,Action;Comedy;Mystery;Supernatural,bones,,,,,,,,,,,,
My Dress-Up Darling,その着せ替え人形は恋をする,TVA,2022,12,COMPLETED,CloverWorks,"High schooler Wakana Gojou cares about one thing: making Hina dolls. With nobody to share his obsession, he has trouble finding friends—or even holding conversation. But after the school’s most popular girl, Marin Kitagawa, reveals a secret of her own, he discovers a new purpose for his sewing skills. Together, they’ll make her cosplay dreams come true! 



(Source: Funimation)",https://s4.anilist.co/file/anilistcdn/media/anime/cover/large/bx132405-qP7FQYGmNI3d.jpg,https://s4.anilist.co/file/anilistcdn/media/anime/banner/132405-LnPQaqaksEpN.jpg,4.0,,,,,,,,,,,,,,,Comedy;Ecchi;Romance;Slice of Life,CloverWorks,,,,,,,,,,,,
My Hero Academia Season 5,僕のヒーローアカデミア５,TVA,2021,25,COMPLETED,bones,"The rivalry between Class 1-A and Class 1-B heats up in a joint training battle. Eager to be a part of the hero course, brainwashing buff Shinso is tasked with competing on both sides.



But as each team faces their own weaknesses and discovers new strengths, this showdown might just become a toss-up.


(Source: Funimation)",https://s4.anilist.co/file/anilistcdn/media/anime/cover/large/bx117193-E75BlZmDh1aB.jpg,https://s4.anilist.co/file/anilistcdn/media/anime/banner/117193-37OySoeOMN0z.jpg,3.6,,,,,,,,,,,,,,,Action;Adventure;Comedy;Sci-Fi,bones,,,,,,,,,,,,
Tokyo Ghoul √A,東京喰種[トーキョーグール]√A,TVA,2015,12,COMPLETED,Studio Pierrot,"The second season of Tokyo Ghoul.

The ghouls of Anteiku invaded the Aogiri's site in order to rescue Ken Kaneki who is being tortured. Due to provocation, he unleashed greater power enough to defeat Yamori. To become stronger, he decided to join Aogiri and left Anteiku. Ghoul investigators also making their moves by collecting information about the eye-patched ghoul - Ken Kaneki.

(Source: Anime News Network)",https://s4.anilist.co/file/anilistcdn/media/anime/cover/large/bx20850-glDf9EMKeCwe.jpg,https://s4.anilist.co/file/anilistcdn/media/anime/banner/20850-YjtRXQkNl0xz.jpg,3.4,,,,,,,,,,,,,,,Action;Drama;Horror;Mystery;Psychological;Supernatural,Studio Pierrot,,,,,,,,,,,,
Food Wars!,食戟のソーマ,TVA,2015,24,COMPLETED,J.C.STAFF,"Ever since he was little, Souma Yukihira’s main goals have been to beat his father in a cooking contest and take over the family diner. That’s why, when his dad suddenly announces that he’s shutting the restaurant down and sending Souma to cooking school, Souma is shocked. However, Totsuki Academy is no ordinary cooking school. This elite institution is filled with culinary giants like Erina “God Tongue” Nakiri, who does her best to keep a lowly short-order like Souma from even making it inside the door. However, if the snobs can dish it out, Souma can serve it up, and when he learns that only a handful of the students manage to graduate every year, he swears that the only way he’ll leave is as number one!



(Source: Sentai Filmworks)",https://s4.anilist.co/file/anilistcdn/media/anime/cover/large/bx20923-pNT38pjW3RFH.jpg,https://s4.anilist.co/file/anilistcdn/media/anime/banner/20923-9tFdZ5hIrRiF.png,3.9,,,,,,,,,,,,,,,Comedy;Ecchi,J.C.STAFF,,,,,,,,,,,,
Made in Abyss,メイドインアビス,TVA,2017,13,COMPLETED,Kinema Citrus,"The ""Abyss"" is the last unexplored place in the world. Strange and wonderful creatures roam within, and it is full of precious relics that present humans can't recreate. Those that dare to explore the depths are known as ""Cave Raiders."" An orphan girl named Riko lives on the rim. Her dream is to become a Cave Raider like her mother and solve the mysteries of the cave system. One day, Riko starts exploring the caves and discovers a robot who resembles a human boy.



(Source: Anime News Network, edited)



Note: The last episode aired with a runtime of ~48 minutes as opposed to the standard 24 minute long episode.",https://s4.anilist.co/file/anilistcdn/media/anime/cover/large/bx97986-TQ7dCgbS3y5s.jpg,https://s4.anilist.co/file/anilistcdn/media/anime/banner/97986-C55UnbJKB7ZF.jpg,4.2,,,,,,,,,,,,,,,Adventure;Drama;Fantasy;Horror;Mystery;Sci-Fi,Kinema Citrus,,,,,,,,,,,,
HAIKYU!! 2nd Season,ハイキュー!! セカンドシーズン,TVA,2015,25,COMPLETED,Production I.G,"Following their participation at the Inter-High, the Karasuno High School volleyball team attempts to refocus their efforts, aiming to conquer the Spring tournament instead.



When they receive an invitation from long-standing rival Nekoma High, Karasuno agrees to take part in a large training camp alongside many notable volleyball teams in Tokyo and even some national level players. By playing with some of the toughest teams in Japan, they hope not only to sharpen their skills, but also come up with new attacks that would strengthen them. Moreover, Hinata and Kageyama attempt to devise a more powerful weapon, one that could possibly break the sturdiest of blocks.



Facing what may be their last chance at victory before the senior players graduate, the members of Karasuno's volleyball team must learn to settle their differences and train harder than ever if they hope to overcome formidable opponents old and new—including their archrival Aoba Jousai and its world-class setter Tooru Oikawa.



[Written by MAL Rewrite]",https://s4.anilist.co/file/anilistcdn/media/anime/cover/large/bx20992-aHgNbcalVEqk.png,https://s4.anilist.co/file/anilistcdn/media/anime/banner/20992-QMdqxEjAIAit.jpg,4.3,,,,,,,,,,,,,,,Comedy;Drama;Sports,Production I.G,,,,,,,,,,,,
Soul Eater,ソウルイーター,TVA,2008,51,COMPLETED,bones,"Set in the Shinigami technical school for weapon meisters, the series revolves around 3 groups of each a weapon meister and a human weapon. Trying to make the latter a ""Death Scythe"" which is the highest title for a weapon and thus fit for use by the Shinigami, they must collect the souls of 99 evil humans and 1 witch.


Maka &amp; Soul Eater, Black Star &amp; Tsubaki, and Death the Kid with Patty and Liz Thompson are the characters Soul Eater revolves around. Besides taking the time to gather souls, these students of Shibusen defend Death City from some of the most powerful of creatures while still attending school and trying to become stronger.",https://s4.anilist.co/file/anilistcdn/media/anime/cover/large/bx3588-fSMggQoFSbUI.png,https://s4.anilist.co/file/anilistcdn/media/anime/banner/3588.jpg,3.9,,,,,,,,,,,,,,,Action;Adventure;Comedy;Fantasy;Supernatural,bones,,,,,,,,,,,,
Fairy Tail,FAIRY TAIL,TVA,2009,175,COMPLETED,Satelight,"Across the Fiore kingdom, wizards join guilds and make their pay by filling magical needs—but one guild has a reputation as the roughest, rowdiest, most dangerous of all: Fairy Tail!

When four young Fairy Tail members unite, their bond is forged by a power found in neither muscle nor magic and grows stronger with every mission. Whatever you do, don't mess with these friends or you'll get a taste of Natsu's flaming fist or Gray's ice hammer, suffer a painful blow from one of Lucy's celestial spirits or catch the edge of Erza's mighty blade! Whether they're stopping demons from devastating the world or wrestling in the mess hall, this mystical team manages to inflict as much damage to their rivals as they do to the surrounding area!



(Source: Funimation)",https://s4.anilist.co/file/anilistcdn/media/anime/cover/medium/b6702-KI4qgSMyI8Pm.png,https://s4.anilist.co/file/anilistcdn/media/anime/banner/6702-VSHyctSAeUBS.jpg,3.6,,,,,,,,,,,,,,,Action;Adventure;Comedy;Fantasy,Satelight,,,,,,,,,,,,
Dororo,どろろ,TVA,2019,24,COMPLETED,MAPPA,"Dororo, a young orphan thief, meets Hyakkimaru, a powerful ronin. Hyakkimaru's father, a greedy feudal lord, had made a pact with 12 demons, offering his yet-unborn son's body parts in exchange for great power. Thus, Hyakkimaru - who was born without arms, legs, eyes, ears, a nose or a mouth - was abandoned in a river as a baby. Rescued and raised by Dr. Honma, who equips him with artificial limbs and teaches him sword-fighting techniques, Hyakkimaru discovers that each time he slays a demon, a piece of his body is restored. Now, he roams the war-torn countryside in search of demons.",https://s4.anilist.co/file/anilistcdn/media/anime/cover/large/bx101347-TGaDwEYqLfm1.jpg,https://s4.anilist.co/file/anilistcdn/media/anime/banner/n101347-tHurKfTlhtFl.jpg,4.0,,,,,,,,,,,,,,,Action;Adventure;Drama;Supernatural,MAPPA,,,,,,,,,,,,
DAN DA DAN,ダンダダン,TVA,2024,12,COMPLETED,Science SARU,"This is a story about Momo, a high school girl who comes from a family of spirit mediums, and her classmate Okarun, an occult fanatic. After Momo rescues Okarun from being bullied, they begin talking. However, an argument ensues between them since Momo believes in ghosts but denies aliens exist, and Okarun believes in aliens but denies ghosts exist.



To prove to each other what they believe in is real, Momo goes to an abandoned hospital where a UFO has been spotted and Okarun goes to a tunnel rumored to be haunted. To their surprise, they each encounter overwhelming paranormal activities that transcend comprehension. Amid these predicaments, Momo awakens her hidden power and Okarun gains the power of a curse to overcome these new dangers! Their fateful love begins as well!?



The story of the occult battle and adolescence starts!


(Source: Crunchyroll) 



Notes: 

- Worldwide premiere of Episode 1 before the Japanese television premiere occurred at Anime Expo July 6, 2024. 

- Episodes 1-3 titled as DAN DA DAN: FIRST ENCOUNTER was pre-screened in advance in theaters on August 31, 2024 in Asia, September 7, 2024 in Europe and September 13, 2024 in North America. The regular TV broadcast began October 4, 2024.",https://s4.anilist.co/file/anilistcdn/media/anime/cover/large/bx171018-60q1B6GK2Ghb.jpg,https://s4.anilist.co/file/anilistcdn/media/anime/banner/171018-SpwPNAduszXl.jpg,4.2,,,,,,,,,,,,,,,Action;Comedy;Drama;Romance;Sci-Fi;Supernatural,Science SARU,,,,,,,,,,,,
Assassination Classroom Second Season,暗殺教室 第２期,TVA,2016,25,COMPLETED,Lerche,"The second season of Ansatsu Kyoushitsu.



The students return as school is back in session for the second semester. Following their exploits on the island during summer vacation, Class 3-E continues to sharpen their blades with their sights set on their teacher, the slippery Koro-sensei. They have more to worry about than just their teacher, however, as enemy assassins, both old and new, are out for the increased bounty on the octopus' head.



Moreover, their rivals in Class A, as well as Kunugigaoka Junior High's fearsome principal, stand to block Class E from achieving academic excellence. With all of these obstacles opposing them, the group must continue to work together in order to overcome their foes and accomplish their goal of successfully assassinating their teacher.",https://s4.anilist.co/file/anilistcdn/media/anime/cover/large/bx21170-kbcfTTZGSaFt.jpg,https://s4.anilist.co/file/anilistcdn/media/anime/banner/21170-3sLTirZD2J4K.jpg,4.2,,,,,,,,,,,,,,,Action;Comedy;Drama;Supernatural,Lerche,,,,,,,,,,,,
Demon Slayer: Kimetsu no Yaiba Swordsmith Village Arc,鬼滅の刃 刀鍛冶の里編,TVA,2023,11,COMPLETED,ufotable,"Adaptation of the Swordsmith Village Arc.



Tanjiro’s journey leads him to the Swordsmith Village, where he reunites with two Hashira, members of the Demon Slayer Corps’ highest-ranking swordsmen - Mist Hashira Muichiro Tokito and Love Hashira Mitsuri Kanroji. With the shadows of demons lurking near, a new battle begins for Tanjiro and his comrades.



Notes:

• The first episode has a runtime of ~49 minutes, and received an early premiere in cinemas worldwide as part of a special screening alongside the final two episodes of Kimetsu no Yaiba: Yuukaku-hen.

• The final episode has a runtime of ~52 minutes.",https://s4.anilist.co/file/anilistcdn/media/anime/cover/large/bx145139-rRimpHGWLhym.png,https://s4.anilist.co/file/anilistcdn/media/anime/banner/145139-V01Prh6UzfRk.jpg,4.0,,,,,,,,,,,,,,,Action;Adventure;Drama;Fantasy;Supernatural,ufotable,,,,,,,,,,,,
HAIKYU!! 3rd Season,ハイキュー!! 烏野高校 VS 白鳥沢学園高校,TVA,2016,10,COMPLETED,Production I.G,"After the victory against Aoba Jousai High, Karasuno High School, once called “a fallen powerhouse, a crow that can’t fly,” has finally reached the climax of the heated Spring tournament. Now, to advance to nationals, the Karasuno team has to defeat the powerhouse Shiratorizawa Academy. Karasuno’s greatest hurdle is their adversary’s ace, Wakatoshi Ushijima, the number one player in the Miyagi Prefecture, and one of the country’s top three aces.



Only the strongest team will make it to the national tournament. Since this match is the third-year players’ last chance to qualify for nationals, Karasuno has to use everything they learned during the training camp and prior matches to attain victory. Filled with restlessness and excitement, both teams are determined to come out on top in the third season of Haikyuu!!.



[Written by MAL Rewrite]",https://s4.anilist.co/file/anilistcdn/media/anime/cover/large/bx21698-RL71mr1YU5Io.png,https://s4.anilist.co/file/anilistcdn/media/anime/banner/21698-jVFRIHAENS5B.jpg,4.3,,,,,,,,,,,,,,,Comedy;Drama;Sports,Production I.G,,,,,,,,,,,,
Demon Slayer: Kimetsu no Yaiba Mugen Train Arc,鬼滅の刃 無限列車編 (TV),TVA,2021,7,COMPLETED,ufotable,"In Demon Slayer: Kimetsu no Yaiba Mugen Train Arc, Tanjiro Kamado and his fellow Demon Slayer members embark on a mission aboard the Infinity Train. Their new mission is to investigate a series of mysterious disappearances, carried out by a demon that has been terrorizing passengers and killing the demon slayers who oppose it.



Note: The first episode is entirely anime original. Episodes 2-7 are a re-edited version of the movie featuring new scenes and music.",https://s4.anilist.co/file/anilistcdn/media/anime/cover/large/bx129874-g6ZKXB94Hui1.jpg,https://s4.anilist.co/file/anilistcdn/media/anime/banner/129874-3ipZzS50i9Ta.jpg,4.1,,,,,,,,,,,,,,,Action;Adventure;Drama;Fantasy;Mystery;Supernatural,ufotable,,,,,,,,,,,,
Hell’s Paradise,地獄楽,TVA,2023,13,COMPLETED,MAPPA,"The Edo period is nearing its end. Gabimaru, a shinobi formerly known as the strongest in Iwagakure who is now a death row convict, is told that he will be acquitted and set free if he can bring back the Elixir of Life from an island that is rumored to be the Buddhist pure land Sukhavati. In hopes of reuniting with his beloved wife, Gabimaru heads to the island along with the executioner Yamada Asaemon Sagiri. Upon arriving there, they encounter other death row convicts in search of the Elixir of Life... as well as a host of unknown creatures, eerie manmade statues, and the hermits who rule the island. Can Gabimaru find the Elixir of Life on this mysterious island and make it back home alive?



(Source: Crunchyroll)",https://s4.anilist.co/file/anilistcdn/media/anime/cover/large/bx128893-Gc2t8b8M0mVu.jpg,https://s4.anilist.co/file/anilistcdn/media/anime/banner/128893-pAA7PjY8l7dy.jpg,4.0,,,,,,,,,,,,,,,Action;Adventure;Mystery;Supernatural,MAPPA,,,,,,,,,,,,
JoJo's Bizarre Adventure: Stardust Crusaders,ジョジョの奇妙な冒険 スターダストクルセイダース,TVA,2014,24,COMPLETED,david production,"In a Japanese jail sits 17-year-old Jotaro Kujo: punk, fighter, delinquent...and possessed by a force beyond his control! Around the world, evil spirits are awakening: ""Stands,"" monstrous invisible creatures which give their bearers incredible powers. To save his mother's life, Jotaro must tame his dark forces and travel around the world to Cairo, Egypt, where a hundred-year-old vampire thirsts for the blood of his family. But the road is long, and an army of evil Stand Users waits to kill JoJo and his friends...



(Source: VIZ Media)",https://s4.anilist.co/file/anilistcdn/media/anime/cover/large/bx20474-xuqem5GBlBtb.jpg,https://s4.anilist.co/file/anilistcdn/media/anime/banner/20474-peBLuUVAzNC3.jpg,4.0,,,,,,,,,,,,,,,Action;Adventure;Supernatural,david production,,,,,,,,,,,,
Monster,MONSTER,TVA,2004,74,COMPLETED,MADHOUSE,"Dr. Kenzo Tenma is a renowned Japanese brain surgeon working at a leading hospital in Germany. One night, Dr. Tenma risks his reputation and career to save the life of a critically wounded young boy over that of the town mayor who had been planning to support the hospital financially. A string of mysterious murders begin to occur soon after the operation, and Dr. Tenma emerges as the primary suspect despite no incriminating evidence. 



A doctor is taught to believe that all life is equal; however, when another series of murders occur in the surgeon's vicinity, Dr. Tenma's beliefs are shaken as his actions that night are shown to have much broader consequences than he could have imagined. Leaving behind his life as a surgeon he embarks on a journey across the country to unravel the mystery of the boy he saved.",https://s4.anilist.co/file/anilistcdn/media/anime/cover/large/bx19-gtMC64182sm4.jpg,https://s4.anilist.co/file/anilistcdn/media/anime/banner/19-kJhwsB0Z97tL.jpg,4.4,,,,,,,,,,,,,,,Drama;Horror;Mystery;Psychological;Thriller,MADHOUSE,,,,,,,,,,,,
Tower of God,神之塔 -Tower of God-,TVA,2020,13,COMPLETED,Telecom Animation Film,"There is a tower that summons chosen people called ""Regulars"" with the promise of granting their deepest desires. Whether it be wealth, fame, authority, or something that surpasses them all—everything awaits those who reach the top.



Twenty-Fifth Bam is a boy who had only known a dark cave, a dirty cloth, and an unreachable light his entire life. So when a girl named Rachel came to him through the light, his entire world changed. Becoming close friends with Rachel, he learned various things about the outside world from her. But when Rachel says she must leave him to climb the Tower, his world shatters around him. Vowing to follow after her no matter what it takes, he sets his sight on the tower, and a miracle occurs.



Thus begins the journey of Bam, a young boy who was not chosen by the Tower but opened its gates by himself. They call his kind ""Irregulars""—beings that have shaken the very foundation of the Tower each time they set foot inside it.",https://s4.anilist.co/file/anilistcdn/media/anime/cover/large/bx115230-QHOdSN7yt8ab.jpg,https://s4.anilist.co/file/anilistcdn/media/anime/banner/115230-wjDIxW77TLv3.jpg,3.7,,,,,,,,,,,,,,,Action;Adventure;Drama;Fantasy;Mystery,Telecom Animation Film,,,,,,,,,,,,
Dr. STONE: STONE WARS,Dr.STONE STONE WARS,TVA,2021,11,COMPLETED,TMS Entertainment,"The second season of Dr. STONE



Armed with the power of science and a genius intellect, Senkuu is determined to save humanity. However, Tsukasa’s empire goes on the offensive to halt the progress of science. Bolder choices are made as these two start a war that rocks the Stone World. 


(Source: Crunchyroll)",https://s4.anilist.co/file/anilistcdn/media/anime/cover/large/bx113936-D4eYd4XwslVI.jpg,https://s4.anilist.co/file/anilistcdn/media/anime/banner/113936-PpMtCY9kCwwV.jpg,4.0,,,,,,,,,,,,,,,Action;Adventure;Comedy;Sci-Fi,TMS Entertainment,,,,,,,,,,,,
Miss Kobayashi's Dragon Maid,小林さんちのメイドラゴン,TVA,2017,13,COMPLETED,Kyoto Animation,"What happens when a drunken promise leads to living with a dragon? That’s Miss Kobayashi’s new reality when Tohru appears in her life. With a maid-slash-dragon in her home, she’s experiencing a whole new level of domestic bliss! But the dragons don’t stop there. On a mission to find Tohru appears Kanna, a little dragon with a big attitude. Before she knows it, Kobayashi’s got a house full of dragons—one serving tail and the other serving serious moe! Together, they live side by side with only the occasional disaster…well, maybe. But nothing beats coming home to the warm welcome of a dragon maid!



(Source: Funimation)",https://s4.anilist.co/file/anilistcdn/media/anime/cover/large/bx21776-bwPaYKhnKfUs.png,https://s4.anilist.co/file/anilistcdn/media/anime/banner/21776-hI5smQyXFK7G.jpg,3.9,,,,,,,,,,,,,,,Comedy;Fantasy;Slice of Life,Kyoto Animation,,,,,,,,,,,,
Seraph of the End: Vampire Reign,終わりのセラフ,TVA,2015,12,COMPLETED,WIT STUDIO,"The story takes place in a world where an unknown virus has killed the entire human population except for children under 13. Those children were then enslaved by vampires. The manga centers on Yuichiro Hyakuya, a human who dreams of becoming strong enough to kill all vampires.



(Source: Anime News Network)",https://s4.anilist.co/file/anilistcdn/media/anime/cover/large/bx20829-pgsXVjrfyI5V.png,https://s4.anilist.co/file/anilistcdn/media/anime/banner/20829-1BRrVJAxlEKT.jpg,3.6,,,,,,,,,,,,,,,Action;Drama;Fantasy;Mystery;Supernatural,WIT STUDIO,,,,,,,,,,,,
SPY x FAMILY Cour 2,SPY×FAMILY 第2クール,TVA,2022,13,COMPLETED,WIT STUDIO,"The second half of SPYxFAMILY.



With Anya Forger successfully enrolled at the renowned Eden Academy, Operation Strix advances to its second phase. To investigate Ostanian politician Donovan Desmond, Anya must either befriend his son Damian or collect eight Stella Stars to become an Imperial Scholar. Fortunately, Anya has already acquired her first star. In celebration, her adoptive father, Loid, decides to fulfill her wish to adopt a dog.



During their canine search, Loid receives new orders from his superiors, who have found that a band of Berlint University students is plotting to assassinate Westalis' Minister Brantz using bombs worn by trained dogs. While Loid tries to stop their plans, Anya stumbles upon the terrorists' base of operations. There, she befriends a kindhearted, clairvoyant dog who the family later names Bond.



Although the Forgers continue to lead their individual lives in secrecy, the family—with a new fluffy addition—remains united through all of the unusual obstacles thrown their way.



(Source: MAL Rewrite)",https://s4.anilist.co/file/anilistcdn/media/anime/cover/large/bx142838-26JrqcFU1ljB.jpg,https://s4.anilist.co/file/anilistcdn/media/anime/banner/142838-tynuN00wxmKO.jpg,4.0,,,,,,,,,,,,,,,Action;Comedy;Slice of Life;Supernatural,WIT STUDIO,,,,,,,,,,,,
Wotakoi: Love is Hard for Otaku,ヲタクに恋は難しい,TVA,2018,11,COMPLETED,A-1 Pictures,"Having slept through all four of her alarms, the energetic Narumi Momose finds herself running late for her first day of work at a new office. As she races to catch her train, she makes a promise to herself that none of her coworkers will find out about her dark secret: that she is an otaku and a fujoshi. Her plan goes instantly awry, though, when she runs into Hirotaka Nifuji, an old friend from middle school. Although she tries to keep her secret by inviting him out for drinks after work, her cover is blown when he casually asks her whether or not she will be attending the upcoming Summer Comiket. Luckily for her, the only witnesses—Hanako Koyanagi and Tarou Kabakura—are otaku as well.



Later that night, the pair go out for drinks so that they can catch up after all the years apart. After Narumi complains about her previous boyfriend breaking up with her because he refused to date a fujoshi, Hirotaka suggests that she try dating a fellow otaku, specifically himself. He makes a solemn promise to always be there for her, to support her, and to help her farm for rare drops in Monster Hunter. Blown away by the proposal, Narumi agrees immediately. Thus the two otaku start dating, and their adorably awkward romance begins.



(Source: MAL Rewrite)",https://s4.anilist.co/file/anilistcdn/media/anime/cover/large/nx99578-oO5KChtfhzln.png,https://s4.anilist.co/file/anilistcdn/media/anime/banner/99578-8orFGgDq7NS8.jpg,3.9,,,,,,,,,,,,,,,Comedy;Romance;Slice of Life,A-1 Pictures,,,,,,,,,,,,
The Promised Neverland Season 2,約束のネバーランド2,TVA,2021,11,COMPLETED,CloverWorks,"The second season of Yakusoku no Neverland.



Fifteen children escape Grace Field House, a false paradise, hoping for a chance at freedom. Instead, they encounter plants and animals they have never before seen, and are chased by demons. The outside world is so beautiful, and yet is almost too cruel to face.



Even so, the children refuse to give up. They are guided in their search for better lives only by a message from Minerva and a pen Norman left behind in order to fulfill their promise to return to the House to save those of their family who are still trapped within.


(Source: Aniplex of America)



Note: Episode 1 streamed early on Amazon Prime on Jan 7, 2021. The regular TV broadcast started on Jan 8, 2021.",https://s4.anilist.co/file/anilistcdn/media/anime/cover/large/bx108725-ZKivuyr4Jtc9.jpg,https://s4.anilist.co/file/anilistcdn/media/anime/banner/108725-lg940Urvxzfu.jpg,2.6,,,,,,,,,,,,,,,Action;Adventure;Drama;Fantasy;Horror;Psychological;Thriller,CloverWorks,,,,,,,,,,,,
Oshi No Ko,【推しの子】,TVA,2023,11,COMPLETED,Doga Kobo,"When a pregnant young starlet appears in Gorou Amemiya’s countryside medical clinic, the doctor takes it upon himself to safely (and secretly) deliver Ai Hoshino’s child so she can make a scandal-free return to the stage. But no good deed goes unpunished, and on the eve of her delivery, he finds himself slain at the hands of Ai’s deluded stalker — and subsequently reborn as Ai’s child, Aquamarine Hoshino! The glitz and glamor of showbiz hide the dark underbelly of the entertainment industry, threatening to dull the shine of his favorite star. Can he help his new mother rise to the top of the charts? And what will he do when unthinkable disaster strikes? 



(Source: HIDIVE)




Note: Episode 1【推しの子】Mother and Children was pre-screened in advance in Japanese theaters on March 17, 2023. The regular TV broadcast began on April 12, 2023. The first episode has an extended runtime of ~82 minutes.",https://s4.anilist.co/file/anilistcdn/media/anime/cover/large/bx150672-WqmmwZ4nMzAy.png,https://s4.anilist.co/file/anilistcdn/media/anime/banner/150672-ISwoA0eS722H.jpg,4.2,,,,,,,,,,,,,,,Drama;Mystery;Psychological;Supernatural,Doga Kobo,,,,,,,,,,,,
Komi Can’t Communicate,古見さんは、コミュ症です。,TVA,2021,12,COMPLETED,OLM,"Timid Tadano is a total wallflower, and that’s just the way he likes it. But all that changes when he finds himself alone in a classroom on the first day of high school with the legendary Komi. He quickly realizes she isn’t aloof—she’s just super awkward. Now he’s made it his mission to help her on her quest to make 100 friends!



(Source: VIZ Media)",https://s4.anilist.co/file/anilistcdn/media/anime/cover/large/bx133965-9TZBS4m4yvED.png,https://s4.anilist.co/file/anilistcdn/media/anime/banner/133965-spTi0WE7jR0r.jpg,3.8,,,,,,,,,,,,,,,Comedy;Romance;Slice of Life,OLM,,,,,,,,,,,,
BLUE LOCK,ブルーロック,TVA,2022,24,COMPLETED,8-bit,"Japan’s desire for World Cup glory leads the Japanese Football Association to launch a new rigorous training program to find the national team’s next striker. Three hundred high school players are pitted against each other for the position, but only one will come out on top. Who among them will be the striker to usher in a new era of Japanese soccer?



(Source: Crunchyroll)",https://s4.anilist.co/file/anilistcdn/media/anime/cover/large/bx137822-U8naszP96vzC.png,https://s4.anilist.co/file/anilistcdn/media/anime/banner/137822-oevspckMGLuY.jpg,4.0,,,,,,,,,,,,,,,Action;Drama;Sports,8-bit,,,,,,,,,,,,
To Your Eternity,不滅のあなたへ,TVA,2021,20,COMPLETED,Brain's Base,"In the beginning, an ""orb"" is cast unto Earth. ""It"" can do two things: change into the form of the thing that stimulates ""it""; and come back to life after death. ""It"" morphs from orb to rock, then to wolf, and finally to boy, but roams about like a newborn who knows nothing. As a boy, ""it"" becomes Fushi.



Through encounters with human kindness, Fushi not only gains survival skills but grows as a ""person"". But his journey is darkened by the inexplicable and destructive enemy Nokker and cruel partings with the people he loves.



(Source: Crunchyroll)",https://s4.anilist.co/file/anilistcdn/media/anime/cover/large/bx114535-y3NnjexcqKG1.jpg,https://s4.anilist.co/file/anilistcdn/media/anime/banner/114535-ASUprf4AsNwC.jpg,4.0,,,,,,,,,,,,,,,Adventure;Drama;Fantasy;Psychological;Supernatural,Brain's Base,,,,,,,,,,,,
The Quintessential Quintuplets,五等分の花嫁,TVA,2019,12,COMPLETED,Tezuka Productions,"Uesugi Fuutarou, a high school second-year from a poor family, receives a highly appealing offer to work part-time as a tutor... but his students turn out to be girls from his own class! What's more, they're quintuplets... and all five are beautiful, but happen to be problem students who have borderline grades and hate studying! Looks like his first assignment will be to win all the sisters' trust?! Every day is a wild party in this rom-com centering around the quintuplet sisters of the Nakano household!


(Source: Crunchyroll)",https://s4.anilist.co/file/anilistcdn/media/anime/cover/large/bx103572-cchriAdH95cQ.png,https://s4.anilist.co/file/anilistcdn/media/anime/banner/103572-qRtBguYOOR2j.jpg,3.8,,,,,,,,,,,,,,,Comedy;Drama;Romance;Slice of Life,Tezuka Productions,,,,,,,,,,,,
JoJo's Bizarre Adventure: Diamond is Unbreakable,ジョジョの奇妙な冒険 ダイヤモンドは砕けない,TVA,2016,39,COMPLETED,david production,"JoJo no Kimyou na Bouken: Diamond wa Kudakenai adapts the fourth part of the JoJo no Kimyou na Bouken manga series.



It's the year 1999, 11 years after Jotaro Kujo's desperate fight against DIO in Egypt. Jotaro meets with Josuke Higashikata, the illegitimate son of his grandfather Joseph Joestar. He discovers that Josuke also has the same ""Stand"" power and that a new threat is surfacing in Morioh City.



(Source: Anime News Network)",https://s4.anilist.co/file/anilistcdn/media/anime/cover/large/bx21450-D7XFwEQjZ5GA.jpg,https://s4.anilist.co/file/anilistcdn/media/anime/banner/21450-5mgIkvOWnF9Z.jpg,4.2,,,,,,,,,,,,,,,Action;Adventure;Drama;Mystery;Supernatural,david production,,,,,,,,,,,,
Noragami Aragoto,ノラガミ ARAGOTO,TVA,2015,13,COMPLETED,bones,"The second season of Noragami.



Life for minor god Yato isn't getting any easier. He's still broke, shrineless, and his partner-slash-sword-regalia has zero respect for him. Worse yet, Bishamon, one of the deadliest war gods, is after his life. Blaming him for the death of her past regalia, she won't stop until she kills him. But there's more to that story than she could ever realize. And as if that's not bad enough, there's someone working against her behind the scenes! Can Yato take on a god as powerful as Bishamon? Or will things take a more dangerous turn?



Between all of this godly drama and even more dangerous battles, Yato still needs to figure out how to help Hiyori. But all options lead to losing her, and he's not willing to make that choice – no matter what.



Five yen doesn't even begin to cover his trouble!



(Source: Funimation)",https://s4.anilist.co/file/anilistcdn/media/anime/cover/large/bx21128-eQgH3TG4nngo.jpg,https://s4.anilist.co/file/anilistcdn/media/anime/banner/21128-CulsnPASGUoe.jpg,4.0,,,,,,,,,,,,,,,Action;Adventure;Comedy;Supernatural,bones,,,,,,,,,,,,
Fruits Basket (2019),フルーツバスケット 1st Season,TVA,2019,25,COMPLETED,TMS Entertainment,"Tohru Honda thought her life was headed for misfortune when a family tragedy left her living in a tent. When her small home is discovered by the mysterious Soma clan, she suddenly finds herself living with Yuki, Kyo, and Shigure Soma. But she quickly learns their family has a bizarre secret of their own: when hugged by the opposite sex, they turn into the animals of the Zodiac!



(Source: Crunchyroll)",https://s4.anilist.co/file/anilistcdn/media/anime/cover/large/bx105334-AZwEdMu4KFtV.jpg,https://s4.anilist.co/file/anilistcdn/media/anime/banner/105334-dPfrCyZ8GkOI.jpg,4.1,,,,,,,,,,,,,,,Comedy;Drama;Romance;Slice of Life;Supernatural,TMS Entertainment,,,,,,,,,,,,
BANANA FISH,BANANA FISH,TVA,2018,24,COMPLETED,MAPPA,"Nature made Ash Lynx beautiful; nurture made him a cold ruthless killer. A runaway brought up as the adopted heir and sex toy of ""Papa"" Dino Golzine, Ash, now at the rebellious age of seventeen, forsakes the kingdom held out by the devil who raised him. But the hideous secret that drove Ash's older brother mad in Vietnam has suddenly fallen into Papa's insatiably ambitious hands—and it's exactly the wrong time for Eiji Okamura, a pure-hearted young photographer from Japan, to make Ash Lynx's acquaintance...



(Source: VIZ Media)",https://s4.anilist.co/file/anilistcdn/media/anime/cover/large/bx100388-hjkg1AnlJR5z.jpg,https://s4.anilist.co/file/anilistcdn/media/anime/banner/100388-CR4PUEz1Nzsl.jpg,4.2,,,,,,,,,,,,,,,Action;Drama;Psychological;Thriller,MAPPA,,,,,,,,,,,,
Rent-a-Girlfriend,彼女、お借りします,TVA,2020,12,COMPLETED,TMS Entertainment,"Kinoshita Kazuya is a 20-year-old failure of a college student. He managed to kiss his girlfriend once, but was dumped after a month. ""Ugh... Damn it. I never want to go through that again."" 



Completely spiteful, Kazuya uses a certain method to date a girl. He goes to their meeting place and suddenly hears, ""You're Kazuya-kun, right?"" A beautiful girl brushing her long, black hair behind her ear was there, smiling at him. Her name was Mizuhara Chizuru. Something real is born after just a single rental! A reckless rom-com filled with love and excitement is about to begin!



(Source: Crunchyroll)",https://s4.anilist.co/file/anilistcdn/media/anime/cover/large/bx113813-SnljeXpU3Pw7.jpg,https://s4.anilist.co/file/anilistcdn/media/anime/banner/113813-Al8VofQuNQHV.jpg,3.3,,,,,,,,,,,,,,,Comedy;Drama;Romance,TMS Entertainment,,,,,,,,,,,,
Tokyo Ghoul:re,東京喰種-トーキョーグール-:re,TVA,2018,12,COMPLETED,Studio Pierrot,"Two years have passed since the CCG’s raid on Anteiku. Although the atmosphere in Tokyo has changed drastically due to the increased influence of the CCG, ghouls continue to pose a problem as they have begun taking caution, especially the terrorist organization Aogiri Tree, who acknowledge the CCG’s growing threat to their existence.
The creation of a special team, known as the Quinx Squad, may provide the CCG with the push they need to exterminate Tokyo’s unwanted residents. As humans who have undergone surgery in order to make use of the special abilities of ghouls, they participate in operations to eradicate the dangerous creatures. The leader of this group, Haise Sasaki, is a half-ghoul, half-human who has been trained by famed special class investigator, Kishou Arima. However, there’s more to this young man than meets the eye, as unknown memories claw at his mind, slowly reminding him of the person he used to be.",https://s4.anilist.co/file/anilistcdn/media/anime/cover/large/nx100240-vJNaKd5HwPJ2.jpg,https://s4.anilist.co/file/anilistcdn/media/anime/banner/100240-aHnY7a5EutPU.jpg,3.1,,,,,,,,,,,,,,,Action;Horror;Mystery;Psychological;Supernatural,Studio Pierrot,,,,,,,,,,,,
Fire Force Season 2,炎炎ノ消防隊 弐ノ章,TVA,2020,24,COMPLETED,david production,"Shinra and Company 8 have figured out the Evangelist’s goal: to gather Adolla Bursts from Shinra and Shou. After learning more about his past from Captain Burns, Shinra becomes more motivated to discover the truth about his mother and save Shou again.



But a mysterious girl known as the “First Pillar” reveals the Evangelist’s master plan to start another Great Cataclysm!



(Source: Funimation)",https://s4.anilist.co/file/anilistcdn/media/anime/cover/large/bx114236-wfQOWF0Ii3h2.png,https://s4.anilist.co/file/anilistcdn/media/anime/banner/114236-6nbw38bHeXYQ.jpg,3.9,,,,,,,,,,,,,,,Action;Drama;Sci-Fi;Supernatural,david production,,,,,,,,,,,,
The God of High School,THE GOD OF HIGH SCHOOL ゴッド・オブ・ハイスクール,TVA,2020,13,COMPLETED,MAPPA,"It all began as a fighting tournament to seek out for the best fighter among all high school students in Korea. Mori Jin, a Taekwondo specialist and a high school student, soon learns that there is something much greater beneath the stage of the tournament.

(Source: WEBTOON)",https://s4.anilist.co/file/anilistcdn/media/anime/cover/large/bx116006-Wt8JSA1ZQxlM.png,https://s4.anilist.co/file/anilistcdn/media/anime/banner/116006-e7ZL1RJnabp1.jpg,3.5,,,,,,,,,,,,,,,Action;Fantasy,MAPPA,,,,,,,,,,,,
JoJo's Bizarre Adventure: Golden Wind,ジョジョの奇妙な冒険 黄金の風,TVA,2018,39,COMPLETED,david production,"The fifth story arc of the long-running JoJo's Bizarre Adventure series.


Giorno Giovanna, a young man living in Naples, has the blood of DIO -- the eternal enemy of the Joestar clan -- running in his veins. Giorno becomes a delinquent due to being persecuted since childhood. However, he's led back onto the right path thanks to a gangster who saved him and taught him to believe in others. Bizarrely enough, this gang of people who didn't forget honor, gratitude, and respect made him reform. This is how Giorno came to admire gangsters. In the backstreets of Italy, Giorno causes trouble alongside his gang ""Passione,"" and ends up being targeted...


(Source: Anime News Network)",https://s4.anilist.co/file/anilistcdn/media/anime/cover/large/bx102883-S9KzdMJhDswJ.png,https://s4.anilist.co/file/anilistcdn/media/anime/banner/102883-8ffuBLnY5vNR.jpg,4.2,,,,,,,,,,,,,,,Action;Adventure;Drama;Mystery;Supernatural,david production,,,,,,,,,,,,
Gintama,銀魂,TVA,2006,201,COMPLETED,Sunrise,"Life isn't easy in feudal Japan... especially since the aliens landed and conquered everything! Oh sure, the new health care is great, but the public ban on the use of swords has left a lot of defeated samurai with a difficult decision to make concerning their future career paths! This is especially true if, as in the case of Gintoki Sakata, they're not particularly inclined towards holding a day job, which is why Gintoki's opted for the freelance route, taking any job that's offered to him as long as the financial remuneration sounds right. Unfortunately, in a brave new world filled with stray bug-eyed monsters, upwardly mobile Yakuza and overly ambitious E.T. entrepreneurs, those jobs usually don't pay as well as they should for the pain, suffering and indignities endured!


(Source: Sentai Filmworks)",https://s4.anilist.co/file/anilistcdn/media/anime/cover/large/bx918-iOaeBVUn4uK7.jpg,https://s4.anilist.co/file/anilistcdn/media/anime/banner/918-bljqHE1PFArH.jpg,4.2,,,,,,,,,,,,,,,Action;Comedy;Drama;Sci-Fi,Sunrise,,,,,,,,,,,,
HAIKYU!! TO THE TOP,ハイキュー!! TO THE TOP,TVA,2020,13,COMPLETED,Production I.G,"The fourth season of Haikyuu!!

The Karasuno High School Volleyball Club finally won their way into the nationals after an intense battle for the Miyagi Prefecture Spring Tournament qualifiers. As they were preparing for the nationals, Kageyama is invited to go to All-Japan Youth Training Camp. At the same time, Tsukishima is invited to go to a special rookie select training camp for first-years in Miyagi Prefecture. Hinata feels panic that he’s being left behind as one of the first-years and then decides to show up at the Miyagi Prefecture rookie select training camp anyway... 

(Source: Crunchyroll)",https://s4.anilist.co/file/anilistcdn/media/anime/cover/large/bx106625-UR22wB2NuNVi.png,https://s4.anilist.co/file/anilistcdn/media/anime/banner/106625-wab2Mx4NQqPQ.jpg,4.2,,,,,,,,,,,,,,,Comedy;Drama;Sports,Production I.G,,,,,,,,,,,,
JoJo's Bizarre Adventure: Stardust Crusaders - Battle in Egypt,ジョジョの奇妙な冒険 スターダストクルセイダース エジプト編,TVA,2015,24,COMPLETED,david production,"After 30 days of travel across the world, plagued with countless battles, Jotaro and his companions have finally arrived in Egypt! Now only the strongest ""Stand"" users remain to rebuff our heroes' final march on Cairo: The Nine Egyptian Gods, Dio's most zealous servants. Will the Joestar line fall to the monstrous vampire, or can Jotaro defeat Dio and save his mother's life?



(Source: Crunchyroll)",https://s4.anilist.co/file/anilistcdn/media/anime/cover/large/bx20799-S1eyqBDlx51E.jpg,https://s4.anilist.co/file/anilistcdn/media/anime/banner/20799-Fc9I1XG4TWtJ.jpg,4.2,,,,,,,,,,,,,,,Action;Adventure;Drama;Supernatural,david production,,,,,,,,,,,,
Kaguya-sama: Love is War -Ultra Romantic-,かぐや様は告らせたい-ウルトラロマンティック-,TVA,2022,13,COMPLETED,A-1 Pictures,"The elite members of Shuchiin Academy's student council continue their competitive day-to-day antics. Council president Miyuki Shirogane clashes daily against vice-president Kaguya Shinomiya, each fighting tooth and nail to trick the other into confessing their romantic love. Kaguya struggles within the strict confines of her wealthy, uptight family, rebelling against her cold default demeanor as she warms to Shirogane and the rest of her friends.



Meanwhile, council treasurer Yuu Ishigami suffers under the weight of his hopeless crush on Tsubame Koyasu, a popular upperclassman who helps to instill a new confidence in him. Miko Iino, the newest student council member, grows closer to the rule-breaking Ishigami while striving to overcome her own authoritarian moral code.



As love further blooms at Shuchiin Academy, the student council officers drag their outsider friends into increasingly comedic conflicts.



(Source: MAL Rewrite)



Note: The first episode had an advanced screening on April 2, in both New York & Los Angeles.",https://s4.anilist.co/file/anilistcdn/media/anime/cover/large/bx125367-1yuq9NFcQuLI.png,https://s4.anilist.co/file/anilistcdn/media/anime/banner/125367-hGPJLSNfprO3.jpg,4.5,,,,,,,,,,,,,,,Comedy;Psychological;Romance;Slice of Life,A-1 Pictures,,,,,,,,,,,,
Maid-Sama!,会長はメイド様!,TVA,2010,26,COMPLETED,J.C.STAFF,"Being the first female student council president isn't easy, especially when your school just transitioned from an all boys high school to a co-ed one. Aptly nicknamed ""Demon President"" by the boys for her strict disciplinary style, Misaki Ayuzawa is not afraid to use her mastery of Aikido techniques to cast judgment onto the hordes of misbehaving boys and defend the girls at Seika High School.



Yet even the perfect Ayuzawa has an embarrassing secret—she works part-time as a maid at a maid café to help her struggling family pay the bills. She has managed to keep her job hidden from her fellow students and maintained her flawless image as a stellar student until one day, Takumi Usui, the most popular boy in school, walks into the maid café. He could destroy her reputation with her secret... or he could twist the student council president around his little finger and use her secret as an opportunity to get closer to her.


(Source: MAL Rewrite)",https://s4.anilist.co/file/anilistcdn/media/anime/cover/large/bx7054-GW4D7VAZG19W.png,https://s4.anilist.co/file/anilistcdn/media/anime/banner/7054-iTfiX8juTvRV.jpg,3.9,,,,,,,,,,,,,,,Comedy;Drama;Romance,J.C.STAFF,,,,,,,,,,,,
The Seven Deadly Sins: Revival of the Commandments,七つの大罪 戒めの復活,TVA,2018,24,COMPLETED,A-1 Pictures,"Melodias, Hawk, and Elizabeth retook the Kingdom of Leones from the Holy Knights. The festival went off without a hitch and the crew enjoyed their well-earned peace. And yet, another threat looms on the horizon. The Ten Commandments, a group of elite demon clan warriors, have their sights set on the kingdom.



(Source: Anime News Network)",https://s4.anilist.co/file/anilistcdn/media/anime/cover/large/bx99539-caPX28RSsgRP.jpg,https://s4.anilist.co/file/anilistcdn/media/anime/banner/99539-ermF56v2Gz2p.png,3.6,,,,,,,,,,,,,,,Action;Adventure;Comedy;Ecchi;Fantasy;Supernatural,A-1 Pictures,,,,,,,,,,,,
High School of the Dead,学園黙示録HIGHSCHOOL OF THE DEAD,TVA,2010,12,COMPLETED,MADHOUSE,"The lockers are splattered with blood, the student bodies are piling up and that's not mystery meat they're eating in the cafeteria… it's the faculty! And that's just the start of the worst day of school ever when a nightmarish virus is unleashed, turning humans into flesh eating zombies and converting Fujimi High School into a literal hell on Earth. Now it's a crash course in survival, and the only test or skill that matters is the ability to keep moving, breathing and fighting. Because if nerds, jocks and the surviving staff can't find a way to work together to escape this carnal house of education, they're all going to end up on the menu. And that's assuming there's anyplace safe left to escape to.



(Source: Sentai Filmworks)",https://s4.anilist.co/file/anilistcdn/media/anime/cover/large/bx8074-YB63Ik96fjPj.png,https://s4.anilist.co/file/anilistcdn/media/anime/banner/8074-g8bVkL09nkdw.jpg,3.4,,,,,,,,,,,,,,,Action;Drama;Ecchi;Horror;Romance;Supernatural,MADHOUSE,,,,,,,,,,,,
Kuroko's Basketball,黒子のバスケ,TVA,2012,25,COMPLETED,Production I.G,"Teikou Junior High School's basketball team is crowned champion three years in a row thanks to five outstanding players who, with their breathtaking and unique skills, leave opponents in despair and fans in admiration. However, after graduating, these teammates, known as ""The Generation of Miracles"", go their separate ways and now consider each other as rivals.



At Seirin High School, two newly recruited freshmen prove that they are not ordinary basketball players: Taiga Kagami, a promising player returning from the US, and Tetsuya Kuroko, a seemingly ordinary student whose lack of presence allows him to move around unnoticed. Although Kuroko is neither athletic nor able to score any points, he was a member of Teikou's basketball team, where he played as the ""Phantom Sixth Man,"" who easily passed the ball and assisted his teammates.



Kuroko no Basket follows the journey of Seirin's players as they attempt to become the best Japanese high school team by winning the Interhigh Championship. To reach their goal, they have to cross pathways with several powerful teams, some of which have one of the five players with godlike abilities, whom Kuroko and Taiga make a pact to defeat.



(Source: MAL Rewrite)",https://s4.anilist.co/file/anilistcdn/media/anime/cover/large/bx11771-uvr44RAwRxPw.jpg,https://s4.anilist.co/file/anilistcdn/media/anime/banner/11771-Bjm9Q0ow0nEh.jpg,3.9,,,,,,,,,,,,,,,Comedy;Sports,Production I.G,,,,,,,,,,,,
MASHLE: MAGIC AND MUSCLES,マッシュル-MASHLE-,TVA,2023,12,COMPLETED,A-1 Pictures,"This is a world of magic. This is a world in which magic is casually used by everyone.


In a deep, dark forest in this world of magic, there is a boy who is singlemindedly working out. His name is Mash Burnedead, and he has a secret. He can’t use magic. 


All he wanted was to live a quiet life with his family, but people suddenly start trying to kill him one day and he somehow finds himself enrolled in Magic School. There, he sets his sights on becoming a “Divine Visionary,” the elite of the elite. 

 Will his ripped muscles work against the best and brightest of the wizarding world? The curtain rises on this off-kilter magical fantasy in which the power of being jacked crushes any spell!



(Source: Crunchyroll)",https://s4.anilist.co/file/anilistcdn/media/anime/cover/large/bx151801-XxVf22Le6C8o.png,https://s4.anilist.co/file/anilistcdn/media/anime/banner/151801-zBFaJMIJFWfS.jpg,3.8,,,,,,,,,,,,,,,Action;Comedy;Fantasy,A-1 Pictures,,,,,,,,,,,,
K-ON!,けいおん!,TVA,2009,13,COMPLETED,Kyoto Animation,"Hirasawa Yui, a young, carefree girl entering high school, has her imagination instantly captured when she sees a poster advertising the ‘Light Music Club’. Being the carefree girl that she is, she quickly signs up. However, Yui has a problem, she is unable to play an instrument.


When Yui goes to the clubroom to explain, she's greeted by the other members: Ritsu, Mio and Tsumugi. Although disheartened at Yui’s lack of musical know-how, they still try to convince her to stay to prevent the club’s disbandment. After playing Yui a short piece which re-ignites her imagination, they succeed in keeping their new member and guitarist.


Along with the tasks of school and homework, Yui begins to learn the guitar with the help of the other band members, experiencing many mishaps along the way. However, with the school-festival drawing near and Yui getting stuck with her practice, will the Light Music Club be ready in time for their debut?


(Source: MAL Rewrite)",https://s4.anilist.co/file/anilistcdn/media/anime/cover/large/bx5680-r3AI3Cwfv0Aq.png,https://s4.anilist.co/file/anilistcdn/media/anime/banner/5680-Mc9n4eFI4i0Y.jpg,3.9,,,,,,,,,,,,,,,Comedy;Music;Slice of Life,Kyoto Animation,,,,,,,,,,,,
Elfen Lied,エルフェンリート,TVA,2004,13,COMPLETED,ARMS,"The Diclonius, a mutated homosapien that is said to be selected by God and will eventually become the destruction of mankind, possess two horns on their heads and have a ""sixth sense"" which gives them telekinetic abilities. Due to this dangerous power, they have been captured and isolated in laboratories by the government. Lucy, a young and psychotic Diclonius, manages to break free of her confines and brutally murders most of the guards in the laboratory where she is being held, only to be shot in the head as she makes her escape. She survives, falling off a cliff into the ocean and manages to drift along to a beach where two teenagers, Kouta and Yuka, discover her. Having lost her memories, she was named after the only thing that she can now say, ""Nyuu,"" and the two allow her to stay at Kouta's home. However, it appears that the psychotic side of Lucy is not dead just yet... 


(Source: ANN - Revised)",https://s4.anilist.co/file/anilistcdn/media/anime/cover/large/bx226-MibyRKhIrnTe.png,https://s4.anilist.co/file/anilistcdn/media/anime/banner/226.jpg,3.4,,,,,,,,,,,,,,,Action;Drama;Ecchi;Horror;Psychological;Romance;Supernatural,ARMS,,,,,,,,,,,,
Call of the Night,よふかしのうた,TVA,2022,13,COMPLETED,LIDENFILMS,"Wracked by insomnia and wanderlust, Kou Yamori is driven onto the moonlit streets every night in an aimless search for something he can’t seem to name. His nightly ritual is marked by purposeless introspection — until he meets Nazuna, who might just be a vampire! Kou’s new companion could offer him dark gifts and a vampire’s immortality. But there are conditions that must be met before Kou can sink his teeth into vampirism, and he’ll have to discover just how far he’s willing to go to satisfy his desires before he can heed the Call of the Night!



(Source: Sentai Filmworks)",https://s4.anilist.co/file/anilistcdn/media/anime/cover/large/bx141391-M3ZgUKTPENUk.jpg,https://s4.anilist.co/file/anilistcdn/media/anime/banner/141391-JErChZ8G3b49.jpg,4.0,,,,,,,,,,,,,,,Comedy;Psychological;Romance;Slice of Life;Supernatural,LIDENFILMS,,,,,,,,,,,,
Kaiju No. 8,怪獣８号,TVA,2024,12,COMPLETED,Production I.G,"With the highest kaiju-emergence rates in the world, Japan is no stranger to attack by deadly monsters. Enter the Japan Defense Force, a military organization tasked with the neutralization of kaiju. Kafka Hibino, a kaiju-corpse cleanup man, has always dreamed of joining the force. But when he gets another shot at achieving his childhood dream, he undergoes an unexpected transformation. How can he fight kaiju now that he’s become one himself?!



(Source: VIZ Media)",https://s4.anilist.co/file/anilistcdn/media/anime/cover/large/bx153288-25FBfFJzEQ5O.jpg,https://s4.anilist.co/file/anilistcdn/media/anime/banner/153288-JNsWuMPMAuJL.jpg,4.0,,,,,,,,,,,,,,,Action;Sci-Fi,Production I.G,,,,,,,,,,,,
Vinland Saga Season 2,ヴィンランド・サガ SEASON2,TVA,2023,24,COMPLETED,MAPPA,"The second season of Vinland Saga. 


After his father's death and the destruction of his village at the hands of English raiders, Einar wishes for a peaceful life with his family on their newly rebuilt farms. However, fate has other plans: his village is invaded once again. Einar watches helplessly as the marauding Danes burn his lands and slaughter his family. The invaders capture Einar and take him back to Denmark as a slave.



Einar clings to his mother's final words to survive. He is purchased by Ketil, a kind slave owner and landlord who promises that Einar can regain his freedom in return for working in the fields. Soon, Einar encounters his new partner in farm cultivation—Thorfinn, a dejected and melancholic slave. As Einar and Thorfinn work together toward their freedom, they are haunted by both sins of the past and the ploys of the present. Yet they carry on, grasping for a glimmer of hope, redemption, and peace in a world that is nothing but unjust and unforgiving.



(Source: MAL Rewrite)",https://s4.anilist.co/file/anilistcdn/media/anime/cover/large/bx136430-gsBsJjA7hGh9.jpg,https://s4.anilist.co/file/anilistcdn/media/anime/banner/136430-ktoFZnyubhHg.jpg,4.4,,,,,,,,,,,,,,,Action;Adventure;Drama,MAPPA,,,,,,,,,,,,
Nisekoi,ニセコイ,TVA,2014,20,COMPLETED,Shaft,"As a child, Raku Ichijo made a secret promise with his childhood sweetheart, keeping a pendant as a memento while his love took the key. He dreams of one day meeting his past love, but years later, reality smashes his hopes when Chitoge Kirisaki accidentally knees him in the face...


Though Raku's a normal high schooler, his family heads the notorious yakuza gang the Shuei-Gumi faction! And he's dragged into family affairs when he's forced into a relationship with Chitoge, the daughter of a rival gang's boss!


Despite their constant spats, the two somehow fool everyone with their false relationship. Raku then discovers that Chitoge has a mysterious key from her past, which she can't remember... Plus, two other girls appear with keys as well—Kosaki Onodera and Marika Tachibana!


Caught in the midst of this love maelstrom, even more complications arise for Raku when his class decides on Romeo and Juliet as the class's play for the school festival. Can the two false lovebirds pull off the impossible and make the play a success?


(Source: VIZ Media)",https://s4.anilist.co/file/anilistcdn/media/anime/cover/large/bx18897-G2Fx2ZACsXBU.jpg,https://s4.anilist.co/file/anilistcdn/media/anime/banner/18897-h3TRFmkGYLkd.jpg,3.6,,,,,,,,,,,,,,,Comedy;Romance;Slice of Life,Shaft,,,,,,,,,,,,
"DON'T TOY WITH ME, MISS NAGATORO",イジらないで、長瀞さん,TVA,2021,12,COMPLETED,Telecom Animation Film,"""A girl in a lower grade just made me cry!""



One day, Senpai visits the library after school and becomes the target of a super sadistic junior! The name of the girl who teases, torments, and tantalizes Senpai is ""Nagatoro!"" She's annoying yet adorable. It's painful, but you still want to be by her side. This is a story about an extremely sadistic and temperamental girl and you'll feel something awaken inside of you.



(Source: Crunchyroll)",https://s4.anilist.co/file/anilistcdn/media/anime/cover/large/bx120697-BA2TqxB1I5bJ.jpg,https://s4.anilist.co/file/anilistcdn/media/anime/banner/120697-EuMfBYXLANeS.jpg,3.5,,,,,,,,,,,,,,,Comedy;Romance;Slice of Life,Telecom Animation Film,,,,,,,,,,,,
Demon Slayer: Kimetsu no Yaiba Hashira Training Arc,鬼滅の刃 柱稽古編,TVA,2024,8,COMPLETED,ufotable,"Adaptation of the Hashira Training Arc.



The Hashira, the Demon Slayer Corps' highest ranking swordsmen and members. The Hashira Training has begun in order to face the forthcoming battle against Muzan Kibutsuji. Each with their own thoughts and hopes held in their hearts, a new story for Tanjiro and the Hashira begins.


(Source: Aniplex USA)


Note: The first episode received an early premiere in cinemas as part of a special screening alongside the final episode of Kimetsu no Yaiba: Katanakaji no Sato-hen.",https://s4.anilist.co/file/anilistcdn/media/anime/cover/large/bx166240-PBV7zukIHW7V.png,https://s4.anilist.co/file/anilistcdn/media/anime/banner/166240-YdxoEhrfwNk0.jpg,4.0,,,,,,,,,,,,,,,Action;Adventure;Drama;Fantasy;Supernatural,ufotable,,,,,,,,,,,,
Fullmetal Alchemist,鋼の錬金術師,TVA,2003,51,COMPLETED,bones,"The rules of alchemy state that to gain something, one must lose something of equal value. Alchemy is the process of taking apart and reconstructing an object into a different entity, with the rules of alchemy to govern this procedure. However, there exists an object that can bring any alchemist above these rules, the object known as the Philosopher's Stone. The young Edward Elric is a particularly talented alchemist who through an accident years back lost his younger brother Alphonse and one of his legs. Sacrificing one of his arms as well, he used alchemy to bind his brother's soul to a suit of armor. This lead to the beginning of their journey to restore their bodies, in search for the legendary Philosopher's Stone.



Note: Episodes 11, 12 and 37 were adapted from the light novel ""Fullmetal Alchemist: The Land of Sand.""",https://s4.anilist.co/file/anilistcdn/media/anime/cover/large/bx121-zjmixZ428Mwv.png,https://s4.anilist.co/file/anilistcdn/media/anime/banner/121-t5K7c8WRuPWl.jpg,4.0,,,,,,,,,,,,,,,Action;Adventure;Drama;Fantasy,bones,,,,,,,,,,,,
My Hero Academia Season 6,僕のヒーローアカデミア６,TVA,2022,25,COMPLETED,bones,"With Tomura Shigaraki at its helm, the former Liberation Army is now known as the Paranormal Liberation Front. This organized criminal group poses an immense threat to the Hero Association, not only because of its sheer size and strength, but also the overpowering quirks of Jin ""Twice"" Bubaigawara and Gigantomachia.



As new intel from the covert hero Keigo ""Hawks"" Takami confirms that Shigaraki is nowhere to be seen, the Hero Association decides to strike the enemy headquarters with a surprise attack using the entirety of its assets—and the UA students find themselves on the battlefield once again. As the fight rages on, the unsuspecting villains must regroup and push back, but the brave heroes are determined to eradicate every last one of them.



(Source: MAL Rewrite)",https://s4.anilist.co/file/anilistcdn/media/anime/cover/large/bx139630-3v4gxWtNZxLV.jpg,https://s4.anilist.co/file/anilistcdn/media/anime/banner/139630-XLc90c6CJjZv.jpg,4.1,,,,,,,,,,,,,,,Action;Adventure,bones,,,,,,,,,,,,
Food Wars! The Second Plate,食戟のソーマ 弍ノ皿,TVA,2016,13,COMPLETED,J.C.STAFF,"The second season of Shokugeki no Souma.



At the Totsuki Culinary Academy, the first rule is survival of the fittest, and if you don't have what it takes to become a master chef, you need to get out of the kitchen before you get burned. With the wheat of first-year students separated from the chaff, cocky former diner cook Yukihira Souma is one of the handful of kitchen whizzes still standing. As the next round of the Autumn Elections gets underway, can he survive a brutal bento boxing match with the chemistry-obsessed granddaughter of the Academy's director? And which of the other contenders; Megumi, Ryou, Akira, Hisako, Takumi or sinister dark-horse Subaru; will advance to fight for the gold medal?



(Source: Sentai Filmworks))",https://s4.anilist.co/file/anilistcdn/media/anime/cover/large/bx21518-uBqzDGIuSxJ5.jpg,https://s4.anilist.co/file/anilistcdn/media/anime/banner/21518-kKwYXPaFO9JL.jpg,4.0,,,,,,,,,,,,,,,Comedy;Ecchi,J.C.STAFF,,,,,,,,,,,,
Black Butler,黒執事,TVA,2008,24,COMPLETED,A-1 Pictures,"In Victorian-era Europe, a young boy loses everything he once held near and dear to a vicious plot. In his moment of death, he strikes a deal with a demon: his soul, in exchange for revenge. Ciel Phantomhive is now the head of the Phantomhive corporation, handling all business affairs as well as the underground work for the Queen of England. His new partner is a demon butler, Sebastian Michaelis, whose powers as a butler is only surpassed by his strength as a demon.


The story follows the two along with their other servants, as they work to unravel the plot behind Ciel's parents' murder, and the horrendous tragedies that befell Ciel in the month directly after.",https://s4.anilist.co/file/anilistcdn/media/anime/cover/large/nx4898-mW4gabZvwmLC.jpg,https://s4.anilist.co/file/anilistcdn/media/anime/banner/4898-qqGPkf0qkMDh.jpg,3.6,,,,,,,,,,,,,,,Action;Comedy;Fantasy;Mystery;Supernatural,A-1 Pictures,,,,,,,,,,,,
My Little Monster,となりの怪物くん,TVA,2012,13,COMPLETED,Brain's Base,"Standoffish, reclusive Shizuku Mizutani cares far more about earning stellar grades than cultivating friendships. But her opinions on friendship and relationships begin to change when she meets habitual truant Haru Yoshida, who happens to have a rather fearsome reputation. Like Shizuku, Haru’s reputation has made it difficult to make friends. And yet through their budding friendship and stirrings of attraction the unlikely pair learns to understand one another, the world around them, and the tenor of their own emotions.



(Source: Sentai Filmworks)",https://s4.anilist.co/file/anilistcdn/media/anime/cover/large/bx14227-VGxPG1xDZG7v.jpg,https://s4.anilist.co/file/anilistcdn/media/anime/banner/14227-X5LpJ40O61qu.jpg,3.6,,,,,,,,,,,,,,,Comedy;Romance;Slice of Life,Brain's Base,,,,,,,,,,,,
Mob Psycho 100 III,モブサイコ100 Ⅲ,TVA,2022,12,COMPLETED,bones,"The third season of Mob Psycho 100. 


The appearance of a divine tree and new religion turns Mob and Reigen's city upside down!


(Source: Crunchyroll)",https://s4.anilist.co/file/anilistcdn/media/anime/cover/large/bx140439-bPKmhe1wNxc9.jpg,https://s4.anilist.co/file/anilistcdn/media/anime/banner/140439-r9SRh0q0UgX1.jpg,4.3,,,,,,,,,,,,,,,Action;Comedy;Drama;Psychological;Slice of Life;Supernatural,bones,,,,,,,,,,,,
BEASTARS,BEASTARS,TVA,2019,12,COMPLETED,Orange,"In a world populated by anthropomorphic animals, herbivores and carnivores coexist with each other. For the adolescents of Cherryton Academy, school life is filled with hope, romance, distrust, and uneasiness.


The main character is Legoshi the wolf, a member of the drama club. Despite his menacing appearance, he has a very gentle heart. Throughout most of his life, he has always been an object of fear and hatred by other animals, and he’s been quite accustomed to that lifestyle. But soon, he finds himself becoming more involved with his fellow classmates who have their own share of insecurities and finds his life in school changing slowly.


(Source: moetron)",https://s4.anilist.co/file/anilistcdn/media/anime/cover/large/bx107660-hgknnyaLchJW.png,https://s4.anilist.co/file/anilistcdn/media/anime/banner/107660-AxwrzHkXzYYN.jpg,3.9,,,,,,,,,,,,,,,Drama;Mystery;Psychological;Romance;Slice of Life,Orange,,,,,,,,,,,,
BOCCHI THE ROCK!,ぼっち・ざ・ろっく！,TVA,2022,12,COMPLETED,CloverWorks,"Hitori Gotou, “Bocchi-chan,” is a girl who’s so introverted and shy around people that she’d always start her conversations with “Ah...”



During her middle school years, she started playing the guitar, wanting to join a band because she thought it could be an opportunity for even someone shy like her to also shine. But because she had no friends, she ended up practicing guitar for six hours every day all by herself. After becoming a skilled guitar player, she uploaded videos of herself playing the guitar to the internet under the name “Guitar Hero” and fantasized about performing at her school’s cultural festival concert. But not only could she not find any bandmates, before she knew it, she was in high school and still wasn’t able to make a single friend!



She was really close to becoming a shut-in, but one day, Nijika Ijichi, the drummer in Kessoku Band, reached out to her. And because of that, her everyday life started to change little by little...



(Source: Crunchyroll)",https://s4.anilist.co/file/anilistcdn/media/anime/cover/large/bx130003-HTDmeL4RGeJ4.png,https://s4.anilist.co/file/anilistcdn/media/anime/banner/130003-5F90a7BtsPQN.jpg,4.3,,,,,,,,,,,,,,,Comedy;Music;Slice of Life,CloverWorks,,,,,,,,,,,,
Dragon Ball Z,ドラゴンボールZ,TVA,1989,291,COMPLETED,Toei Animation,"Goku is back with his new son, Gohan, but just when things are getting settled down, the adventures continue. Whether he is facing enemies such as Freeza, Cell, or Boo, Goku is proven to be an elite of his own and discovers his race, Saiyan. He meets many new people, gaining allies as well as enemies, as he still finds time to raise a family and be the happy-go-lucky Saiyan he is.


(Source: Anime News Network)",https://s4.anilist.co/file/anilistcdn/media/anime/cover/large/bx813-ZhnFNOeCU5dQ.png,https://s4.anilist.co/file/anilistcdn/media/anime/banner/813-03ZLvWJgR6Wd.jpg,4.0,,,,,,,,,,,,,,,Action;Adventure;Comedy;Fantasy;Supernatural,Toei Animation,,,,,,,,,,,,
Ouran High School Host Club,桜蘭高校ホスト部,TVA,2006,26,COMPLETED,bones,"Fujioka Haruhi wins a scholarship to attend Ouran Academy, a school reserved for only the most rich and prestigious. Despite what other students may think of her, she cares little for physical appearances or the fact that she is a commoner.


Unfortunately for Haruhi, her high school days take a sudden turn when she stumbles upon the Host Club, an elite club filled with super rich and beautiful boys who use their specific traits and charms to entertain young ladies. Even worse, Haruhi accidentally breaks an 8-million yen vase in the club. Since she is unable to repay her debt with money, Haruhi finds herself with no choice but to work for the Host Club, becoming a male host herself.",https://s4.anilist.co/file/anilistcdn/media/anime/cover/large/bx853-fiUtW8yohsSF.jpg,https://s4.anilist.co/file/anilistcdn/media/anime/banner/853-03VYT300hMaf.jpg,4.0,,,,,,,,,,,,,,,Comedy;Drama;Romance;Slice of Life,bones,,,,,,,,,,,,
HAIKYU!! TO THE TOP Part 2,ハイキュー!! TO THE TOP 2,TVA,2020,12,COMPLETED,Production I.G,"The second half of Haikyuu!! 4th season kicks-off where the first part ended. Karasuno High won their first match of The Spring Nationals against Tsubakihara Academy. Karasuno High is excited to be back in the Spring Nationals after many years of not making it, so can they handle the pressure of playing against the best teams in Japan? Will they make it to the top?",https://s4.anilist.co/file/anilistcdn/media/anime/cover/large/bx113538-tHVE8j5mOPLu.jpg,https://s4.anilist.co/file/anilistcdn/media/anime/banner/113538-YAcNXzT07eWR.jpg,4.2,,,,,,,,,,,,,,,Comedy;Drama;Sports,Production I.G,,,,,,,,,,,,
Deadman Wonderland,デッドマン・ワンダーランド,TVA,2011,12,COMPLETED,Manglobe,"Ganta is the only survivor after a mysterious man in red slaughters a classroom full of teenagers. He's framed for the carnage, sentenced to die, and locked away in the most twisted prison ever built: Deadman Wonderland. And then it gets worse. 


At Deadman Wonderland, convicts are forced into brutal deathmatches for the amusement of the masses, the cheers of the crowd drowning out the screams of the dismembered. Even when Ganta befriends Shiro, an unusual female inmate, his dark fate crushes all hope &mdash;until he discovers the strange ability to wield his spilled blood as a weapon. Ganta learns his new skill might be related to the murderous man in red and uncovers disturbing secrets that could expose those who stole his freedom. He's determined to see justice served &mdash;but first he'll have to fight for his life in a prison that holds a million ways to die. 


(Source: FUNimation)",https://s4.anilist.co/file/anilistcdn/media/anime/cover/large/bx6880-qZ1jIqIYpST2.png,https://s4.anilist.co/file/anilistcdn/media/anime/banner/6880-eq4JajOW0HOd.jpg,3.4,,,,,,,,,,,,,,,Action;Drama;Sci-Fi;Supernatural,Manglobe,,,,,,,,,,,,
Black Lagoon,BLACK LAGOON,TVA,2006,12,COMPLETED,MADHOUSE,"Okajima Rokuro is a Japanese businessman in a town full of Japanese businessmen. His normal day consists of social drinking with clients and being kicked around by his bosses. He finally gets a break though, as he's sent by his company to the tropical seas of Eastern China to deliver a disc. But his boat gets hijacked by a band of mercenaries hired to retrieve the disc. Rock (as he is newly dubbed by his captors) catches the interest of the only female merc Revy as she thinks he's worth a ransom, taking him hostage. However, the disc that was stolen has a terrible secret that's unknown to Rock, which causes massive confusion and chaos for both him and his kidnappers.",https://s4.anilist.co/file/anilistcdn/media/anime/cover/large/bx889-4S7N2ciq2cwA.png,https://s4.anilist.co/file/anilistcdn/media/anime/banner/889-qZE1iFHexJVz.jpg,3.9,,,,,,,,,,,,,,,Action;Adventure;Drama;Thriller,MADHOUSE,,,,,,,,,,,,
Kimi ni Todoke: From Me to You,君に届け,TVA,2009,25,COMPLETED,Production I.G,"Kuronuma Sawako is completely misunderstood by her classmates. Her timid and sweet demeanor is often mistaken for malicious behavior. This is due to her resemblance to the ghost girl from ""The Ring"", which has led her peers to give her the nickname Sadako. Longing to make friends and live a normal life, she is naturally drawn to Kazehaya Shouta, the most popular guy in class, whose ""100% refreshing"" personality earns him great admiration from Sawako. So when Kazehaya starts talking to her, maybe there is hope for the friendships Sawako has always longed for. Maybe...there is even a little hope for some romance in her future.",https://s4.anilist.co/file/anilistcdn/media/anime/cover/large/bx6045-JujXjoWtslUM.jpg,https://s4.anilist.co/file/anilistcdn/media/anime/banner/6045-PHiyDpX2gc5D.jpg,4.0,,,,,,,,,,,,,,,Comedy;Drama;Romance;Slice of Life,Production I.G,,,,,,,,,,,,
Prison School,監獄学園〈プリズンスクール〉,TVA,2015,12,COMPLETED,J.C.STAFF,"Hachimitsu Private Academy was a revered and elite all-girls' boarding school on the outskirts of Tokyo...once upon a time. But with the new school year comes a revision to school policy: Boys are to be admitted into the student body for the first time ever. But on his first day at Hachimitsu, Kiyoshi Fujino discovers that he's one of only five boys enrolled at the school. Their numbers overwhelmed by the thousand girls in the student body, is it heaven or hell that awaits these five (un)fortunates?!.



(Source: Anime News Network)",https://s4.anilist.co/file/anilistcdn/media/anime/cover/large/bx20807-8nFoO0AUdGsy.jpg,https://s4.anilist.co/file/anilistcdn/media/anime/banner/20807-IHYC4Qby3dkT.jpg,3.6,,,,,,,,,,,,,,,Comedy;Ecchi,J.C.STAFF,,,,,,,,,,,,
The Ancient Magus' Bride,まほよめ Specials,OVA,2018,6,COMPLETED,W-Toon Studio,Extra episodes of MahoYome included on the DVD bundled with ninth volume of Mahoutsukai no Yome manga.,https://s4.anilist.co/file/anilistcdn/media/anime/cover/large/bx148584-nnCSTC5QlNbW.jpg,https://s4.anilist.co/file/anilistcdn/media/anime/banner/148584-KmsLGZwF5wyt.jpg,2.9,,,,,,,,,,,,,,,Comedy,W-Toon Studio,,,,,,,,,,,,
Blue Spring Ride,アオハライド,TVA,2014,12,COMPLETED,Production I.G,"Yoshioka Futaba has a few reasons why she wants to ""reset"" her image & life as a new high school student. Because she's cute, she was ostracized by her female friends in junior high, and because of a misunderstanding, she couldn't get her feeling across to the one boy she has ever liked, Tanaka-kun.

Now in high school, she is determined to be as unladylike as possible so that her friends won't be jealous of her. While living her life this way contentedly, she meets Tanaka-kun again, but he now goes under the name of Mabuchi Kou. He tells her that he felt the same way as she did when they were younger, but now things can never be the same again. Will Futaba be able to continue her love that never even started from three years ago?",https://s4.anilist.co/file/anilistcdn/media/anime/cover/large/bx20596-fJdMHV8xRMgY.png,https://s4.anilist.co/file/anilistcdn/media/anime/banner/20596.jpg,3.8,,,,,,,,,,,,,,,Drama;Romance;Slice of Life,Production I.G,,,,,,,,,,,,
TONIKAWA: Over The Moon For You,トニカクカワイイ,TVA,2020,12,COMPLETED,Seven Arcs,"The story follows a protagonist whose name is written with the characters for ""Hoshizora"" (""Starry Sky"" in Japanese), but whose name is pronounced as ""Nasa"". On the day of his high school entrance exams, Nasa encounters a beautiful girl named Tsukasa. For Nasa, it feels like destiny is finally calling out to him that he will have a girlfriend, but things take a turn for the worse when Nasa is hit by a car and unable to attend his entrance exams.



After Tsukasa helps the injured Nasa, he confesses his feelings to her, and she agrees to go out with him, but only if Nasa agrees to marry her first. A year later Nasa aces the entrance exams, but he decides to work a part time job and live by himself instead of going to school. After Nasa turns 18, Tsukasa re-appears, and their happy, romantic, and mysterious married life together begins.



(Source: Crunchyroll)",https://s4.anilist.co/file/anilistcdn/media/anime/cover/large/bx116267-Eo1biPBTlL4i.jpg,https://s4.anilist.co/file/anilistcdn/media/anime/banner/116267-xQRslGT0tMTS.jpg,3.9,,,,,,,,,,,,,,,Comedy;Romance;Slice of Life,Seven Arcs,,,,,,,,,,,,
Masamune-kun's Revenge,政宗くんのリベンジ,TVA,2017,12,COMPLETED,SILVER LINK.,"As an overweight child, Makabe Masamune was mercilessly teased and bullied by one particular girl, Adagaki Aki. Determined to one day exact his revenge upon her, Makabe begins a rigorous regimen of self-improvement and personal transformation.

Years later, Masamune re-emerges as a new man. Handsome, popular, with perfect grades and good at sports, Masamune-kun transfers to Aki's school, and is unrecognizable to her. Now, Masamune-kun is ready to confront the girl who bullied him so many years ago and humiliate her at last. But will revenge be as sweet as he thought?



(Source: Seven Seas Entertainment)",https://s4.anilist.co/file/anilistcdn/media/anime/cover/large/nx21857-haPDVD7DKDpg.jpg,https://s4.anilist.co/file/anilistcdn/media/anime/banner/21857-k7r362xG7420.png,3.3,,,,,,,,,,,,,,,Comedy;Romance;Slice of Life,SILVER LINK.,,,,,,,,,,,,
Nichijou - My Ordinary Life,日常,TVA,2011,26,COMPLETED,Kyoto Animation,"Nichijou primarily focuses on the daily antics of a trio of childhood friends—high school girls Mio Naganohara, Yuuko Aioi and Mai Minakami—whose stories soon intertwine with the young genius Hakase Shinonome, her robot caretaker Nano, and their talking cat Sakamoto. With every passing day, the lives of these six, as well as of the many people around them, experience both the calms of normal life and the insanity of the absurd. Walking to school, being bitten by a talking crow, spending time with friends, and watching the principal suplex a deer: they are all in a day's work in the extraordinary everyday lives of those in Nichijou. 


(Source: MAL Rewrite)",https://s4.anilist.co/file/anilistcdn/media/anime/cover/large/bx10165-tw8Cz7K9tfVJ.png,https://s4.anilist.co/file/anilistcdn/media/anime/banner/10165-1O0xQsic1qpB.jpg,4.2,,,,,,,,,,,,,,,Comedy;Slice of Life,Kyoto Animation,,,,,,,,,,,,
Bungo Stray Dogs 2,文豪ストレイドッグス 第2シーズン,TVA,2016,12,COMPLETED,bones,"The second season of Bungou Stray Dogs.



Despite their differences in position, three men—the youngest senior executive of the Port Mafia, Osamu Dazai, the lowest ranking member, Sakunosuke Oda, and the intelligence agent, Angou Sakaguchi—gather at the Lupin Bar at the end of the day to relax and take delight in the company of friends.


However, one night, Angou disappears. A photograph taken at the bar is all that is left of the three together.


Fast forward to the present, and Dazai is now a member of the Armed Detective Agency. The Guild, an American gifted organization, has entered the fray and is intent on taking the Agency's work permit. They must now divide their attention between the two groups, the Guild and the Port Mafia, who oppose their very existence.",https://s4.anilist.co/file/anilistcdn/media/anime/cover/large/bx21679-9MKdz1A7YLV7.jpg,https://s4.anilist.co/file/anilistcdn/media/anime/banner/21679-cOXDcrmMGXBy.jpg,4.0,,,,,,,,,,,,,,,Action;Comedy;Mystery;Supernatural,bones,,,,,,,,,,,,
Kakegurui xx,賭ケグルイ××,TVA,2019,12,COMPLETED,MAPPA,"At Hyakkao Private Academy, Yumeko Jabami’s star rises just as the student council’s reputation starts to dim. In the shadows of the council’s dwindling power, discord reigns supreme. In a bold effort to rebalance the social scales, student council president Kirari Momobami intends to place her bet on the election for the council’s next president. Everyone starts with a single chip, and at the end of 30 days, the whoever holds the most becomes the president of the Momobami Clan. But chips aren’t the only things students can wager as they fight tooth and nail to ascend to the council presidency, and Yumeko Jabami intends to clean house no matter the prizes she must risk in the betting pool.



(Source: Sentai Filmworks)",https://s4.anilist.co/file/anilistcdn/media/anime/cover/large/bx100876-RfvmpW1B8bDQ.png,https://s4.anilist.co/file/anilistcdn/media/anime/banner/n100876-gqt1fZKTubPm.jpg,3.5,,,,,,,,,,,,,,,Drama;Mystery;Psychological,MAPPA,,,,,,,,,,,,
Toilet-bound Hanako-kun,地縛少年 花子くん,TVA,2020,12,COMPLETED,Lerche,"""Hanako-san, Hanako-san... are you there?""



At Kamome Academy, rumors abound about the school's Seven Mysteries, one of which is Hanako-san. Said to occupy the third stall of the third floor girls' bathroom in the old school building, Hanako-san grants any wish when summoned. Nene Yashiro, an occult-loving high school girl who dreams of romance, ventures into this haunted bathroom... but the Hanako-san she meets there is nothing like she imagined! Kamome Academy's Hanako-san... is a boy!



(Source: Yen Press)",https://s4.anilist.co/file/anilistcdn/media/anime/cover/large/bx108463-u03vrYnyB3L9.jpg,https://s4.anilist.co/file/anilistcdn/media/anime/banner/108463-pJ5XS6oJwvKh.jpg,3.9,,,,,,,,,,,,,,,Action;Comedy;Drama;Mystery;Supernatural,Lerche,,,,,,,,,,,,
Gachiakuta,ガチアクタ,TVA,2025,24,COMPLETED,bones film,"A boy lives in a floating town, where the poor scrape by and the rich live a sumptuous life, simply casting their garbage off the side, into the abyss. When he’s falsely accused of murder, though, his wrongful conviction leads to an unimaginable punishment—exile off the edge, with the rest of the trash. Down on the surface, the cast-off waste of humanity has bred vicious monsters, and to travel the path to vengeance against those who cast him into Hell, a boy will have to become a warrior…



(Source: Kodansha USA)",https://s4.anilist.co/file/anilistcdn/media/anime/cover/large/bx178025-cWJKEsZynkil.jpg,https://s4.anilist.co/file/anilistcdn/media/anime/banner/178025-WvcXi1J2SGRa.jpg,4.1,,,,,,,,,,,,,,,Action;Drama;Fantasy,bones film,,,,,,,,,,,,
JUJUTSU KAISEN Season 3: The Culling Game Part 1,呪術廻戦 死滅回游 前編,TVA,2026,12,COMPLETED,MAPPA,"The third season of Jujutsu Kaisen.


After the Shibuya Incident, a deadly jujutsu battle known as the Culling Game orchestrated by Noritoshi Kamo erupts across ten colonies in Japan.


Haunted by guilt over the mass killings in Shibuya and wary of Sukuna’s interest in Fushiguro, Itadori chooses not to return to Jujutsu High. Instead, he teams up with Choso to exorcise the countless cursed spirits unleashed by Noritoshi Kamo.
Amid this chaos, the Jujutsu Headquarters revokes Yuji Itadori’s suspended death sentence and appoints special-grade sorcerer Yuta Okkotsu as his executioner. 


Newly awakened modern sorcerers and resurrected ancient ones,  now fighting as players in the Culling Game, collide with conflicting motives, driving the world once more toward an age ruled by jujutsu.


(Source: TOHO Animation)",https://s4.anilist.co/file/anilistcdn/media/anime/cover/large/bx172463-LnXqHzt74SJL.jpg,https://s4.anilist.co/file/anilistcdn/media/anime/banner/172463-3J2o3qQZadFJ.jpg,4.3,,,,,,,,,,,,,,,Action;Drama;Supernatural,MAPPA,,,,,,,,,,,,
Tokyo Ghoul:re 2,東京喰種-トーキョーグール-:re 2,TVA,2018,12,COMPLETED,Studio Pierrot,"The second cour of Tokyo Ghoul:re.


Kaneki Ken has finally regained memories of his former self, but this once again leaves him at a crossroads in the war between human and ghoul. After donning a pair of glasses to mirror his mentor Arima, Kaneki's new assignment is to manage the interrogation of Eto, the One-Eyed Owl, after she reveals her ghoul nature in a press conference about the publication of her newest book, which she claims will bridge the gap between the two warring sides. Now interred in Cochlea, Eto eagerly awaits the awakening of the ""One-Eyed King"", but only Kaneki seems to understand what she's really planning. As Aogiri Tree descends on the facility to rescue their leader, Kaneki turns to one of his oldest friends for help in his new secret mission.



(Source: Anime News Network)


The first episode was distributed online via GYAO! on September 29, 2018. TV broadcast began on October 9, 2018.",https://s4.anilist.co/file/anilistcdn/media/anime/cover/large/bx102351-yD3Ty9YZFMsf.jpg,https://s4.anilist.co/file/anilistcdn/media/anime/banner/n102351-Wg6nAXoVzn0W.jpg,3.1,,,,,,,,,,,,,,,Action;Horror;Mystery;Psychological;Supernatural,Studio Pierrot,,,,,,,,,,,,
Zom 100: Bucket List of the Dead,ゾン100～ゾンビになるまでにしたい100のこと～,TVA,2023,12,COMPLETED,BUG FILMS,"Surviving a zombie apocalypse beats being a wage slave any day! After spending years slaving away for a soul-crushing company, Akira's life has lost its luster. He lives in a trash-filled apartment, his pay is abysmal, and he can't even muster up the nerve to confess his love to his beautiful co-worker. But when a zombie apocalypse ravages his town, it gives him the push he needs to live for himself. Now Akira's on a mission to complete all 100 items on his bucket list before he...well, kicks the bucket.



(Source: VIZ Media)",https://s4.anilist.co/file/anilistcdn/media/anime/cover/large/bx159831-cJUNqCqzuApc.png,https://s4.anilist.co/file/anilistcdn/media/anime/banner/159831-FWfdyqpxhLli.jpg,3.8,,,,,,,,,,,,,,,Action;Adventure;Comedy;Horror;Supernatural,BUG FILMS,,,,,,,,,,,,
Orange,orange,TVA,2016,13,COMPLETED,Telecom Animation Film,"Everyone has regrets in life. So who wouldn't take the chance to change the past if given the opportunity? When sixteen-year-old Takamiya Naho receives a mysterious letter, claiming to be from her twenty-seven-year-old self, her life is suddenly thrown into flux. The letter tells her that a new transfer student by the name of Naruse Kakeru will be joining her class, and to keep her eye on him. But why? Naho must decide what to make of the letter and its cryptic warning, and what it means not only for her future, but for Kakeru's as well.


(Source: Anime News Network)



Note: The last episode aired with a runtime of ~40 minutes as opposed to the standard 24 minute long episode.",https://s4.anilist.co/file/anilistcdn/media/anime/cover/large/bx21647-zMUXNhcVyRyv.png,https://s4.anilist.co/file/anilistcdn/media/anime/banner/21647-jpWsvCBJO1q5.jpg,3.8,,,,,,,,,,,,,,,Drama;Romance;Supernatural,Telecom Animation Film,,,,,,,,,,,,
SPY x FAMILY Season 2,SPY×FAMILY Season 2,TVA,2023,12,COMPLETED,WIT STUDIO,"The second season of SPY×FAMILY.



The Forger family will face a new familial mission as Yor heads on a cruise ship expedition!



(Source: Crunchyroll News)",https://s4.anilist.co/file/anilistcdn/media/anime/cover/medium/b158927-lfO85WVguYgc.png,https://s4.anilist.co/file/anilistcdn/media/anime/banner/158927-zXtbXUO5iKzX.jpg,4.0,,,,,,,,,,,,,,,Action;Comedy;Slice of Life;Supernatural,WIT STUDIO,,,,,,,,,,,,
Magi: The Labyrinth of Magic,マギ The labyrinth of magic,TVA,2012,25,COMPLETED,A-1 Pictures,"This story is about the flow of fate and the battle to keep the world on the right path. Aladdin is a boy who has set out to explore the world after being trapped in a room for most of his life. His best friend is a flute with a djinn in it named Ugo. Soon enough, Aladdin discovers he is a Magi, a magician who chooses kings, and he was born to choose kings who will follow the righteous path, battling against those who want to destroy fate. Follow his adventures as he meets others from 1001 Arabian Nights, like Ali Baba and Sinbad, and fights to keep the balance of the world in check!",https://s4.anilist.co/file/anilistcdn/media/anime/cover/large/bx14513-HuUdrFFYftA7.jpg,https://s4.anilist.co/file/anilistcdn/media/anime/banner/14513-DDBxCumOyPIa.jpg,3.9,,,,,,,,,,,,,,,Action;Adventure;Fantasy,A-1 Pictures,,,,,,,,,,,,
Dragon Ball,ドラゴンボール,TVA,1986,153,COMPLETED,Toei Animation,"Goku Son is a young boy who lives in the woods all alone—that is until a girl named Bulma runs into him in her search for a set of magical objects called the ""Dragon Balls."" Since the artifacts are said to grant one wish to whoever collects all seven, Bulma hopes to gather them and wish for a perfect boyfriend. Goku happens to be in possession of a dragon ball, but unfortunately for Bulma, he refuses to part ways with it, so she makes him a deal: he can tag along on her journey if he lets her borrow the dragon ball's power. With that, the two set off on the journey of a lifetime.



They don't go on the journey alone. On the way, they meet the old Muten-Roshi and wannabe disciple Kuririn, with whom Goku trains to become a stronger martial artist for the upcoming World Martial Arts Tournament. However, it's not all fun and games; the ability to make any wish come true is a powerful one, and there are others who would do much worse than just wishing for a boyfriend. To stop those who would try to abuse the legendary power, they train to become stronger fighters, using their newfound strength to help the people around them along the way.



(Source: MAL Rewrite)",https://s4.anilist.co/file/anilistcdn/media/anime/cover/large/bx223-scE5uJfXqqj8.png,https://s4.anilist.co/file/anilistcdn/media/anime/banner/223-vyRuUBBYfcUb.jpg,3.9,,,,,,,,,,,,,,,Action;Adventure;Comedy;Fantasy;Sci-Fi;Supernatural,Toei Animation,,,,,,,,,,,,
Grand Blue Dreaming,ぐらんぶる,TVA,2018,12,COMPLETED,Zero-G,"A new life begins for Kitahara Iori as he begins his college career near the ocean in Izu city, full of excitement for his new life. He will be moving into his Uncle's diving store ""Grand Blue."" There he finds the beautiful ocean, beautiful women, and men that love diving and alcohol. Will Iori be able to live his dream college life?",https://s4.anilist.co/file/anilistcdn/media/anime/cover/large/bx100922-uxEhaCsqMMp3.png,https://s4.anilist.co/file/anilistcdn/media/anime/banner/100922-ef1bBJCUCfxk.jpg,4.1,,,,,,,,,,,,,,,Comedy;Slice of Life;Sports,Zero-G,,,,,,,,,,,,
Blood Blockade Battlefront,血界戦線,TVA,2015,12,COMPLETED,bones,"A breach between Earth and the netherworlds has opened up over the city of New York, trapping New Yorkers and creatures from other dimensions in an impenetrable bubble. They've lived together for years, in a world of crazy crime sci-fi sensibilities. Now someone is threatening to sever the bubble, and a group of stylish superhumans is working to keep it from happening.



(Source: Anime News Network)



Note: The last episode aired with a runtime of ~46 minutes as opposed to the standard 24 minute long episode.",https://s4.anilist.co/file/anilistcdn/media/anime/cover/large/bx20727-jgVnxLCHAKqZ.jpg,https://s4.anilist.co/file/anilistcdn/media/anime/banner/20727-jcGXKLo3lLDP.jpg,3.7,,,,,,,,,,,,,,,Action;Comedy;Supernatural,bones,,,,,,,,,,,,
Food Wars! The Third Plate,食戟のソーマ 餐ノ皿,TVA,2017,12,COMPLETED,J.C.STAFF,"The third season of Shokugeki no Souma.



At the Moon Festival, Totsuki Academy’s annual gourmet jubilee, students wage fierce culinary war as they try to out-earn their peers by selling the most of their chosen cuisine. Souma Yukihira, however, has his sights set on a grander prize: challenging the Elite Ten, who rule over the academy with iron fists. But Souma might have to put his grand ambitions on hold for the time being, because an insidious scheme to upset the balance of Totsuki Academy has begun to emerge from the shadows…



(Source: Sentai Filmworks)",https://s4.anilist.co/file/anilistcdn/media/anime/cover/large/nx99255-heGTtj5b4owl.jpg,https://s4.anilist.co/file/anilistcdn/media/anime/banner/99255-FcvNIg6FLK4o.jpg,3.9,,,,,,,,,,,,,,,Comedy;Ecchi,J.C.STAFF,,,,,,,,,,,,
The Quintessential Quintuplets 2,五等分の花嫁∬,TVA,2021,12,COMPLETED,Bibury Animation Studios,"Through their tutor Fuutarou Uesugi's diligent guidance, the Nakano quintuplets' academic performance shows signs of improvement, even if their path to graduation is still rocky. However, as they continue to cause various situations that delay any actual tutoring, Fuutarou becomes increasingly involved with their personal lives, further complicating their relationship with each other.



On another note, Fuutarou slowly begins to realize the existence of a possible connection between him and the past he believes to have shared with one of the five girls. With everyone's feelings beginning to develop and overlap, will they be able to keep their bond strictly to that of a teacher and his students—or will it mature into something else entirely?



(Source: MAL Rewrite)",https://s4.anilist.co/file/anilistcdn/media/anime/cover/large/bx109261-65rKxMDlcU9r.png,https://s4.anilist.co/file/anilistcdn/media/anime/banner/109261-UfxQjnmmfAOp.jpg,4.0,,,,,,,,,,,,,,,Comedy;Drama;Romance;Slice of Life,Bibury Animation Studios,,,,,,,,,,,,
Boruto: Naruto Next Generations,BORUTO-ボルト- NARUTO NEXT GENERATIONS,TVA,2017,293,COMPLETED,Studio Pierrot,"Naruto was a young shinobi with an incorrigible knack for mischief. He achieved his dream to become the greatest ninja in the village and his face sits atop the Hokage monument. But this is not his story... A new generation of ninja are ready to take the stage, led by Naruto's own son, Boruto!



(Source: VIZ Media)",https://s4.anilist.co/file/anilistcdn/media/anime/cover/large/bx97938-BnF6M5yTaNB1.jpg,https://s4.anilist.co/file/anilistcdn/media/anime/banner/97938-cT6wkSRifTEC.jpg,2.9,,,,,,,,,,,,,,,Action;Adventure;Fantasy,Studio Pierrot,,,,,,,,,,,,
Monthly Girls' Nozaki-kun,月刊少女野崎くん,TVA,2014,12,COMPLETED,Doga Kobo,"You know how the story goes: girl crushes on guy, girl confesses feelings to guy, guy mistakes confession for a job application. Okay, maybe that's not how it usually goes, but that's what happens when Chiyo Sakura finally gets up the nerve to tell her classroom crush Nozaki how she feels. Since she doesn't know that he's secretly a manga artist who publishes under a female pen name, and he doesn't know that she doesn't know, he misunderstands and offers her a chance to work as his assistant instead of a date! But while it's not flowers and dancing, it is a chance to get closer to him, so Chiyo gamely accepts. And when Nozaki realizes how useful Chiyo can be in figuring out what girls find romantic, he'll be spending even more time with her ""researching"" while remaining completely clueless. Could Chiyo's romantic frustration possibly get any more drawn out of proportion?



(Source: Sentai Filmworks)",https://s4.anilist.co/file/anilistcdn/media/anime/cover/large/bx20668-6UslJY5NDYNh.png,https://s4.anilist.co/file/anilistcdn/media/anime/banner/20668-hmoK9pH09pWT.jpg,3.9,,,,,,,,,,,,,,,Comedy;Romance;Slice of Life,Doga Kobo,,,,,,,,,,,,
Ranking of Kings,王様ランキング,TVA,2021,23,COMPLETED,WIT STUDIO,"Unable to hear, speak, or wield a sword, Prince Bojji doesn’t seem like a typical heir to the throne—and his kingdom agrees. But his fateful encounter with Kage, a shadow on the ground, gives him his first true friend. The two set off on a grand adventure and, together, form a bond that can overcome any obstacle...even being king.



(Source: Funimation)",https://s4.anilist.co/file/anilistcdn/media/anime/cover/large/bx113717-9sNnN8WRgK15.jpg,https://s4.anilist.co/file/anilistcdn/media/anime/banner/113717-XFiGSPtNJQWv.jpg,4.2,,,,,,,,,,,,,,,Action;Adventure;Drama;Fantasy,WIT STUDIO,,,,,,,,,,,,
Domestic Girlfriend,ドメスティックな彼女,TVA,2019,12,COMPLETED,diomedéa,"Natsuo Fuji has a serious crush on one of his teachers, Hina Tachibana, but since he knows he has zero chance of ever being in a relationship with her, he lets his friends talk him into going to a party where he meets Rui. One thing leads to another and then, well, neither of them is a virgin anymore. Unfortunately, it wasn't what they expected, but that's fine. They're just ships passing in the night and they'll never have to see each other again, right? Except when Natsuo's father announces that he's getting married again, Natsuo discovers that he's getting two new step-sisters as well. Now there's a problem, because one is his teacher, Hina, and the other is Rui.



(Source: Sentai Filmworks)",https://s4.anilist.co/file/anilistcdn/media/anime/cover/large/nx103139-2TfvRyGTE1qp.jpg,https://s4.anilist.co/file/anilistcdn/media/anime/banner/n103139-SYU7CHGiubmn.jpg,3.2,,,,,,,,,,,,,,,Drama;Ecchi;Romance,diomedéa,,,,,,,,,,,,
Summer Time Rendering,サマータイムレンダ,TVA,2022,25,COMPLETED,OLM,"A sci-fi, summer story filled with suspense set on a small island with Shinpei Aijiro, whose childhood friend Ushio Kofune died. He returns to his hometown for the first time in two years for the funeral. Sou Hishigata, his best friend, suspects something's off with Ushio's death, and that someone can die next. 



A sinister omen is heard as an entire family next door suddenly disappears the following day. Furthermore, Mio implicates a ""shadow"" three days before Ushio's death. 



(Source: Disney+)",https://s4.anilist.co/file/anilistcdn/media/anime/cover/large/bx129201-HJBauga2be8I.png,https://s4.anilist.co/file/anilistcdn/media/anime/banner/129201-eeCsKFrCSQPS.jpg,4.2,,,,,,,,,,,,,,,Action;Drama;Mystery;Supernatural;Thriller,OLM,,,,,,,,,,,,
Delicious in Dungeon,ダンジョン飯,TVA,2024,24,COMPLETED,TRIGGER,"When young adventurer Laios and his company are attacked and soundly thrashed by a dragon deep in a dungeon, the party loses all its money and provisions...and a member! They're eager to go back and save her, but there is just one problem: If they set out with no food or coin to speak of, they're sure to starve on the way! But Laios comes up with a brilliant idea: ""Let's eat the monsters!"" Slimes, basilisks, and even dragons...none are safe from the appetites of these dungeon-crawling gourmands! 



(Source: Yen Press)



Note: A world premiere screening of Episode 1 was shown in the Studio TRIGGER panel at Anime Expo on July 1, 2023.",https://s4.anilist.co/file/anilistcdn/media/anime/cover/large/bx153518-IVXPDY5ph3kO.jpg,https://s4.anilist.co/file/anilistcdn/media/anime/banner/153518-7uRvV7SLqmHV.jpg,4.2,,,,,,,,,,,,,,,Adventure;Comedy;Fantasy,TRIGGER,,,,,,,,,,,,
Yona of the Dawn,暁のヨナ,TVA,2014,24,COMPLETED,Studio Pierrot,"Since Yona is the only princess of a grand kingdom, she has been raised with great care by her doting father and protected by her childhood friend/guard Hak and others. However, her fate changes on her 16th birthday, when her beloved cousin Soo-won murders her father to claim the throne. She flees the castle to Hak's hometown and begins her new life.



(Source: Anime News Network)",https://s4.anilist.co/file/anilistcdn/media/anime/cover/large/bx20770-brCDvhTXlums.png,https://s4.anilist.co/file/anilistcdn/media/anime/banner/20770-tZZMsglzAUAe.jpg,4.0,,,,,,,,,,,,,,,Action;Adventure;Comedy;Drama;Fantasy;Romance,Studio Pierrot,,,,,,,,,,,,
DAN DA DAN Season 2,ダンダダン 第2期,TVA,2025,12,COMPLETED,Science SARU,"While the mission to exorcise Jin ""Jiji"" Enjouji's family home is underway, things are not going as expected. Momo Ayase narrowly evades an attempted abduction while Ken ""Okarun"" Takakura and Jiji are ambushed by the Kitou family—the unsettling landlords of the cursed estate. The trio's efforts threaten the foundation of this enigmatic town shrouded in legends and mysteries.



As Momo, Okarun, and Jiji are drawn deeper into the maze of folklore and supernatural entities, they must each utilize their unique powers if they want to survive and unravel the secrets of the uncanny town.



(Source: MAL Rewrite)



Note: Worldwide premiere of Episodes 1-3 titled as DAN DA DAN: EVIL EYE before the Japanese premiere was pre-screened in advance in theaters on June 6, 2025 in North America by GKIDS Films and June 7 and 8 in Europe by Piece of Magic Entertainment and Animation Digital Network.",https://s4.anilist.co/file/anilistcdn/media/anime/cover/large/bx185660-uB8RUMBGovGr.jpg,https://s4.anilist.co/file/anilistcdn/media/anime/banner/185660-NdXFgzcYmcDz.jpg,4.2,,,,,,,,,,,,,,,Action;Comedy;Drama;Romance;Sci-Fi;Supernatural,Science SARU,,,,,,,,,,,,
Dragon Ball Super,ドラゴンボール超,TVA,2015,131,COMPLETED,Toei Animation,"After 18 years, we have the newest Dragon Ball story from creator Akira Toriyama. With Majin Buu defeated, Goku has taken a completely new role as...a radish farmer?! With Earth at peace, our heroes have settled into normal lives. But they can’t get too comfortable. Far away, the powerful God of Destruction, Beerus, awakens to a prophecy revealing his demise at the hands of an even more formidable being. When his search for the Saiyan God brings him to Earth, can Goku and his friends take on their strongest foe yet?



(Source: Crunchyroll)",https://s4.anilist.co/file/anilistcdn/media/anime/cover/large/bx21175-EH06qlfF8TnB.jpg,https://s4.anilist.co/file/anilistcdn/media/anime/banner/21175-bXEDZ4sk6jTJ.png,3.6,,,,,,,,,,,,,,,Action;Adventure;Comedy;Fantasy;Sci-Fi,Toei Animation,,,,,,,,,,,,
March comes in like a lion,３月のライオン,TVA,2016,22,COMPLETED,Shaft,"Rei Kiriyama is a 17 year old boy who recently started living alone, financed by his salary as a professional Shogi player. Despite his independence, however, he's yet to mature emotionally, and his problems continue to haunt him in his daily life. His relationship with his adoptive family is strained, and he has difficulties interacting with his fellow high school students.



Meanwhile, his professional career in Shogi has entered a slump. Burdened with the heavy expectations placed upon him, his wins and losses are fluctuating as his record and progression into the ranks begin to stagnate.



Acquainted with Rei are the three Kawamoto sisters: Akari, Hinata, and Momo. Unlike Rei, they live happily in their modest home, which they warmly welcome Rei into as if he were one of their own.  He frequently visits the family, interacting with them and receiving the kind of care and affection he never quite had while under his foster home.

This is the story of Rei's triumphs and failures, relationships new and old, and his growth as a person.



(Source: TV Tropes)",https://s4.anilist.co/file/anilistcdn/media/anime/cover/large/bx21366-0wrYK0kjKeFn.jpg,https://s4.anilist.co/file/anilistcdn/media/anime/banner/21366-oIjFSx0sm2eG.jpg,4.2,,,,,,,,,,,,,,,Drama;Slice of Life,Shaft,,,,,,,,,,,,
Shikimori's Not Just a Cutie,可愛いだけじゃない式守さん,TVA,2022,12,COMPLETED,Doga Kobo,"The ultimate ""heartthrob girlfriend"" appears! Naturally unlucky high school student Izumi's girlfriend is his classmate Shikimori. She has a beautiful smile and kind personality and always seems happy when she's with Izumi. She's a pretty, cute, and loving girlfriend, but when Izumi's in trouble… she transforms into a super cool ""heartthrob girlfriend!"" The fun lives of the cute and cool Shikimori, Izumi, and their good friends never end!



(Source: Crunchyroll)",https://s4.anilist.co/file/anilistcdn/media/anime/cover/large/bx127911-qfJDzUt0qCna.jpg,https://s4.anilist.co/file/anilistcdn/media/anime/banner/127911-YRSP7vuUy801.jpg,3.4,,,,,,,,,,,,,,,Comedy;Romance;Slice of Life,Doga Kobo,,,,,,,,,,,,
given,ギヴン,TVA,2019,11,COMPLETED,Lerche,"Tightly clutching his Gibson guitar, Mafuyu Satou steps out of his dark apartment to begin another day of his high school life. While taking a nap in a quiet spot on the gymnasium staircase, he has a chance encounter with fellow student Ritsuka Uenoyama, who berates him for letting his guitar's strings rust and break. Noticing Uenoyama's knowledge of the instrument, Satou pleads for him to fix it and to teach him how to play. Uenoyama eventually agrees and invites him to sit in on a jam session with his two band mates: bassist Haruki Nakayama and drummer Akihiko Kaji.



Satou's voice is strikingly beautiful, filling Uenoyama with the determination to make Satou the lead singer of the band. Though reticent at first, Satou takes the offer after an emotional meeting with an old friend. With the support of his new friends, Satou must not only learn how to play guitar, but also come to terms with the mysterious circumstances that led him to be its owner.



(Source: MAL Rewrite)",https://s4.anilist.co/file/anilistcdn/media/anime/cover/large/bx108430-UdruJPro4vDK.jpg,https://s4.anilist.co/file/anilistcdn/media/anime/banner/108430-L8rZPUpXjDzv.jpg,4.2,,,,,,,,,,,,,,,Drama;Music;Romance;Slice of Life,Lerche,,,,,,,,,,,,
Tengoku Daimakyo,天国大魔境,TVA,2023,13,COMPLETED,Production I.G,"In the year 2024, the world has collapsed. Grotesque monsters lurk amongst the ruins of Japan, while remaining people scrape together what they can to survive. Kiruko, an odd-job girl in Nakano, accepts a mysterious woman's dying wish to take a boy named Maru to a place called Heaven.



(Source: Disney+, edited)",https://s4.anilist.co/file/anilistcdn/media/anime/cover/large/bx155783-YosKbsmZzuDE.jpg,https://s4.anilist.co/file/anilistcdn/media/anime/banner/155783-MXHfdquIBoHA.jpg,4.0,,,,,,,,,,,,,,,Adventure;Mystery;Sci-Fi;Thriller,Production I.G,,,,,,,,,,,,
The Case Study of Vanitas,ヴァニタスの手記,TVA,2021,12,COMPLETED,bones,"It’s 19th-century Paris, and young vampire Noé hunts for the Book of Vanitas. Attacked by a vampire driven insane, a human intercedes, rescues Noé, and heals the sick creature. Commanding the book and calling himself Vanitas, this doctor tempts Noé with a mad crusade to “cure” the entire vampire race. Allying with one who wields arcane power so easily may be dangerous, but does he have a choice?



(Source: Funimation)",https://s4.anilist.co/file/anilistcdn/media/anime/cover/large/bx131646-cuyGfKcekZ62.jpg,https://s4.anilist.co/file/anilistcdn/media/anime/banner/131646-ewbYrSfyUyp6.jpg,3.9,,,,,,,,,,,,,,,Action;Drama;Fantasy;Mystery;Supernatural,bones,,,,,,,,,,,,
Frieren: Beyond Journey’s End Season 2,葬送のフリーレン 第2期,TVA,2026,10,COMPLETED,MADHOUSE,The second season of Sousou no Frieren.,https://s4.anilist.co/file/anilistcdn/media/anime/cover/large/bx182255-butzrqd4I0aC.jpg,https://s4.anilist.co/file/anilistcdn/media/anime/banner/182255-wyHvp6zJbWsO.jpg,4.4,,,,,,,,,,,,,,,Adventure;Drama;Fantasy,MADHOUSE,,,,,,,,,,,,
NANA,NANA-ナナ-,TVA,2006,47,COMPLETED,MADHOUSE,"Two twenty-somethings seemingly share nothing in common apart from their first name, but a chance meeting on a train bound for Tokyo sets Nana Komatsu and Nana Oosaki on a collision course with destiny. Nana Komatsu, a love-at-first-sight dreamer, aims to find enduring happiness in the big city. Nana Oosaki, neo punk rock vocalist, pursues her burning ambitions of musical stardom and worldwide fame. As their fates increasingly intertwine, they each chase their dreams — until the harsh realities of life in big city Tokyo threaten to tear everything apart.



(Source: Sentai Filmworks)",https://s4.anilist.co/file/anilistcdn/media/anime/cover/large/bx877-6BUYEWp8By8j.png,https://s4.anilist.co/file/anilistcdn/media/anime/banner/877-5yVMHXHApFzf.jpg,4.2,,,,,,,,,,,,,,,Drama;Music;Romance;Slice of Life,MADHOUSE,,,,,,,,,,,,
Cells at Work!,はたらく細胞,TVA,2018,13,COMPLETED,david production,"The average human body contains about 60 trillion cells, and each of them has work to do! But when you get injured, viruses or bacteria invade, or when an allergic reaction flares up, everyone from the silent but deadly white blood cells to the brainy neurons has to work together to get through the crisis!



(Source: Kodansha US)",https://s4.anilist.co/file/anilistcdn/media/anime/cover/large/bx100977-nH1J2dR7GGAk.jpg,https://s4.anilist.co/file/anilistcdn/media/anime/banner/n100977-IztHpiaTckCh.jpg,3.7,,,,,,,,,,,,,,,Action;Comedy;Sci-Fi,david production,,,,,,,,,,,,
The Seven Deadly Sins: Imperial Wrath of the Gods,七つの大罪 神々の逆鱗,TVA,2019,24,COMPLETED,Studio DEEN,"Despite repelling the demon invasion of the Kingdom of Lioness, the war is far from over, for Arthur's Kingdom of Camelot is still being occupied by the demon army and the surviving members of Jikkai. However, in order to begin counter-offensive, the Seven Deadly Sins needs all of its members. Unfortunately, King and Diane are still hiding in the Fairy King's Forest, where they are made to discover the strange history of Jikkai.",https://s4.anilist.co/file/anilistcdn/media/anime/cover/large/bx108928-DuyUzi0JyPIr.jpg,https://s4.anilist.co/file/anilistcdn/media/anime/banner/108928-QzElQ1VVSFoC.jpg,3.1,,,,,,,,,,,,,,,Action;Adventure;Comedy;Ecchi;Fantasy;Supernatural,Studio DEEN,,,,,,,,,,,,
BLEACH: Thousand-Year Blood War,BLEACH 千年血戦篇,TVA,2022,13,COMPLETED,Studio Pierrot,"Was it all just a coincidence, or was it inevitable?



Ichigo Kurosaki gained the powers of a Soul Reaper through a chance encounter. As a Substitute
Soul Reaper, Ichigo became caught in the turmoil of the Soul Society, a place where deceased
souls gather. But with help from his friends, Ichigo overcame every challenge to become even
stronger.



When new Soul Reapers and a new enemy appear in his hometown of Karakura, Ichigo jumps
back into the battlefield with his Zanpakuto to help those in need. Meanwhile, the Soul Society
is observing a sudden surge in the number of Hollows being destroyed in the World of the Living.
They also receive separate reports of residents in the Rukon District having gone missing. Finally,
the Seireitei, home of the Soul Reapers, comes under attack by a group calling themselves the
Wandenreich.



Led by Yhwach, the father of all Quincies, the Wandenreich declare war against the Soul Reapers
with the following message: ""Five days from now, the Soul Society will be annihilated by the
Wandenreich.""



The history and truth kept hidden by the Soul Reapers for a thousand long years is finally brought
to light.



All things must come to an end as Ichigo Kurosaki's final battle begins!",https://s4.anilist.co/file/anilistcdn/media/anime/cover/large/bx116674-p3zK4PUX2Aag.jpg,https://s4.anilist.co/file/anilistcdn/media/anime/banner/116674-l2YlIyJzvGSV.jpg,4.4,,,,,,,,,,,,,,,Action;Adventure;Supernatural,Studio Pierrot,,,,,,,,,,,,
Bungo Stray Dogs 3,文豪ストレイドッグス 第3シーズン,TVA,2019,12,COMPLETED,bones,"The third season of Bungou Stray Dogs.



The White Tiger and the Black Beast – Nakajima Atsushi and Akutagawa Ryunosuke’s fight against Francis F. brings an end to the great war against the Guild. Life goes on as normal in Yokohama, thanks to the continued truce between the Armed Detective Agency and the Port Mafia, who, together, saved the city from ruin. But there are still rumors of Guild stragglers and other crime organizations making their way in from abroad. Meanwhile, Dazai Osamu had premonitions of another impending disaster. Lurking in the darkness is the Fyodor D., leader of pirate organization Rats in the House of the Dead, his dreadful plans on the verge of execution.



(Source: Crunchyroll)",https://s4.anilist.co/file/anilistcdn/media/anime/cover/large/bx103223-bfdnnKWxE4YE.jpg,https://s4.anilist.co/file/anilistcdn/media/anime/banner/103223-noS5nsDOI1Qu.jpg,4.0,,,,,,,,,,,,,,,Action;Comedy;Mystery;Supernatural,bones,,,,,,,,,,,,
Dr. STONE New World,Dr.STONE NEW WORLD,TVA,2023,11,COMPLETED,TMS Entertainment,"The third season of Dr. STONE. 



Senkuu and the Kingdom of Science sail to new lands to uncover more scientific secrets! 


(Source: Crunchyroll)",https://s4.anilist.co/file/anilistcdn/media/anime/cover/large/bx131518-RU7RoUmGb2sP.jpg,https://s4.anilist.co/file/anilistcdn/media/anime/banner/131518-uENBDjWnMHmN.jpg,4.0,,,,,,,,,,,,,,,Action;Adventure;Comedy;Sci-Fi,TMS Entertainment,,,,,,,,,,,,
Seraph of the End: Battle in Nagoya,終わりのセラフ　名古屋決戦編,TVA,2015,12,COMPLETED,WIT STUDIO,"Yuuichirou has reunited with Mikaela at the Shinjuku Battle. But Mikaela was turned into a vampire... To save the ""family,"" and to protect his fellow members, Yuuichirou needed to gain knowledge and power. He searched for ways to bring back vampire to human beings, and at the same time, trained hard working on the Cursed Gear. 



Meanwhile, Kureto calls Guren and tells him a shocking truth. That in one month, the main unit of the vampire will start attacking Tokyo. To get a head start against vampires, Kureto orders Guren to go to Nagoya. The noble extermination mission is about to open fire!



(Source: Official website)",https://s4.anilist.co/file/anilistcdn/media/anime/cover/large/bx20993-c34UTma2bCcv.jpg,https://s4.anilist.co/file/anilistcdn/media/anime/banner/20993-pZacVGnE1F2L.jpg,3.8,,,,,,,,,,,,,,,Action;Drama;Fantasy;Supernatural,WIT STUDIO,,,,,,,,,,,,
My Love Story with Yamada-kun at Lv999,山田くんとLv999の恋をする,TVA,2023,13,COMPLETED,MADHOUSE,"Akane Kinoshita, a female college student, faces the absolute worst situation when she ends up breaking up with her boyfriend after he has an affair with a woman he met playing an online game. While relieving her stress by rampaging through the open hunting grounds of an online game, Akane spills everything about her heartbreak to “Yamada”, a player she met by chance who happens to be in the same guild. “I don't care,” is his curt reply. But when Akane gets a makeover and joins an offline event to get back at her ex-boyfriend, she hears those dreadful words again. And that was Akane's fateful encounter with “Yamada”─！



(Source: Crunchyroll)",https://s4.anilist.co/file/anilistcdn/media/anime/cover/large/bx154965-vZbBRjtmLp7S.jpg,https://s4.anilist.co/file/anilistcdn/media/anime/banner/154965-9AwJG3nVokqG.jpg,3.9,,,,,,,,,,,,,,,Comedy;Drama;Romance,MADHOUSE,,,,,,,,,,,,
TRINITY SEVEN,トリニティセブン,TVA,2014,12,COMPLETED,Seven Arcs,"Pride, Envy, Wrath, Sloth, Greed, Gluttony, Lust. These are the seven sins laid upon seven girls who rule over Biblia Academy. 



To retake his world, the boy decides he must control these sins... The boy, Arata Kasuga, has had the world he knows hit by a mysterious phenomenon ""Collapse Phenomenon"", and his cousin Hijiri disappears into another dimension. To understand the Collapse Phenomenon and win back his cousin, he comes to Biblia Academy. There he finds the seven girls and their sins.



(Source: Crunchyroll)",https://s4.anilist.co/file/anilistcdn/media/anime/cover/large/bx20631-LdCiy3goitcT.png,https://s4.anilist.co/file/anilistcdn/media/anime/banner/20631-JsRVj8iDf21B.jpg,3.4,,,,,,,,,,,,,,,Action;Comedy;Ecchi;Fantasy;Romance,Seven Arcs,,,,,,,,,,,,
Daily Lives of High School Boys,男子高校生の日常,TVA,2012,12,COMPLETED,Sunrise,"Tadakuni, Hidenori, and Yoshitake are students at the all-boys academy, Sanada North High School. This is a tale about just that—their daily lives as students. Winning the basketball tournament? Finding true love? You won't find any of that here. Whether it's sparking random arguments while hanging out with friends, meeting that one weird co-worker at a part-time job, or even letting imaginations run wild on a windy afternoon, we've all experienced the show's ordinary but true-to-life themes at one point or another. 


(Source: NIS America)",https://s4.anilist.co/file/anilistcdn/media/anime/cover/large/bx11843-ui2jBcuQUqnl.jpg,https://s4.anilist.co/file/anilistcdn/media/anime/banner/11843-2GxMdvjHLn6v.jpg,4.0,,,,,,,,,,,,,,,Comedy;Slice of Life,Sunrise,,,,,,,,,,,,
MUSHI-SHI,蟲師,TVA,2005,26,COMPLETED,Artland,"Neither good nor evil, they are life in its purest form. Vulgar and strange, they have inspired fear in humans since the dawn of time and have, over the ages, come to be known as ""mushi."" The stories of the Mushi and the people they affect are all linked together by a traveling Mushi-shi, or ""Mushi Master,"" who seeks rare Mushi sightings and uses his shaman-like knowledge of Mushi to help the affected people.



What are the Mushi and what do they want?



(Source: Funimation)",https://s4.anilist.co/file/anilistcdn/media/anime/cover/large/bx457-l6cTtNgI9Bi6.png,https://s4.anilist.co/file/anilistcdn/media/anime/banner/n457-sWOJfqYC7s2I.jpg,4.2,,,,,,,,,,,,,,,Adventure;Fantasy;Mystery;Psychological;Slice of Life;Supernatural,Artland,,,,,,,,,,,,
The Fragrant Flower Blooms With Dignity,薫る花は凛と咲く,TVA,2025,13,COMPLETED,CloverWorks,"Chidori High is a boys’ school that takes in the dregs of society with the lowest grades. Next door stands Kikyo Girls’ High, where the wealthy, high-class families send their precious daughters. Chidori second-year Rintarou, who has a fierce face but a gentle heart, is helping at his family’s patisserie when he meets a girl named Kaoruko. The two hit it off right away…but this blissful peace is quickly disturbed when Rintarou discovers that Kaoruko is actually a student at Kikyo. Worse, she doesn’t seem to realize what a huge problem this really is! Will these two be able to forge a path for themselves, and sidestep the traps (metaphorical and literal) laid by their classmates?



(Source: Kodansha USA)",https://s4.anilist.co/file/anilistcdn/media/anime/cover/large/bx181444-Ut9DDUZdfHwg.jpg,https://s4.anilist.co/file/anilistcdn/media/anime/banner/181444-SBhwJNPxjHrr.jpg,4.2,,,,,,,,,,,,,,,Comedy;Drama;Romance,CloverWorks,,,,,,,,,,,,
Haven't You Heard? I'm Sakamoto,坂本ですが?,TVA,2016,12,COMPLETED,Studio DEEN,"First year high school student Sakamoto isn't just cool, he's the coolest! Almost immediately after starting school, he began attracting everyone's attention. The girls love him, and most of the boys resent him. There's even a boy in the class who works as a model, but who is constantly upstaged by Sakamoto! No matter what tricks the other boys try to play on him, Sakamoto always manages to foil them with ease and grace. Though Sakamoto may seem cool and aloof, he helps others when asked, such as in the case of the boy in his class who was being constantly bullied. No matter what difficulties Sakamoto encounters, he moves through his high school life with confidence and class!



(Source: MangaHelpers)",https://s4.anilist.co/file/anilistcdn/media/anime/cover/large/bx21595-vQ658r2Roe1g.jpg,https://s4.anilist.co/file/anilistcdn/media/anime/banner/21595-q5qX7BfnCanQ.jpg,3.6,,,,,,,,,,,,,,,Comedy;Slice of Life,Studio DEEN,,,,,,,,,,,,
Yamada and the Seven Witches,山田くんと7人の魔女,TVA,2013,1,COMPLETED,LIDENFILMS,"Shiraishi Urara is the top student in her school. One day, due to an accidental kiss, Urara finds herself in the body of the school delinquent, Yamada Ryuu! In trying to switch back to their own bodies, Urara and Ryuu discover that kissing causes them to switch bodies, which leads to their discovery that there are 7 witches in their school. They soon try to uncover the identities of the 7 witches... 


(Source: AniDB)",https://s4.anilist.co/file/anilistcdn/media/anime/cover/large/bx20359-08eintz3ClgK.png,,3.4,,,,,,,,,,,,,,,Comedy;Romance;Supernatural,LIDENFILMS,,,,,,,,,,,,
The Disastrous Life of Saiki K. Season 2,斉木楠雄のΨ難 2,TVA,2018,24,COMPLETED,J.C.STAFF,"The disastrous life of the gifted psychic Kusuo Saiki continues, despite his utmost effort to live an ordinary life. Although he has certainly grown accustomed to dealing with his troublesome friends—who are his biggest hurdle to achieving a peaceful life—he still has a long way to go. Also joining the usual oddballs are a few new faces whose shenanigans add to Saiki's misery, making his dreams of a hassle-free life a distant fantasy.",https://s4.anilist.co/file/anilistcdn/media/anime/cover/large/nx98034-1eQ4F7SKxVas.jpg,https://s4.anilist.co/file/anilistcdn/media/anime/banner/98034-PiUB6liaekfW.jpg,4.2,,,,,,,,,,,,,,,Comedy;Slice of Life;Supernatural,J.C.STAFF,,,,,,,,,,,,
Dorohedoro,ドロヘドロ,TVA,2020,12,COMPLETED,MAPPA,"The story revolves around Kaiman, who does not remember who he was before he was transfigured by a Magic user. This transformation left him with a reptile's head, and a desire to find out the truth about who he really is. Accompanied by Nikaido, his female companion, he tracks down Magic Users in ""The Hole"" and unceremoniously chomps down on their head, hoping to find out who it was that put him in this state. One by one, they witness this ""second man"" inside the head of Kaiman, and after pulling them back out of his mouth he asks them all a question... ""What did the guy inside my head say?""",https://s4.anilist.co/file/anilistcdn/media/anime/cover/large/bx105228-I4xr84QS9Pvk.jpg,https://s4.anilist.co/file/anilistcdn/media/anime/banner/105228-QBAya2q8SP52.jpg,4.0,,,,,,,,,,,,,,,Action;Adventure;Comedy;Fantasy;Horror;Mystery,MAPPA,,,,,,,,,,,,
Fruits Basket Season 2,フルーツバスケット 2nd Season,TVA,2020,25,COMPLETED,TMS Entertainment,"A year has passed since Tohru Honda began living in the Souma residence, and she has since created stronger relationships with its inhabitants Shigure, Kyou, and Yuki. She has also grown closer to the rest of the Souma family and has become familiar with their ancestral secret, having helped them with many of their personal issues. The closer Tohru gets, however, the more she begins to realize that their secret holds a darker truth than she first presumed.


Summer is approaching and Tohru is invited to spend her days with the Soumas, mainly Kyou and Yuki. Tohru wishes for an easy-going vacation, but her close relationships with the two boys and the rest of the Soumas may prove to cause trouble. As they grow more intimate, their carefree time together is hindered by older hardships and feelings from the past that begin to resurface. The Eternal Banquet also dawns on the members of the zodiac, and they must tend to their duties alongside the unnerving head of the family, Akito Souma.


With the banquet approaching and a plethora of feelings to be solved, will Tohru's life with the Soumas remain peaceful, or will she find herself in a situation from which she cannot escape?",https://s4.anilist.co/file/anilistcdn/media/anime/cover/large/bx111762-C8TNf5uRlVNQ.jpg,https://s4.anilist.co/file/anilistcdn/media/anime/banner/111762-VvlNooo9xZa4.jpg,4.2,,,,,,,,,,,,,,,Comedy;Drama;Psychological;Romance;Slice of Life;Supernatural,TMS Entertainment,,,,,,,,,,,,
Fairy Tail Series 2,FAIRY TAIL (2014),TVA,2014,102,COMPLETED,A-1 Pictures,"The Grand Magic Games reaches its climax following Natsu Dragneel and Gajeel Redfox's stunning victory over Sting Eucliffe and Rogue Cheney of the Sabertooth guild. This success pushes the Fairy Tail guild closer to being crowned the overall champions, but obtaining victory isn't the only challenge they face. A mystery still surrounds a hooded stranger and the ominous Eclipse Gate, leaving more questions than answers.
 
More crazy adventures are on the horizon for Fairy Tail as their destructive antics and joyful rowdiness continue unabated. Their greatest trial is quickly approaching, but united as a family, the guild will always be ready to face any threat that comes their way.",https://s4.anilist.co/file/anilistcdn/media/anime/cover/large/bx20626-9LTreIofBgnu.jpg,https://s4.anilist.co/file/anilistcdn/media/anime/banner/20626-tVqtIqsuRhCJ.jpg,3.7,,,,,,,,,,,,,,,Action;Adventure;Fantasy,A-1 Pictures,,,,,,,,,,,,
WIND BREAKER,WIND BREAKER,TVA,2024,13,COMPLETED,CloverWorks,"Where the average scores are the lowest, but the fights are the strongest. Furin High School is renowned as a super school of delinquents. Haruka Sakura, a first-year student, came from outside the city to fight to the top. However, Furin High School has become a group that protects the town called the “Chime of the Wind Breaker” – Bofurin. The heroic legend of high school delinquent Sakura begins here!



(Source: Crunchyroll)",https://s4.anilist.co/file/anilistcdn/media/anime/cover/large/bx163270-wboZJp0ybwVK.jpg,https://s4.anilist.co/file/anilistcdn/media/anime/banner/163270-fcjrqp3iKWdb.jpg,3.9,,,,,,,,,,,,,,,Action;Comedy;Drama,CloverWorks,,,,,,,,,,,,
BLEND-S,ブレンド・S,TVA,2017,12,COMPLETED,A-1 Pictures,"The story centers on a girl named Maika who gets a job at a cafe where all the waitresses are given certain attributes — such as ""tsundere"" or ""little sister"" — to embody while serving customers. The manager asks Maika to be the ""Do S"" (extreme sadist) waitress, so she will have to adopt a dominant and aggressive persona.



(Source: Anime News Network)",https://s4.anilist.co/file/anilistcdn/media/anime/cover/large/bx97994-JZ1rLkJBcO8V.png,https://s4.anilist.co/file/anilistcdn/media/anime/banner/97994-3JZ05K3Idjco.jpg,3.5,,,,,,,,,,,,,,,Comedy;Slice of Life,A-1 Pictures,,,,,,,,,,,,
Scum's Wish,クズの本懐,TVA,2017,12,COMPLETED,Lerche,"Hanabi has loved her older friend Narumi for years, but she’s still in high school and not only is Narumi now her new homeroom teacher, he’s also clearly in love with the music teacher, Akane. And as awkward as being the unwanted third in a romantic triangle can be, things become even more twisted for Hanabi when she learns that another student, Mugi, is in love with Akane. That leads to a strange idea: since the ones that Mugi and Hanabi are in love with aren’t available, the two unrequited thirds start to explore the idea of becoming each other’s substitute surrogate relationship. It’s not about romance, of course. Just sex and convenience.



(Source: Sentai Filmworks)",https://s4.anilist.co/file/anilistcdn/media/anime/cover/large/bx21701-j81oh6WCNlsQ.jpg,https://s4.anilist.co/file/anilistcdn/media/anime/banner/21701-0YTCNADc8mzB.jpg,3.4,,,,,,,,,,,,,,,Drama;Ecchi;Psychological;Romance,Lerche,,,,,,,,,,,,
Kuroko's Basketball 2,黒子のバスケ 2nd SEASON,TVA,2013,25,COMPLETED,Production I.G,"With the Interhigh Championship finally over, Seirin's basketball team refocuses their efforts, training harder than ever to get the chance to participate in the Winter Cup. Both Kuroko and Kagami see old friends walk back into their lives, providing a challenge both on and off the court. 
 


As new skills are developed and new alliances created, enemies from various teams—giants of high school basketball such as Yousen, Shuutoku and Touou—stand in the way of Seirin's steadfast attempts to get to the top. All of these schools prove to be formidable foes whose abilities progress exponentially, while Kuroko struggles to find a balance between his resolve to play as part of a team and his desire to win. 
 


With old wounds reopening, new challenges to face on the court, and a new set of foes—the ""Uncrowned Kings""—vowing to defeat the new hopefuls, will Seirin ever be able to achieve their dream of beating the Generation of Miracles? 
 


(Source: MAL Rewrite)",https://s4.anilist.co/file/anilistcdn/media/anime/cover/large/bx16894-iXt8GDs1L6dr.jpg,https://s4.anilist.co/file/anilistcdn/media/anime/banner/16894-L8kzeV6tFSII.jpg,4.0,,,,,,,,,,,,,,,Comedy;Sports,Production I.G,,,,,,,,,,,,
Snow White with the Red Hair,赤髪の白雪姫,TVA,2015,12,COMPLETED,bones,"In the kingdom of Tanbarun lives Shirayuki, an independent and strong-willed young woman. Her resourceful intelligence has led her become a skilled pharmacist, but her most defining trait is her shock of beautiful apple-red hair. Her dazzling mane gets her noticed by the prince of the kingdom, but instead of romancing her, he demands she be his concubine. Shirayuki refuses, chops off her lovely locks, and runs away to the neighboring kingdom of Clarines. There, she befriends a young man named Zen, who, SURPRISE, is also a prince, although with a much better temperament than the previous one. Watch as Shirayuki finds her place in the new kingdom, and in Zen’s heart.



(Source: FUNimation)",https://s4.anilist.co/file/anilistcdn/media/anime/cover/large/bx21058-GRqasG1xk3bD.jpg,https://s4.anilist.co/file/anilistcdn/media/anime/banner/21058-Kxl8fq3kEgeH.png,3.9,,,,,,,,,,,,,,,Drama;Fantasy;Romance,bones,,,,,,,,,,,,
Berserk,剣風伝奇ベルセルク,TVA,1997,25,COMPLETED,OLM,"Set during a time that very much resembles Europe during the Middle Ages, Berserk is a story of revenge set in the castle town of Midland. Recently, the town has seen the rise of a wicked king, who uses demonic minions to control and victimise his subjects.



However, when a lone soldier enters the town calling himself the Black Swordsman and armed to the teeth, many sense that the king's days of unchecked oppression are over. Soon, the Black Swordsman is plying his trade by hunting down the king's evil servants, giving no quarter, and preparing to exact his vengeance on the king.



(Source: MVM Entertainment)",https://s4.anilist.co/file/anilistcdn/media/anime/cover/large/bx33-PSwfE5B0gejI.jpg,https://s4.anilist.co/file/anilistcdn/media/anime/banner/33-g7HwYRVm0ZkN.jpg,4.2,,,,,,,,,,,,,,,Action;Adventure;Drama;Fantasy;Horror;Supernatural,OLM,,,,,,,,,,,,
Blue Exorcist: Kyoto Saga,青の祓魔師 京都不浄王篇,TVA,2017,12,COMPLETED,A-1 Pictures,"In the late Edo Period, a demon known as the Impure King killed thousands of people. After defeating the demon, the Knights of the True Cross kept its left eye safely sealed away on Academy grounds - but now someone has stolen it! Hearing the thief has taken a child hostage, Yukio and Rin go to help. The investigation and pursuit will lead Rin and his friends to Kyoto and involve them even deeper in a sinister plot! But will his friends' knowledge that Rin is the son of Satan drive a wedge between them?



(Source: VIZ Media)",https://s4.anilist.co/file/anilistcdn/media/anime/cover/large/bx21861-KDvJJQenJJlT.jpg,https://s4.anilist.co/file/anilistcdn/media/anime/banner/21861-liQDH4AtMeK6.jpg,3.6,,,,,,,,,,,,,,,Action;Fantasy;Supernatural,A-1 Pictures,,,,,,,,,,,,
Shangri-La Frontier,シャングリラ・フロンティア,TVA,2023,25,COMPLETED,C2C,"""When was the last time I played a game that wasn't crap?"" This is a world in the near future where games that use display screens are classified as retro. Anything that can't keep up with state-of-the-art VR technology is called a ""crap game,"" and you see a large number of crap games coming out. Those who devote their lives to clearing these games are called ""crap-game hunters,"" and Rakuro Hizutome is one of them. The game he's chosen to tackle next is Shangri-La Frontier, a ""god-tier game"" that has a total of thirty million players. Online friends... An expansive world... Encounters with rivals... These are changing Rakuro and all the other players' fates! The best game adventure tale by the strongest ""crap game"" player begins now!



(Source: Crunchyroll)",https://s4.anilist.co/file/anilistcdn/media/anime/cover/large/bx151970-xtIx3VqEk02X.jpg,https://s4.anilist.co/file/anilistcdn/media/anime/banner/151970-Tnnfp0f7NOzj.jpg,4.0,,,,,,,,,,,,,,,Action;Adventure;Comedy;Fantasy;Sci-Fi,C2C,,,,,,,,,,,,
My Dress-Up Darling Season 2,その着せ替え人形は恋をする Season 2,TVA,2025,12,COMPLETED,CloverWorks,"The second season of Sono Bisque Doll wa Koi wo Suru.



When Marin Kitagawa and Wakana Gojo met, they grew close over their love for cosplay. Through interacting with classmates and making new cosplay friends, Marin and Wakana’s world keeps growing. New developments arise as Marin’s love for Wakana continues to be filled with endless excitement. In their ever-expanding world, Marin and Wakana’s story of cosplay and thrills continues!


(Source: Crunchyroll)",https://s4.anilist.co/file/anilistcdn/media/anime/cover/large/bx154768-DHHvNd4MjV1p.jpg,https://s4.anilist.co/file/anilistcdn/media/anime/banner/154768-EuZd63IcqsVq.jpg,4.1,,,,,,,,,,,,,,,Comedy;Ecchi;Romance;Slice of Life,CloverWorks,,,,,,,,,,,,
My Hero Academia Season 7,僕のヒーローアカデミア 7,TVA,2024,21,COMPLETED,bones,"The seventh season of Boku no Hero Academia.



Following an all-out battle with the Paranormal Liberation Front, it is difficult for the people of Japan to continue placing faith in their heroes. To combat the combined power of Tomura Shigaraki and All For One, All Might calls for his ally from the West—the strongest woman on the planet, Star and Stripe.



However, All For One decides to intercept Star and her fleet to get his hands on her overpowered quirk before she can enter Japanese airspace. Although Endeavor, Hawks, and Best Jeanist are headed to the rendezvous point, Star makes a gamble in the present to save her comrades.



(Source: MAL Rewrite)



Note: The season was preceded by a 4-episode special titled 'Boku no Hero Academia: Memories' recapping events from the 6th season along with adding a few minutes of new material each episode.",https://s4.anilist.co/file/anilistcdn/media/anime/cover/large/bx163139-JchZhUFlNTWU.jpg,https://s4.anilist.co/file/anilistcdn/media/anime/banner/163139-UWM3qDG5cRa6.jpg,4.1,,,,,,,,,,,,,,,Action;Adventure,bones,,,,,,,,,,,,
MASHLE: MAGIC AND MUSCLES Season 2,マッシュル-MASHLE- 神覚者候補選抜試験編,TVA,2024,12,COMPLETED,A-1 Pictures,"The second season of MASHLE, adapting the Divine Visionary Candidate Exam Arc.



After Mash Burnedead's clash with Magia Lupus, the secret about his powers is now out in the open. The short-lived celebration ends when the Bureau of Magic summons Mash before an audience of Divine Visionaries, who collectively decree Mash should reap the consequences and die. However, an evil shadow organization called Innocent Zero hijacks the inquiry to demand that Mash be kept alive.



Mash proves that he is capable of dealing with Innocent Zero, but the Divine Visionaries' verdict remains unchanged. Luckily, Mash finds unexpected allies in Divine Visionary Rayne Ames and Headmaster Wahlberg Baigan, and they successfully defer his execution until Innocent Zero is defeated. Mash is now allowed to live under one condition: he must be selected as the Divine Visionary candidate by the year's end.



(Source: MAL Rewrite)",https://s4.anilist.co/file/anilistcdn/media/anime/cover/large/bx166610-S5q7V2v5zdDK.jpg,https://s4.anilist.co/file/anilistcdn/media/anime/banner/166610-2gA4Vv20MVhv.jpg,3.9,,,,,,,,,,,,,,,Action;Comedy;Fantasy,A-1 Pictures,,,,,,,,,,,,
Food Wars! The Fourth Plate,食戟のソーマ 神ノ皿,TVA,2019,12,COMPLETED,J.C.STAFF,"The fourth season of Shokugeki no Souma.



The ultimate Regimental Food War continues as the culinary rebels led by Souma and the members of Kyokusei square off against epicurean elitist Azami and the Toutsuki Ten. At stake – the future of dining across Japan. Because if the rebels fail, Azami intends to impose his own tastes and techniques on the entire restaurant industry!



But the fine dining control freak has made a serious mistake in threatening the futures of Souma’s friends and family, as while the rebels may seem less experienced overall, this is ultimately a clash of skill, dedication, and, most of all, taste. That may be a recipe for disaster for the seasoned veterans!



(Source: Sentai Filmworks)",https://s4.anilist.co/file/anilistcdn/media/anime/cover/large/bx109963-t8E9axH0Dvrn.jpg,https://s4.anilist.co/file/anilistcdn/media/anime/banner/109963-hB2vzg1LhxkB.jpg,3.8,,,,,,,,,,,,,,,Comedy;Ecchi,J.C.STAFF,,,,,,,,,,,,
Fruits Basket The Final Season,フルーツバスケットThe Final,TVA,2021,13,COMPLETED,TMS Entertainment,"After last season’s revelations, the Soma family moves forward, but the emotional chains that bind them are not easily broken. Unable to admit why she wants the cure, Tohru wrestles with the truth, aware that time is running out for someone close.



And a secret still lurks that could break another’s heart. But hope is not lost—a clue to the curse is found. Could their imprisonment’s end be near?


(Source: Funimation)


Note: This season premiered on Funimation and AnimeLab on March 20, 2021. The Japanese broadcast started two weeks later on April 6, 2021.",https://s4.anilist.co/file/anilistcdn/media/anime/cover/large/bx124194-TJlqMMR7BGn9.jpg,https://s4.anilist.co/file/anilistcdn/media/anime/banner/124194-IB2X2IdALUYB.jpg,4.5,,,,,,,,,,,,,,,Comedy;Drama;Psychological;Romance;Slice of Life;Supernatural,TMS Entertainment,,,,,,,,,,,,
GTO: Great Teacher Onizuka,GTO,TVA,1999,43,COMPLETED,Studio Pierrot,"Onizuka is a reformed biker gang leader who has his sights set on an honorable new ambition: to become the world's greatest teacher... for the purpose of meeting sexy high school girls. Okay, so he's mostly reformed.


However, strict administrators and a class of ruthless delinquents stand between Onizuka and his goal and they will use any means, however illegal or low, to drive the new teacher away. Perfect, because Onizuka's methods won't be found in any teaching manual; he cares about the difference between legal and illegal activities about as much as he cares for the age difference between himself and a high school girl.


So get ready for math that doesn't add up, language you'd be slapped for using, and biology that would make a grown man blush... unless of course, you're the Great Teacher Onizuka.



 Note: Episode 1 has an airtime of 48 minutes.",https://s4.anilist.co/file/anilistcdn/media/anime/cover/large/bx245-NcQAyTipUMeO.jpg,https://s4.anilist.co/file/anilistcdn/media/anime/banner/245-sIPMF9vNDnaJ.jpg,4.2,,,,,,,,,,,,,,,Comedy;Drama;Slice of Life,Studio Pierrot,,,,,,,,,,,,
INUYASHIKI LAST HERO,いぬやしき,TVA,2017,11,COMPLETED,MAPPA,"Ichiro Inuyashiki is down on his luck. While only 58 years old, his geriatric looks often have him written off as a pathetic old man by the world around him and he's constantly ignored and disrespected by his family despite all that he's done to support them. On top of everything else, his doctor has revealed that he has cancer and it appears that he has little time left in this world. But just when it seems things couldn't get any worse, a blinding light in the night sky strikes the earth where Ichiro stands. He later wakes up to find himself unscathed, but he soon starts to notice that there's something…different about himself.



(Source: Crunchyroll)",https://s4.anilist.co/file/anilistcdn/media/anime/cover/large/bx97922-qrGn5fkQinDs.jpg,https://s4.anilist.co/file/anilistcdn/media/anime/banner/97922-j6ba0Zmq8xOa.jpg,3.7,,,,,,,,,,,,,,,Action;Drama;Psychological;Sci-Fi,MAPPA,,,,,,,,,,,,
Oshi no Ko Season 2,【推しの子】第2期,TVA,2024,13,COMPLETED,Doga Kobo,"The second season of [Oshi no Ko].



Aqua’s desire for revenge takes center stage as he navigates the dark underbelly of the entertainment world alongside his twin sister, Ruby. While Ruby follows in their slain mother’s footsteps to become an idol, Aqua joins a famous theater troupe in hopes of uncovering clues to the identity of his father — the man who arranged their mother’s untimely death, and the man who once starred in the same troupe Aqua hopes to infiltrate.



(Source: HIDIVE)",https://s4.anilist.co/file/anilistcdn/media/anime/cover/large/bx166531-dAL5MsqDHUkj.jpg,https://s4.anilist.co/file/anilistcdn/media/anime/banner/166531-vUu7iDwUkC67.jpg,4.2,,,,,,,,,,,,,,,Drama;Mystery;Psychological;Supernatural,Doga Kobo,,,,,,,,,,,,
Darwin's Game,ダーウィンズゲーム,TVA,2020,11,COMPLETED,Nexus,"Kaname Sudou, an ordinary high school student, receives an invitation email to try a mysterious app called ""Darwin's Game."" Kaname, upon launching the app, is drawn into a game where players fight one another using superpowers called Sigils. Without knowing the reason for all this, can Kaname survive furious battles against the powerful players who attack him?



(Source: Aniplex of America)



Note: The first episode aired with a runtime of ~48 minutes as opposed to the standard 24 minute long episode.",https://s4.anilist.co/file/anilistcdn/media/anime/cover/large/bx105190-lSoQNlnMF6UP.jpg,https://s4.anilist.co/file/anilistcdn/media/anime/banner/105190-HhqT6N5MJCpE.jpg,3.5,,,,,,,,,,,,,,,Action;Mystery;Sci-Fi;Thriller,Nexus,,,,,,,,,,,,
Food Wars! The Third Plate: Totsuki Train Arc,『食戟のソーマ 餐ノ皿』 遠月列車篇,TVA,2018,12,COMPLETED,J.C.STAFF,"The second half of the third season of Shokugeki no Souma.



A dark age of cooking befalls Tootsuki Culinary Academy. With the Elite Ten's devastating coup d'état, Azami Nakiri is now the director of the prestigious school. Students must now conform to Azami's ideology of ""true gourmet food"" and are forbidden to express creativity, or else face expulsion.



However, Souma Yukihira and the members of the Polar Star Dormitory refuse to accept these changes. Aided by other rebellious first-years, including the tenth seat, Erina Nakiri, Souma and his allies band together to fight off supporters of Azami's regime. But corrupt instructors and the menacing Central organization stand in their way, and so they must work together, harder than ever before, to survive every underhanded plot designed to banish them from the school.



(Source: MAL Rewrite)",https://s4.anilist.co/file/anilistcdn/media/anime/cover/large/nx100773-KLx4vR0TiC5o.jpg,https://s4.anilist.co/file/anilistcdn/media/anime/banner/100773-VB3awsuL4K34.jpg,3.9,,,,,,,,,,,,,,,Comedy;Ecchi,J.C.STAFF,,,,,,,,,,,,
InuYasha,犬夜叉,TVA,2000,167,COMPLETED,Sunrise,"Kagome Higurashi, an average ninth grader, gets pulled into an ancient well by a demon, bringing her 500 years in the past to the feudal era. There, she meets Inuyasha, a half-demon who seeks the Shikon Jewel to make himself a full-fledged demon. With Inuyasha and new friends, Kagome's search for the Jewel of Four Souls begins...



(Source: VIZ Media)",https://s4.anilist.co/file/anilistcdn/media/anime/cover/large/bx249-jVBkyLnBvnRE.png,https://s4.anilist.co/file/anilistcdn/media/anime/banner/249-9ufXhmXxncry.jpg,3.9,,,,,,,,,,,,,,,Action;Adventure;Comedy;Fantasy;Romance,Sunrise,,,,,,,,,,,,
Himouto! Umaru-chan,干物妹！うまるちゃん,TVA,2015,12,COMPLETED,Doga Kobo,"Umaru is a renowned beautiful 16-year-old girl, living with her elder brother Taihei. She's a perfect little sister: Popular, smart, kind-hearted, everybody admires her. So who would believe Umaru keeps a certain secret? Sleeping, gaming, watching TV, eating junk food, drinking cola… that's almost all she does at home, leaving all the housework to her brother.



(Source: Crunchyroll, edited)",https://s4.anilist.co/file/anilistcdn/media/anime/cover/large/bx20987-9Tq7kZTeJPMo.jpg,https://s4.anilist.co/file/anilistcdn/media/anime/banner/20987-jnbJ4VXW687z.jpg,3.4,,,,,,,,,,,,,,,Comedy;Slice of Life,Doga Kobo,,,,,,,,,,,,
The Seven Deadly Sins: Signs of A Holy War,七つの大罪 聖戦の予兆,TVA,2016,4,COMPLETED,A-1 Pictures,"Four-part original story by mangaka Nakaba Suzuki. Having taken the kingdom of Leones back from Holy Knights, the Seven Deadly Sins, along with Elizabeth and Hawk, can finally enjoy peaceful lives they earned. However, with premonitions of a new threat looming, their happy, ordinary days are about to end.",https://s4.anilist.co/file/anilistcdn/media/anime/cover/large/bx21385-0rOBu6r4C4b9.jpg,https://s4.anilist.co/file/anilistcdn/media/anime/banner/21385-JCyhJbQVli1v.jpg,3.4,,,,,,,,,,,,,,,Action;Adventure;Comedy;Ecchi;Fantasy;Supernatural,A-1 Pictures,,,,,,,,,,,,
Teasing Master Takagi-san,からかい上手の高木さん,TVA,2018,12,COMPLETED,Shin-Ei Animation,"Having a friend that knows you inside out should be a good thing, but in Nishikata's case, the opposite is true.



His classmate Takagi loves to tease him on a daily basis, and she uses her extensive knowledge of his behavior to predict exactly how he will react to her teasing, making it nearly impossible for Nishikata to ever make a successful comeback. Despite this, Nishikata vows to someday give Takagi a taste of her own medicine by making her blush out of embarrassment from his teasing.",https://s4.anilist.co/file/anilistcdn/media/anime/cover/large/bx99468-XayCplkIL3Gf.png,https://s4.anilist.co/file/anilistcdn/media/anime/banner/99468-WdWcFGyIeunj.jpg,3.7,,,,,,,,,,,,,,,Comedy;Romance;Slice of Life,Shin-Ei Animation,,,,,,,,,,,,
Monster Musume: Everyday Life With Monster Girls,モンスター娘のいる日常,TVA,2015,12,COMPLETED,Lerche,"Monsters: they're real, and they want to date us!



Three years ago, the world learned that harpies, centaurs, catgirls, and all manners of fabulous creatures are not merely fiction; they are flesh and blood - not to mention scale, feather, horn, and fang. Thanks to the ""Cultural Exchange Between Species Act,"" these once-mythical creatures have assimilated into society, or at least, they're trying.



When a hapless human teenager named Kurusu Kimihito is inducted as a ""volunteer"" into the government exchange program, his world is turned upside down. A snake-like lamia named Miia comes to live with him, and it is Kurusu's job to take care of her and make sure she integrates into his everyday life.



Unfortunately for Kurusu, Miia is undeniably sexy, and the law against interspecies breeding is very strict. Even worse, when a ravishing centaur girl and a flirtatious harpy move in, what's a full-blooded teenage human with raging hormones to do?!



(Source: Anime News Network)",https://s4.anilist.co/file/anilistcdn/media/anime/cover/large/bx21093-fVFDznAnJZmL.png,https://s4.anilist.co/file/anilistcdn/media/anime/banner/21093-C8tuv3TH9I5c.jpg,3.3,,,,,,,,,,,,,,,Comedy;Ecchi;Fantasy;Romance,Lerche,,,,,,,,,,,,
Tomo-chan Is a Girl!,トモちゃんは女の子！,TVA,2023,13,COMPLETED,Lay-duce,"Tomboy Tomo couldn’t have picked a more awkward high school crush ’cause it’s on her childhood friend, Junichiro, but he only sees her as one of the guys. Despite her pretty looks and signals, nothing gets through to this meathead! Will Junichiro ever realize Tomo’s into him and see her for the cutesy girl she actually is?!



(Source: Crunchyroll)",https://s4.anilist.co/file/anilistcdn/media/anime/cover/large/bx151806-IAMi2ctI5xJI.jpg,https://s4.anilist.co/file/anilistcdn/media/anime/banner/151806-1AmWChFo1Ogh.jpg,3.8,,,,,,,,,,,,,,,Comedy;Romance;Slice of Life,Lay-duce,,,,,,,,,,,,
Trigun,TRIGUN,TVA,1998,26,COMPLETED,MADHOUSE,"Vash the Stampede is a wanted man with a habit of turning entire towns into rubble. The price on his head is a fortune, and his path of destruction reaches across the arid wastelands of a desert planet. Unfortunately, most encounters with the spiky-haired gunslinger don't end well for the bounty hunters who catch up with him; someone almost always gets hurt - and it's never Vash.



Oddly enough, for such an infamous fugitive, there's no proof that he's ever taken a life. In fact, he's a pacifist with a doughnut obsession who's more doofus than desperado. There's a whole lot more to him than his reputation lets on - Vash the Stampede definitely ain't your typical outlaw.



(Source: Funimation)",https://s4.anilist.co/file/anilistcdn/media/anime/cover/large/bx6-wd4saT1JzStH.jpg,https://s4.anilist.co/file/anilistcdn/media/anime/banner/6-4pIR2RY8AHZ0.jpg,4.0,,,,,,,,,,,,,,,Action;Adventure;Comedy;Drama;Sci-Fi,MADHOUSE,,,,,,,,,,,,
Magi: The Kingdom of Magic,マギ The kingdom of magic,TVA,2013,25,COMPLETED,A-1 Pictures,"After celebrating their victory against Al-Thamen, Aladdin and his friends depart the land of Sindria. With the end of the battle, however, comes the time for each of them to go their separate ways. Hakuryuu and Kougyoku are ordered to go back to their home country, the Kou Empire. Meanwhile Aladdin announces he needs to head for Magnostadt—a mysterious country ruled by magicians—to investigate the mysterious events occurring in this new kingdom and become more proficient in magic. For their part, encouraged by Aladdin's words, Alibaba and Morgiana also set off in pursuit of their own goals: training and going to her homeland, respectively.



Magi: The Kingdom of Magic follows these friends as they all go about their separate adventures, each facing their own challenges. However, a new threat begins to rise as a great war looms over the horizon...



[Written by MAL Rewrite]",https://s4.anilist.co/file/anilistcdn/media/anime/cover/large/bx18115-dilbAD4yGMfc.png,https://s4.anilist.co/file/anilistcdn/media/anime/banner/18115-Yj8RSfYwuWhp.jpg,4.0,,,,,,,,,,,,,,,Action;Adventure;Fantasy,A-1 Pictures,,,,,,,,,,,,
Kamisama Kiss,神様はじめました,TVA,2012,13,COMPLETED,TMS Entertainment,"Nanami Momozono is alone and homeless after her dad skips town to evade his gambling debts and the debt collectors kick her out of her apartment. So when a man she's just saved from a dog offers her his home, she jumps at the opportunity. But it turns out that his place is a shrine, and Nanami has unwittingly taken over his job as a local deity! 


Nanami has all kinda of new responsibilities she doesn't understand, dangers she's unaware of, and a cranky ex-familiar who's... actually pretty hot. What's a new-fledged godling to do? 


(Source: VIZ Media)",https://s4.anilist.co/file/anilistcdn/media/anime/cover/large/nx14713-RyZ7bA7CdvGw.jpg,https://s4.anilist.co/file/anilistcdn/media/anime/banner/14713-t6RcaL0IqwlW.jpg,4.0,,,,,,,,,,,,,,,Comedy;Fantasy;Romance;Supernatural,TMS Entertainment,,,,,,,,,,,,
K-ON! Season 2,けいおん!!,TVA,2010,26,COMPLETED,Kyoto Animation,"It is the new year, which means that the senior members of the Light Music Club are now third-years, with Azusa Nakano being the only second-year. The seniors soon realize that Azusa will be the only member left once they graduate and decide to recruit new members. Despite trying many methods of attracting underclassmen—handing out fliers, bringing people into the clubroom, and performing at the welcoming ceremony—there are no signs of anyone that plans to join.



While heading to the clubroom, Azusa overhears Yui Hirasawa say that the club is fine with only five people and that they can do many fun things together. Changing her mind, she decides that they do not need to recruit any members for the time being.



K-On!! revolves around the members of the Light Music Club as they experience their daily high school life. From rehearsing for concerts to just messing around, they are ready to make their last year together an exciting one!



(Source: MAL Rewrite)",https://s4.anilist.co/file/anilistcdn/media/anime/cover/large/bx7791-4tnomla2mMDp.png,https://s4.anilist.co/file/anilistcdn/media/anime/banner/7791-XUCEPg0lbD1K.jpg,4.1,,,,,,,,,,,,,,,Comedy;Music;Slice of Life,Kyoto Animation,,,,,,,,,,,,
Laid-Back Camp,ゆるキャン△,TVA,2018,12,COMPLETED,C-Station,"Rin likes to go camping by herself along the lakes that provide a scenic view of Mt. Fuji. Nadeshiko loves to take cycling trips by herself to places where she can see Mt. Fuji. After they meet, Rin and Nadeshiko take camping trips, eat cup ramen together, and enjoy the scenery. 

(Source: Anime News Network)",https://s4.anilist.co/file/anilistcdn/media/anime/cover/large/bx98444-Vzysp1EsrzgD.jpg,https://s4.anilist.co/file/anilistcdn/media/anime/banner/98444-FpH9lzLiafe9.jpg,4.0,,,,,,,,,,,,,,,Comedy;Slice of Life,C-Station,,,,,,,,,,,,
Miss Kobayashi's Dragon Maid S,小林さんちのメイドラゴンＳ,TVA,2021,12,COMPLETED,Kyoto Animation,"A strange turn of events leads the Dragon, Tohru, to work as Miss Kobayashi's maid. She occasionally (that's a lie, she often) causes trouble for her beloved Miss Kobayashi while blending into human society and splendidly (that's a lie, only mediocrely) carrying out her maid duties. Her fellow dragons, Kanna, Lucoa, Fafnir, and Elma all find their own places to fit in as well and enjoy interspecies interactions with the humans. Yet while they're all enjoying that laid-back and occasionally turbulent left, the threat of a new Dragon swoops down upon Miss Kobayashi.



(Source: Crunchyroll)",https://s4.anilist.co/file/anilistcdn/media/anime/cover/large/bx107717-bixaW1NTGBra.jpg,https://s4.anilist.co/file/anilistcdn/media/anime/banner/107717-xi8BDn9kucOI.jpg,4.0,,,,,,,,,,,,,,,Comedy;Fantasy;Slice of Life,Kyoto Animation,,,,,,,,,,,,
Komi Can't Communicate Part 2,古見さんは、コミュ症です。2,TVA,2022,12,COMPLETED,OLM,"The second season of Komi-san wa, Komyushou desu. 



Komi and pals are back! Who else will Komi make friends with? How will her relationship with Tadano evolve? 



(Source: Netflix)",https://s4.anilist.co/file/anilistcdn/media/anime/cover/large/bx142984-nv2MWVWZ1yYH.jpg,https://s4.anilist.co/file/anilistcdn/media/anime/banner/142984-RwLgGjgBrCsF.jpg,4.0,,,,,,,,,,,,,,,Comedy;Romance;Slice of Life,OLM,,,,,,,,,,,,
Nisekoi:,ニセコイ：,TVA,2015,12,COMPLETED,Shaft,"The relationship antics continue as Chitoge starts to realize that she is actually in love with Raku. Kosaki's younger sister Haru, who wants to protect her sister from the supposedly-depraved Raku, gets added to the mix. Other highlights include the introductions of Hana (Chitoge's mother) and Paula McCoy (Seishiro's assassin rival) and Kosaki's brief stint as a magical girl.

(Source: Anime News Network)",https://s4.anilist.co/file/anilistcdn/media/anime/cover/large/bx20876-CCVVLTSsnKC8.jpg,https://s4.anilist.co/file/anilistcdn/media/anime/banner/20876-qnldLnf8ZTrT.jpg,3.5,,,,,,,,,,,,,,,Comedy;Romance;Slice of Life,Shaft,,,,,,,,,,,,
BTOOOM!,BTOOOM！,TVA,2012,12,COMPLETED,MADHOUSE,"In the blink of the mind's eye, Ryouta Sakamoto suddenly finds himself transported from playing the hit Btoom! video game to being stranded on a mysterious island, equipped with a day's worth of provisions, a bag of bombs, a strange crystal embedded in his left hand and a huge gaping hole in his memory. But it doesn't take long to figure out what's going on, especially after the first person Ryouta meets tries to kill him. Someone is attempting to recreate the ultra-violent Btoom! game in real life, and the island has been filled with an army of other unwilling players, each armed with one of the multiple variants of explosive weapons called BIM. Fortunately, Ryouta's an ace Btoom! player, but this insane version of the game has no reset switch or second lives, and there's only one way off the island: kill seven other people before they can kill you! Can Ryouta repurpose his game based skills fast enough to survive? 


(Source: Sentai Filmworks)",https://s4.anilist.co/file/anilistcdn/media/anime/cover/large/bx14345-BeDPCuhQGtL5.jpg,https://s4.anilist.co/file/anilistcdn/media/anime/banner/14345-e2mFB7Z21V8s.jpg,3.4,,,,,,,,,,,,,,,Action;Psychological;Sci-Fi,MADHOUSE,,,,,,,,,,,,
Welcome to Demon School! Iruma-kun,魔入りました！入間くん,TVA,2019,23,COMPLETED,Bandai Namco Pictures,"Suzuki Iruma has just been abandoned and sold to a demon by his irresponsible parents! Surprisingly, the next thing he knows he's living with the demon who has adopted him as his new grandson, and has been transferred into a school in the demon world where his new ""demon"" grandfather works as the principal. Thus begins the cowardly Iruma-kun's extraordinary school life among the otherworldly as he faces his true self, takes on challenges, and rises to become someone great...",https://s4.anilist.co/file/anilistcdn/media/anime/cover/large/bx107693-A9bSSFAMxA6j.jpg,https://s4.anilist.co/file/anilistcdn/media/anime/banner/107693-h0syT88giDiw.jpg,3.9,,,,,,,,,,,,,,,Comedy;Fantasy,Bandai Namco Pictures,,,,,,,,,,,,
Hell’s Paradise Season 2,地獄楽 第二期,TVA,2026,12,COMPLETED,MAPPA,The second season of Jigokuraku.,https://s4.anilist.co/file/anilistcdn/media/anime/cover/large/bx166613-uHB8q3D4qbon.jpg,https://s4.anilist.co/file/anilistcdn/media/anime/banner/166613-drS86exJlIjG.jpg,4.1,,,,,,,,,,,,,,,Action;Adventure;Mystery;Supernatural,MAPPA,,,,,,,,,,,,
Mieruko-chan,見える子ちゃん,TVA,2021,12,COMPLETED,Passione,"She can see dead people…she just chooses to ignore them. That’s Miko’s plan, anyway, but it doesn’t seem to be working for her in this love letter to the horror genre that will send shivers down your spine—and occasionally tickle your funny bone.



(Source: Funimation)",https://s4.anilist.co/file/anilistcdn/media/anime/cover/large/bx131083-sKGHkpVDksaZ.png,https://s4.anilist.co/file/anilistcdn/media/anime/banner/131083-MYE8c1cuzO6C.jpg,3.6,,,,,,,,,,,,,,,Comedy;Horror;Slice of Life;Supernatural,Passione,,,,,,,,,,,,
Kuroko's Basketball 3,黒子のバスケ 3rd SEASON,TVA,2015,25,COMPLETED,Production I.G,"Following their triumph against Yousen High, Seirin's basketball team has reached the semifinals of the Winter Cup along with Kaijou, Rakuzan, and Shuutoku. Each of these teams possesses a member of the Generation of Miracles, and Seirin prepares to face the largest obstacles on their path to winning the Winter Cup. 
 


In the final season of Kuroko no Basket, Kuroko goes head-to-head with his old teammates once more as he attempts to show them that individual skill is not the only way to play basketball. His firm belief that his form of basketball, team play, is the right way to play the sport will clash with the talents of a perfect copy and an absolute authority. 
 


While Kuroko tries to prove that his basketball is ""right,"" he and the rest of Seirin High ultimately have one goal: to win the Winter Cup and overcome the strength of the Generation of Miracles, who have long dominated the scene of middle and high school basketball. 
 


(Source: MAL Rewrite)",https://s4.anilist.co/file/anilistcdn/media/anime/cover/large/bx20725-DLu8VlkGFQKc.png,https://s4.anilist.co/file/anilistcdn/media/anime/banner/20725-ATMoU6GgyT5G.jpg,4.0,,,,,,,,,,,,,,,Comedy;Sports,Production I.G,,,,,,,,,,,,
Wistoria: Wand and Sword,杖と剣のウィストリア,TVA,2024,12,COMPLETED,Actas,"A hard-working boy named Will enters a magic academy in hopes of becoming a great sorcerer. Unfortunately, there's a fatal flaw in his plan: he lacks the ability to use magic. Amid the cold stares of his classmates and instructors, Will feels discouraged at times, but he presses forward with unwavering determination. He can't use a wand, but he can wield a sword in his battle to reach the top of a magic-dominated world. He just needs to believe in his own unique strengths and remember the promise he made with someone precious to him...



(Source: Crunchyroll)",https://s4.anilist.co/file/anilistcdn/media/anime/cover/large/bx174576-tpKcHG0eO6CS.jpg,https://s4.anilist.co/file/anilistcdn/media/anime/banner/174576-6stJnscy5rCi.jpg,4.0,,,,,,,,,,,,,,,Action;Comedy;Drama;Fantasy,Actas,,,,,,,,,,,,
Land of the Lustrous,宝石の国,TVA,2017,12,COMPLETED,Orange,"In the mysterious future, crystalline organisms called Gems inhabit a world that has been destroyed by six meteors. Each Gem is assigned a role in order to fight against the Lunarians, a species who attacks them in order to shatter their bodies and use them as decorations.



Phosphophyllite, also known as Phos, is a young and fragile Gem who dreams of helping their friends in the war effort. Instead, they are told to compile an encyclopedia because of their delicate condition. After begrudgingly embarking on this task, Phos meets Cinnabar, an intelligent gem who has been relegated to patrolling the isolated island at night because of the corrosive poison their body creates. After seeing how unhappy Cinnabar is, Phos decides to find a role that both of the rejected Gems can enjoy. Houseki no Kuni follows Phos' efforts to be useful and protect their fellow Gems.",https://s4.anilist.co/file/anilistcdn/media/anime/cover/large/bx98707-25nUKb4XUFgY.png,https://s4.anilist.co/file/anilistcdn/media/anime/banner/98707-ZcFGfUAS4YwK.jpg,4.2,,,,,,,,,,,,,,,Action;Drama;Fantasy;Mystery;Psychological,Orange,,,,,,,,,,,,
Yu Yu Hakusho: Ghostfiles,幽☆遊☆白書,TVA,1992,112,COMPLETED,Studio Pierrot,"Urameshi Yusuke, 14 years of age, is about as troublesome and violent as teenagers come. He is constantly ditching school, causing trouble, and getting into numerous fights everyday. One day however, he does the unexpected, sacrificing himself to save a young child. Such an action, was never ever expected, especially coming from someone as troublesome as Urameshi Yusuke. The afterlife is not prepared for Yusuke, as they never thought he would make such a sacrifice. Nowhere to go, and dead, Yusuke becomes a ghost and must earn his way back into existence.


Yusuke is ""employed"" by Koenma, who is in charge while his father and ruler of the afterlife, King Enma, is away. Under Koenma's command, Yusuke helps to stop menacing demons that threaten the lives of people everywhere; whether by stealing priceless and invaluable items and destructive weapons, or by wreaking havoc on humans everywhere.


Throughout Yusuke's journey, he is usually joined by; his arch-rival, and local bully, Kuwabara Kazuma. He is also joined by two demons named Hiei and Kurama, whom are ex-convicts of the afterlife that managed to escape from Koenma.


This group of unlikely allies goes on to participate and struggle in battles that have outcomes that determine the fate of humanity!


(Source: AniDB)",https://s4.anilist.co/file/anilistcdn/media/anime/cover/large/bx392-z90299zIvYmx.png,https://s4.anilist.co/file/anilistcdn/media/anime/banner/392-nbB6cBnhHOFb.jpg,4.2,,,,,,,,,,,,,,,Action;Adventure;Comedy;Supernatural,Studio Pierrot,,,,,,,,,,,,
Horimiya: The Missing Pieces,ホリミヤ -piece-,TVA,2023,13,COMPLETED,CloverWorks,"A new anime project adapting popular side stories that were left out from the previous adaptation.



As the graduation ceremony at Katagiri High School comes to an end, Kyouko Hori, her boyfriend Izumi Miyamura, and their friends begin to look back on their time as students. The moments they shared together may be fleeting, but each one is a colorful piece of their precious memories.



(Source: MAL Rewrite)",https://s4.anilist.co/file/anilistcdn/media/anime/cover/large/bx163132-C220CO5UrTxY.jpg,https://s4.anilist.co/file/anilistcdn/media/anime/banner/163132-bxxTKGlmlnOm.jpg,4.0,,,,,,,,,,,,,,,Comedy;Romance;Slice of Life,CloverWorks,,,,,,,,,,,,
My Love Story!!,俺物語!!,TVA,2015,24,COMPLETED,MADHOUSE,"Takeo Gouda is a giant guy with a giant heart. Too bad the girls don't want him! (They always go for his good-looking best friend, Sunakawa.) Used to being on the sidelines, Takeo simply stands tall and accepts his fate. But one day when he saves a girl named Yamato from a harasser on the train, his (love!) life suddenly takes an incredible turn! Takeo can hardly believe it when he crosses paths with Yamato again, and he finds himself falling in love with her… But with handsome Sunakawa around, does Takeo even stand a chance?


(Source: Crunchyroll)",https://s4.anilist.co/file/anilistcdn/media/anime/cover/large/bx20946-ejH7JhG6z25y.png,https://s4.anilist.co/file/anilistcdn/media/anime/banner/20946-r4wJYuCgFO1z.jpg,3.9,,,,,,,,,,,,,,,Comedy;Romance,MADHOUSE,,,,,,,,,,,,
"More than a Married Couple, but Not Lovers.",夫婦以上、恋人未満。,TVA,2022,12,COMPLETED,studio MOTHER,"Third-year high school student Jirou Yakuin hoped to partner with Shiori Sakurazaka of the same class in the mandatory ""Couple Practical"" course. In this practical, students must demonstrate that they have the necessary skillset to live with a partner of the opposite sex while presenting a certain level of harmony to the video surveillance that grades them.



Unfortunately, random chance put his slightly subdued self into the practical with the person polar opposite to him, the gyaru Akari Watanabe. Akari on the other hand hoped to be paired with her crush Minami Tenjin.



Their hopes are doubly dashed when they find out that Shiori and Minami are assigned together. Thus, they reluctantly decide to cooperate to reach the top ten, which would give them the right to exchange partners if both couples agree. To that end, Jirou steals Akari's first kiss without realizing what he'd done, while giving a hurried good-bye kiss...",https://s4.anilist.co/file/anilistcdn/media/anime/cover/large/bx141949-tViCIRHPZAyG.jpg,https://s4.anilist.co/file/anilistcdn/media/anime/banner/141949-37BoBF129jLT.jpg,3.8,,,,,,,,,,,,,,,Comedy;Drama;Ecchi;Romance,studio MOTHER,,,,,,,,,,,,
Moriarty the Patriot,憂国のモリアーティ,TVA,2020,11,COMPLETED,Production I.G,"In the late 19th century, the British Empire nobility reigns while its working class suffers at their hands. Sympathetic to their plight, William James Moriarty wants to topple it all. Frustrated by the systemic inequity, Moriarty strategizes to fix the entire nation. Not even consulting detective Sherlock Holmes can stand in his way. It's time for crime to revolutionize the world!



(Source: Funimation)



Note: The first episode received an early screening on September 21st, 2020. The regular TV broadcast started on October 11th, 2020.",https://s4.anilist.co/file/anilistcdn/media/anime/cover/large/bx114124-def92qPuIVeK.jpg,https://s4.anilist.co/file/anilistcdn/media/anime/banner/114124-44utnIatIX16.jpg,4.0,,,,,,,,,,,,,,,Drama;Mystery;Psychological,Production I.G,,,,,,,,,,,,
A Certain Scientific Railgun,とある科学の超電磁砲,TVA,2009,24,COMPLETED,J.C.STAFF,"Academy City is a highly developed place in terms of technology. It is said to be 20 to 30 years ahead of the rest of the world, and 80% of its 2.3 million residents are students. The focus of studies here is directed towards esper powers. Misaka Mikoto, one of the top level espers in town, shares a room with Kuroko Shirai, another high level esper who is a member of Judgement, a law enforcing agency composed of students. Both attend Tokiwadai, a private school reserved for the high-leveled and the rich. Kuroko's partner at Judgement, Kazari Uiharu, is a low level esper who studies at Sakugawa middle school. Her best friend and classmate there is Ruiko Saten, a level zero, one who has no esper powers. Together, the four encounter several adventures in the exciting scientific town. 


(Source: Anime News Network)",https://s4.anilist.co/file/anilistcdn/media/anime/cover/large/bx6213-QtrlDQnexApL.jpg,https://s4.anilist.co/file/anilistcdn/media/anime/banner/6213-utGqTxmP6U2F.jpg,3.8,,,,,,,,,,,,,,,Action;Fantasy;Sci-Fi,J.C.STAFF,,,,,,,,,,,,
"Say ""I love you"".",好きっていいなよ。,TVA,2012,13,COMPLETED,ZEXCS,"To trust is to set yourself up for failure. That’s the lesson Mei Tachibana learned when her heart was broken. She found a solution: never make any more friends. It’s not as easy as it sounds, but it works for Mei. At least it did until handsome and charming Yamato Kurosawa showed up to complicate everything. Mei’s not looking for a white knight. So why did he have to kiss her and ruin everything? Between heartbeats and behind trembling lips the specter of betrayals past, future, and present haunt them both in Say ""I Love You""!

(Source: Hulu)",https://s4.anilist.co/file/anilistcdn/media/anime/cover/large/nx14289-vRTzC8u4XuvW.png,https://s4.anilist.co/file/anilistcdn/media/anime/banner/14289-QSuorl0srSNZ.jpg,3.5,,,,,,,,,,,,,,,Drama;Romance,ZEXCS,,,,,,,,,,,,
The Dangers in My Heart,僕の心のヤバイやつ,TVA,2023,12,COMPLETED,Shin-Ei Animation,"Fascinated by murder and all things macabre, Kyoutarou daydreams of acting out his twisted fantasies on his unsuspecting classmates — but an encounter with Anna Yamada, the gorgeous class idol, lights a spark in the darkness of his heart. It’s a classic tale of an antisocial boy falling for a popular girl, but neither are who they appear to be at first glance. Will Kyoutarou and Anna defy their expectations of each other — and of themselves?



(Source: HIDIVE)",https://s4.anilist.co/file/anilistcdn/media/anime/cover/large/bx153152-Xnwmx7wuoIWV.jpg,https://s4.anilist.co/file/anilistcdn/media/anime/banner/153152-rBoe4ue4EjzI.jpg,4.0,,,,,,,,,,,,,,,Comedy;Romance;Slice of Life,Shin-Ei Animation,,,,,,,,,,,,
Made in Abyss: The Golden City of the Scorching Sun,メイドインアビス 烈日の黄金郷,TVA,2022,12,COMPLETED,Kinema Citrus,"The second season of Made in Abyss.



Directly after the events of Made in Abyss: Fukaki Tamashii no Reimei, the third installment of Made in Abyss covers the adventures of Reg, Riko, and Nanachi in the Sixth Layer, The Capital of the Unreturned.



Note: The last episode aired with a runtime of ~48 minutes as opposed to the standard 24 minute long episode.",https://s4.anilist.co/file/anilistcdn/media/anime/cover/large/bx114745-fBgTC12T7IAy.jpg,https://s4.anilist.co/file/anilistcdn/media/anime/banner/114745-945IZS3qnjK4.jpg,4.2,,,,,,,,,,,,,,,Adventure;Drama;Fantasy;Horror;Mystery;Sci-Fi,Kinema Citrus,,,,,,,,,,,,
Barakamon,ばらかもん,TVA,2014,12,COMPLETED,Kinema Citrus,"Seishuu Handa is an up-and-coming calligrapher: young, handsome, talented, and unfortunately, a narcissist to boot. When a veteran labels his award-winning piece as ""unoriginal,"" Seishuu quickly loses his cool with severe repercussions. 



As punishment, and also in order to aid him in self-reflection, Seishuu's father exiles him to the Goto Islands, far from the comfortable Tokyo lifestyle the temperamental artist is used to. Now thrown into a rural setting, Seishuu must attempt to find new inspiration and develop his own unique art style—that is, if boisterous children (headed by the frisky Naru Kotoishi), fujoshi middle schoolers, and energetic old men stop barging into his house! The newest addition to the intimate and quirky Goto community only wants to get some work done, but the islands are far from the peaceful countryside he signed up for. Thanks to his wacky neighbors who are entirely incapable of minding their own business, the arrogant calligrapher learns so much more than he ever hoped to. 


(Source: MAL Rewrite)",https://s4.anilist.co/file/anilistcdn/media/anime/cover/large/bx20722-2KAeq72E95dr.png,https://s4.anilist.co/file/anilistcdn/media/anime/banner/20722-vjD7BMct1l1n.jpg,4.1,,,,,,,,,,,,,,,Slice of Life,Kinema Citrus,,,,,,,,,,,,
"WataMote: No Matter How I Look At It, It's You Guys' Fault I'm Not Popular!",私がモテないのはどう考えてもお前らが悪い!,TVA,2013,12,COMPLETED,SILVER LINK.,"At the tender age of 15, Tomoko Kuroki has already dated hundreds of boys — or at least in dating games she has. The sad truth is that she gets tongue-tied just talking to people, which makes her entrance into the social pressure cooker of high school especially odious and riddled with anxiety. Can Tomoko overcome her crippling social anxiety and finally have the popular high school life she’s always dreamed of? Or will she merely get caught in the downward spiral that is her awkward life?



(Source: HIDIVE)",https://s4.anilist.co/file/anilistcdn/media/anime/cover/large/bx16742-apAy622TmkVd.jpg,https://s4.anilist.co/file/anilistcdn/media/anime/banner/16742-E9MjNzAvKksd.jpg,3.4,,,,,,,,,,,,,,,Comedy;Slice of Life,SILVER LINK.,,,,,,,,,,,,
Gleipnir,グレイプニル,TVA,2020,13,COMPLETED,PINE JAM,"Shuuichi Kagaya isn’t human. He has an unnatural sense of smell, and can transform into an incredibly powerful beast… of sorts. He does all he can to avoid standing out and being discovered, but no good deed goes unpunished, and his decision to use his power to save a girl spells the end for his quiet life.",https://s4.anilist.co/file/anilistcdn/media/anime/cover/large/bx108241-Mc28QvkdUkfp.jpg,https://s4.anilist.co/file/anilistcdn/media/anime/banner/108241-Cbfv8GHRMFoQ.jpg,3.3,,,,,,,,,,,,,,,Action;Ecchi;Mystery;Supernatural,PINE JAM,,,,,,,,,,,,
HINAMATSURI,ヒナまつり,TVA,2018,12,COMPLETED,feel.,"The comedy manga centers around a super-powered girl named Hina and Nitta, a young member of the yakuza. Hina suddenly appears in Nitta's room and threatens him with her extraordinary powers. However, they end up living together.



(Source: Anime News Network)",https://s4.anilist.co/file/anilistcdn/media/anime/cover/large/bx100077-FgGYIt8gGyrn.jpg,https://s4.anilist.co/file/anilistcdn/media/anime/banner/100077-XKMTrxaMGhBj.jpg,4.0,,,,,,,,,,,,,,,Comedy;Sci-Fi;Slice of Life;Supernatural,feel.,,,,,,,,,,,,
Food Wars! The Fifth Plate,食戟のソーマ 豪ノ皿,TVA,2020,13,COMPLETED,J.C.STAFF,"The fifth and the final season of Shokugeki no Souma.

Yukihira Souma has been helping out his family diner, honing his skills. With his father's recommendation, he decides to enroll into ""Totsuki Saryo Culinary Institute"", a school for the most elites of the culinary world. During his time there, he has grown so much as a chef through studying hard with friends and competing against rivals in shokugeki battles.



Souma has now moved up a grade and he has finally grasped what he has always hoped for; the first seat at the Totsuki Ten Masters Council.



In the meantime, an invitation to a world-class cooking competition known as ""BLUE"" arrives to Totsuki. ""BLUE"" is one of the most authentic gastronomic tournaments for young chefs seeking fame. However, there's been a change to this year's system and themes are all out of ordinary!

(Source: Official Website)",https://s4.anilist.co/file/anilistcdn/media/anime/cover/large/bx114043-QkgiycojrojN.jpg,https://s4.anilist.co/file/anilistcdn/media/anime/banner/114043-5RRtoLPrzQ0P.jpg,3.6,,,,,,,,,,,,,,,Comedy;Drama;Ecchi,J.C.STAFF,,,,,,,,,,,,
Uzaki-chan Wants to Hang Out!,宇崎ちゃんは遊びたい！,TVA,2020,12,COMPLETED,ENGI,"Sakurai Shinichi’s one wish is for a little peace and quiet. But Uzaki Hana–his boisterous, well-endowed underclassman–has other plans. All she wants is to hang out and poke fun at him. With the help of her chipper charm and peppy persistence, this might just be the start of a beautiful relationship!



(Source: Seven Seas Entertainment)",https://s4.anilist.co/file/anilistcdn/media/anime/cover/large/bx115113-bJDZV7kP0XrP.png,https://s4.anilist.co/file/anilistcdn/media/anime/banner/115113-wIWyzBlDR5Kt.jpg,3.4,,,,,,,,,,,,,,,Comedy;Ecchi;Romance;Slice of Life,ENGI,,,,,,,,,,,,
Asobi Asobase - workshop of fun -,あそびあそばせ,TVA,2018,12,COMPLETED,Lerche,"Olivia is a blonde-haired beauty who was born and raised in Japan, but can’t speak any English. Despite always acting serious and as an intellectual, Kasumi is a bespectacled girl with short hair, who also can’t speak English. Finally, there’s the pig-tailed Hanako, who’s cheerful but can’t seem to become a normie. The three middle schoolers end up making a “Players’ Club”?! The ultimately cute, ultimately fun and hilarious teenage girls’ comedy is about to begin!



(Source: Crunchyroll)",https://s4.anilist.co/file/anilistcdn/media/anime/cover/large/bx101001-UERCW0UGi0P7.jpg,https://s4.anilist.co/file/anilistcdn/media/anime/banner/101001-q22QfHFzEavh.jpg,4.0,,,,,,,,,,,,,,,Comedy;Slice of Life,Lerche,,,,,,,,,,,,
Kaiju No. 8 Season 2,怪獣８号 第２期,TVA,2025,11,COMPLETED,Production I.G,"Following the massive operation that led to the confinement of recent recruit Kafka Hibino, otherwise known as Kaiju No. 8, the Defense Force has been puzzled by how to deal with him. Kafka is the first kaiju to side with humans, and after careful consideration, he is eventually transferred to the Defense Force's First Division in the hope of adding his power to the strongest division, capable of handling any threat. However, some people are still doubtful about Kafka, and he must prove his worth in the next mission.



Kafka and the First Division are soon dispatched when a massive horde of ant-like kaiju begins wreaking havoc. Thanks to the combined strength of Kafka's friend Kikoru Shinomiya and their captain, Gen Narumi, the mission seems to progress as it should. However, when Kafka fails to transform into his kaiju form, the dreadful Kaiju No. 9 joins the battle with only one goal—to eliminate him and steal his power. Although the situation is looking grim, Kafka must overcome his most difficult trial yet with the others if he wants to keep pursuing his dream: fighting side by side with his childhood friend and Third Division captain, Mina Ashiro.



(Source: MAL Rewrite)",https://s4.anilist.co/file/anilistcdn/media/anime/cover/large/bx178754-Dgrub8xgC03M.jpg,https://s4.anilist.co/file/anilistcdn/media/anime/banner/178754-pzQw3EJ0DYO9.jpg,3.9,,,,,,,,,,,,,,,Action;Sci-Fi,Production I.G,,,,,,,,,,,,
One-Punch Man Season 3,ワンパンマン３,TVA,2025,12,COMPLETED,J.C.STAFF,"The third season of One Punch Man.


Saitama is a hero who only became a hero for fun. After three years of ""special training,"" he’s become so strong that he's practically invincible. In fact, he's too strong—even his mightiest opponents are taken out with a single punch. Alongside Genos, his faithful disciple, Saitama performs his official hero duties as a member of the Hero Association.


One day, monsters claiming to be from the Monster Association suddenly appeared, taking a child of Hero Association executive hostage. The S-class heroes gather and plan a raid on the Monster Association hideout to rescue the hostage. Meanwhile, Garou, a ""human monster"" who was taken by the Monster Association during a battle with the heroes, awakens in the Monster Association hideout.


(Source: EMOTION Label YouTube Channel Description)


Note: Excludes recap episode that aired a week before regular broadcast.",https://s4.anilist.co/file/anilistcdn/media/anime/cover/large/bx153800-8SpzdHOaZCoU.jpg,https://s4.anilist.co/file/anilistcdn/media/anime/banner/153800-bgkLxE9SHmUi.jpg,2.5,,,,,,,,,,,,,,,Action;Comedy;Sci-Fi;Supernatural,J.C.STAFF,,,,,,,,,,,,
My First Girlfriend is a Gal,はじめてのギャル,TVA,2017,10,COMPLETED,NAZ,"Junichi Hashiba is nearing the end of high school and going into panic mode. His time here has not gone as expected: he has no girlfriend and worse yet—he’s still a virgin! Desperate to experience the big ‘first,’ his friends pressure him to approach the gyaru—a fashionable and boy-crazy gal—Yukana Yame for a good time. But his first mistake was thinking this gal would be an easy one!



(Source: Funimation)",https://s4.anilist.co/file/anilistcdn/media/anime/cover/large/bx97863-79AXrUZ7VQa5.jpg,https://s4.anilist.co/file/anilistcdn/media/anime/banner/97863-dUQTCNacPxWL.png,3.0,,,,,,,,,,,,,,,Comedy;Ecchi;Romance;Slice of Life,NAZ,,,,,,,,,,,,
Kaguya-sama: Love is War -The First Kiss That Never Ends-,かぐや様は告らせたい -ファーストキッスは終わらない-,TVA,2023,4,COMPLETED,A-1 Pictures,"Shuchiin Academy’s student council room: the place where Student Council Vice President Kaguya Shinomiya and President Miyuki Shirogane met. After a long battle in love, these two geniuses communicated their feelings and, at the Hoshin Festival, had their very first kiss. However, there was no clear confession of love. The relationship between these two, who assumed they would be a couple, remains ambiguous. Now, overly conscious of their feelings, they must face the biggest challenge yet: Christmas. It’s Shirogane who wants it to be perfect versus Kaguya who pursues the imperfect situation. This is the very “normal” love story of two geniuses and the first kiss that never ends.



(Source: Aniplex of America)



Note: The anime first premiered in theaters across Japan on December 17, 2022. It was later split into 2 parts on TV, and 4 episodes on streaming, and Blu-Ray/DVD.",https://s4.anilist.co/file/anilistcdn/media/anime/cover/large/bx151384-gv0q8wOE6D58.jpg,https://s4.anilist.co/file/anilistcdn/media/anime/banner/151384-JybfIpHr2gx6.jpg,4.3,,,,,,,,,,,,,,,Comedy;Psychological;Romance;Slice of Life,A-1 Pictures,,,,,,,,,,,,
Lucky☆Star,らき☆すた,TVA,2007,24,COMPLETED,Kyoto Animation,"What’s the best way to eat dessert? Do twins really have a psychic connection? What kind of guys are into moe girls? These are the kinds of questions that float through the inquisitive mind of anime super-fan Konata Izumi. When she’s not lost in her favorite manga or logging hours in one of her online games, she’s debating the mysteries of the universe with the best friends a girl could ask for.



(Source: Funimation)",https://s4.anilist.co/file/anilistcdn/media/anime/cover/large/bx1887-P36Pucd4qKji.png,https://s4.anilist.co/file/anilistcdn/media/anime/banner/1887-wsvLo25cHip4.png,3.8,,,,,,,,,,,,,,,Comedy;Slice of Life,Kyoto Animation,,,,,,,,,,,,
Citrus,citrus,TVA,2018,12,COMPLETED,Passione,"Fashionable and friendly Yuzu Aihara is ready to face her brand-new school and find her first love. The only problem? It's an all-girls' school. Determined to make a good impression and lots of friends, Yuzu puts on her best looks—only to wind up in trouble on day-one! After a close encounter by the beautiful yet harsh student council president Mei and having her phone confiscated, Yuzu is losing hope that this will be a perfect high school story. But nothing compares to the shock when she gets home to find out Mei is her brand-new stepsister—who suddenly kisses her! With her heart beating wildly and her emotions a complete mess, Yuzu wonders something: Is she falling for Mei?



Torn between being a good stepsister and dealing with her feelings, Yuzu does everything she can to become close to Mei. But can she melt the ice around Mei's heart and heal the pain she hides?



(Source: Funimation)",https://s4.anilist.co/file/anilistcdn/media/anime/cover/large/bx97832-uMSoHPCn5BnJ.png,https://s4.anilist.co/file/anilistcdn/media/anime/banner/97832-XlWSnm19Vv3w.png,3.0,,,,,,,,,,,,,,,Drama;Romance,Passione,,,,,,,,,,,,
Hellsing,HELLSING,TVA,2001,13,COMPLETED,GONZO,"Hellsing follows the antiheroic vampire, Alucard, and a police girl-turned-vampire, Seras Victoria, two vampires employed by the vampire-extermination group of England, the Hellsing Organization. Slowly but surely, through their active duty, they find a new breed of vampires beginning to arise.



(Source: Anime News Network)",https://s4.anilist.co/file/anilistcdn/media/anime/cover/medium/b270-S2ProngvO6BU.jpg,https://s4.anilist.co/file/anilistcdn/media/anime/banner/270-wzSdgMsCRvtl.jpg,3.6,,,,,,,,,,,,,,,Action;Horror;Supernatural,GONZO,,,,,,,,,,,,
Hajime no Ippo: The Fighting!,はじめの一歩 THE FIGHTING!,TVA,2000,75,COMPLETED,MADHOUSE,"Makunouchi Ippo has been bullied his entire life. Constantly running errands and being beaten up by his classmates, Ippo has always dreamed of changing himself, but never has the passion to act upon it. One day, in the midst of yet another bullying, Ippo is saved by Takamura Mamoru, who happens to be a boxer. Ippo faints from his injuries and is brought to the Kamogawa boxing gym to recover. As he regains consciousness, he is awed and amazed at his new surroundings in the gym, though lacks confidence to attempt anything. Takamura places a photo of Ippo's classmate on a punching bag and forces him to punch it. It is only then that Ippo feels something stir inside him and eventually asks Takamura to train him in boxing. Thinking that Ippo does not have what it takes, Takamura gives him a task deemed impossible and gives him a one week time limit. With a sudden desire to get stronger, for himself and his hard working mother, Ippo trains relentlessly to accomplish the task within the time limit. Thus Ippo's journey to the top of the boxing world begins.",https://s4.anilist.co/file/anilistcdn/media/anime/cover/large/bx263-ivVyn9xAgwSZ.png,https://s4.anilist.co/file/anilistcdn/media/anime/banner/263-8Zejtdb3r2bI.jpg,4.3,,,,,,,,,,,,,,,Comedy;Drama;Sports,MADHOUSE,,,,,,,,,,,,
Fairy Tail Final Season,FAIRY TAIL (2018),TVA,2018,51,COMPLETED,A-1 Pictures,"The final season of Fairy Tail.



Fairy Tail has been disbanded. A year later, Lucy comes into contact with Natsu and Happy. The three of them try to find the other former members' whereabouts to reconstruct the guild as they seek the real reason behind the guild's disbandment.



(Source: Anime News Network)",https://s4.anilist.co/file/anilistcdn/media/anime/cover/large/nx99749-tvz2LCPdMyrp.jpg,https://s4.anilist.co/file/anilistcdn/media/anime/banner/99749-8rflrxLAcLai.jpg,3.8,,,,,,,,,,,,,,,Action;Adventure;Comedy;Fantasy,A-1 Pictures,,,,,,,,,,,,
Tokyo Revengers Season 2,東京リベンジャーズ 聖夜決戦編,TVA,2023,13,COMPLETED,LIDENFILMS,"Despite his best time-leaping efforts, Takemichi Hanagaki continuously fails to prevent the present-day death of Hinata Tachibana, his adolescent love. The adult Takemichi grapples with grief and the ramifications of the Tokyo Manji gang's criminal empire—an unintended product of his timeline meddling. Though the gang once operated under the idealistic Manjirou ""Mikey"" Sano, it has now been taken over by the malicious Tetta Kisaki and, as a result, has abandoned its original optimistic intent.



Despite feeling hopeless, Takemichi travels to the past once again to investigate Black Dragon, a rival motorcycle gang whose actions ultimately lead to Hinata's demise. There, he meets the young Hakkai Shiba, a fellow gang member whose older brother, Taiju, tyrannically rules Black Dragon.



Takemichi, with Chifuyu on his side, works to unravel the fates of Black Dragon's members, fighting to create a happy future for his loved ones.



(Source: MAL Rewrite, edited)",https://s4.anilist.co/file/anilistcdn/media/anime/cover/large/bx142853-nxEZDE9oDRLG.png,https://s4.anilist.co/file/anilistcdn/media/anime/banner/142853-AOOaCQdUHScH.jpg,3.8,,,,,,,,,,,,,,,Action;Drama;Romance;Supernatural,LIDENFILMS,,,,,,,,,,,,
BEASTARS Season 2,BEASTARS 第2期,TVA,2021,12,COMPLETED,Orange,"""Beastar""—a title awarded to beasts who prove their excellence through fighting inequality to unite carnivores and herbivores in an anthropomorphic animal society. Cherryton Academy has gone five years without one such leader. However, following the murder of an alpaca within the school boundaries, the growing tension between the different species poses a greater need for a Beastar to ensure peace and harmony.



When Louis, the prime candidate for this prestigious role, rejects the offer and leaves the academy, the student council declares to honor any student who captures the culprit of the aforementioned murder as Beastar. Meanwhile, Legoshi's sense of duty as a strong wolf who must protect the weak pushes him to investigate the incident. To further complicate his life, he struggles to manage his complex feelings for the white rabbit, Haru.



(Source: MAL Rewrite)



Note: The first episode had an early delivery on Netflix Japan on January 5, 2021. The regular TV broadcast started on January 7, 2021.",https://s4.anilist.co/file/anilistcdn/media/anime/cover/large/bx114194-uMuA92X6JHSj.jpg,https://s4.anilist.co/file/anilistcdn/media/anime/banner/114194-oYdHb4LhmHrs.jpg,3.9,,,,,,,,,,,,,,,Drama;Mystery;Psychological;Romance;Slice of Life,Orange,,,,,,,,,,,,
To Love Ru,To LOVEる -とらぶる-,TVA,2008,26,COMPLETED,Xebec,"Rito Yuuki is unlucky when it comes to love — no matter how hard he tries to confess to his crush, his efforts end in failure. After another day’s confession goes down the drain, Rito spends his night sulking in his bathtub. But when a naked girl with a pointed tail teleports into the tub with him, it seems like Rito’s luck is finally looking up! His fortune doesn’t last long when he finds himself accidentally engaged to the buxom beauty who is none other than the princess of the planet Deviluke!



(Source: HIDIVE)",https://s4.anilist.co/file/anilistcdn/media/anime/cover/large/bx3455-oNiJmsZZTAAj.png,https://s4.anilist.co/file/anilistcdn/media/anime/banner/3455.jpg,3.2,,,,,,,,,,,,,,,Comedy;Ecchi;Romance;Sci-Fi,Xebec,,,,,,,,,,,,
Blood Lad,ブラッドラッド,TVA,2013,10,COMPLETED,Brain's Base,"Staz is the vampire boss of a section of the demon world, but he has little interest in human blood. He's more infatuated with Japanese culture. When he learns that Yanagi Fuyumi, a Japanese teenage girl, accidentally wanders into the demon city, he jumps to the occasion. However, while Staz deals with an intruder on his turf, the oblivious Fuyumi is killed by a monster and becomes a wandering ghost. The disappointed Staz vows to her that he will find a way to bring Fuyumi back to life.",https://s4.anilist.co/file/anilistcdn/media/anime/cover/large/bx11633-vIjtabJq64Xt.jpg,https://s4.anilist.co/file/anilistcdn/media/anime/banner/11633-LRJK2MSqP1Ya.jpg,3.5,,,,,,,,,,,,,,,Action;Adventure;Comedy;Ecchi;Supernatural,Brain's Base,,,,,,,,,,,,
Plunderer,プランダラ,TVA,2020,24,COMPLETED,GEEKTOYS,"Every human inhabiting the world of Alcia is branded by a “Count” or a number written on their body. Depending on how each person lives their life, this Count either goes up or down. For Hina’s mother, her total drops to 0 and she’s pulled into the Abyss, never to be seen again. But her mother’s last words send Hina on a quest to find a legendary hero from the Waste War—the fabled Ace!



(Source: Funimation)",https://s4.anilist.co/file/anilistcdn/media/anime/cover/large/bx101168-LY3XA61byAVo.jpg,https://s4.anilist.co/file/anilistcdn/media/anime/banner/101168-55dmHGtGlJOY.jpg,3.1,,,,,,,,,,,,,,,Action;Adventure;Comedy;Drama;Ecchi;Fantasy;Romance,GEEKTOYS,,,,,,,,,,,,
The Seven Deadly Sins: Dragon's Judgement,七つの大罪 憤怒の審判,TVA,2021,24,COMPLETED,Studio DEEN,"Time is running out. The curse imposed on Elizabeth will kill her in few days. To lift the curse Meliodas and Ban have travelled to the Demon Realm to challenge Meliodas' father, the Demon King.



Meanwhile, Merlin, Escanor, and Archangel Ludociel are set to slay Meliodas' brother Zeldris. Elsewhere, Meliodas' other brother Estarossa has kidnapped Elizabeth, and it falls to King, Diane, Gowther, and Hawk to rescue her.",https://s4.anilist.co/file/anilistcdn/media/anime/cover/large/bx116752-yIJuKp88adqt.jpg,https://s4.anilist.co/file/anilistcdn/media/anime/banner/116752-P72hkhtqD76t.jpg,3.2,,,,,,,,,,,,,,,Action;Adventure;Comedy;Ecchi;Fantasy;Supernatural,Studio DEEN,,,,,,,,,,,,
Golden Kamuy,ゴールデンカムイ,TVA,2018,12,COMPLETED,Geno Studio,"In the early twentieth century, Russo-Japanese War veteran Saichi “Immortal” Sugimoto scratches out a meager existence during the postwar gold rush in the wilderness of Hokkaido. When he stumbles across a map to a fortune in hidden Ainu gold, he sets off on a treacherous quest to find it. But Sugimoto is not the only interested party, and everyone who knows about the gold will kill to possess it! Faced with the harsh conditions of the northern wilderness, ruthless criminals and rogue Japanese soldiers, Sugimoto will need all his skills and luck—and the help of an Ainu girl named Asirpa—to survive.



(Source: VIZ Media)",https://s4.anilist.co/file/anilistcdn/media/anime/cover/large/bx99699-mBCjpoWpAVGX.jpg,https://s4.anilist.co/file/anilistcdn/media/anime/banner/99699-95D2XWA6eWAH.jpg,3.9,,,,,,,,,,,,,,,Action;Adventure;Comedy,Geno Studio,,,,,,,,,,,,
Bloom Into You,やがて君になる,TVA,2018,13,COMPLETED,TROYCA,"Yuu Koito thought love would be something amazing and magical, but when a male friend asks her to date, she feels nothing. She doesn't even know how to respond until she overhears the student council president of her new high school, Touko Nanami, turning down a similar request. With Touko's help, Yuu manages to let her friend down gracefully, but then Touko confesses that she, herself, is starting to have feelings for Yuu, leaving Yuu in a quandary. Yuu doesn't think that she's in love with Touko, but she does feel something. As Yuu joins the Student Council, and she and Touko become closer, her confusion about her feelings only continues to grow. Because you can't control who you love, or who falls in love with you.



(Source: Sentai Filmworks)",https://s4.anilist.co/file/anilistcdn/media/anime/cover/large/nx101573-Gql3Q3UX1jcu.jpg,https://s4.anilist.co/file/anilistcdn/media/anime/banner/101573-yaDZ76cLeMBU.jpg,3.9,,,,,,,,,,,,,,,Drama;Romance;Slice of Life,TROYCA,,,,,,,,,,,,
GANGSTA.,GANGSTA.,TVA,2015,12,COMPLETED,Manglobe,"In the city of Ergastulum, a shady ville filled with made men and petty thieves, whores on the make and cops on the take, there are some deeds too dirty for even its jaded inhabitants to touch. Enter the ""Handymen,"" Nic and Worick, who take care of the jobs no one else will handle. Until the day when a cop they know on the force requests their help in taking down a new gang muscling in on the territory of a top Mafia family. It seems like business (and mayhem) as usual, but the Handymen are about to find that this job is a lot more than they bargained for.



(Source: Anime News Network)",https://s4.anilist.co/file/anilistcdn/media/anime/cover/large/bx20773-yfJQMyHqZyJr.jpg,https://s4.anilist.co/file/anilistcdn/media/anime/banner/20773-CQXjhFEa4zou.jpg,3.5,,,,,,,,,,,,,,,Action;Drama,Manglobe,,,,,,,,,,,,
Rent-a-Girlfriend Season 2,彼女、お借りします 第2期,TVA,2022,12,COMPLETED,TMS Entertainment,"The second season of Kanojo, Okarishimasu. 


A hopeless college student, Kazuya Kinoshita, meets a graceful rental girlfriend, Chizuru Ichinose, and ends up introducing her as 
his girlfriend to his family and friends. Time goes on with Kazuya unable to tell the truth, as he's surrounded by devilish ex-girlfriend Mami Nanami, who keeps coming back to tempt him for some reason, hyper-aggressive provisional girlfriend Ruka Sarashina, who doesn't know how to take no for an answer, and super shy but diligent and hardworking younger rental girlfriend, Sumi Sakurasawa… beautiful girlfriends of all types! The pub, the beach, hot springs, Christmas, and New Year’s… Having gone through these challenging events, Kazuya's feelings for Chizuru keep growing stronger. But she reveals a shocking truth that threatens to shake their ""relationship"" to the very core!



(Source: Crunchyroll, edited)",https://s4.anilist.co/file/anilistcdn/media/anime/cover/large/bx124410-iScdHzzEqdmk.png,https://s4.anilist.co/file/anilistcdn/media/anime/banner/124410-mo2jQSOaJIeL.jpg,3.2,,,,,,,,,,,,,,,Comedy;Drama;Romance,TMS Entertainment,,,,,,,,,,,,
BLUE LOCK Season 2,ブルーロック VS. U-20 JAPAN,TVA,2024,14,COMPLETED,8-bit,"The second season of  Blue Lock.


The hottest soccer matches start again as the U-20 Japan National Team makes their debut!


(Source: Crunchyroll News)",https://s4.anilist.co/file/anilistcdn/media/anime/cover/large/bx163146-BVZPgyzkqi82.png,https://s4.anilist.co/file/anilistcdn/media/anime/banner/163146-HIz04v1Or7He.jpg,3.8,,,,,,,,,,,,,,,Action;Drama;Sports,8-bit,,,,,,,,,,,,
Girls' Last Tour,少女終末旅行,TVA,2017,12,COMPLETED,WHITE FOX,"Civilization is dead, but Chito and Yuuri are still alive. So they hop aboard their beloved Kettenkrad motorbike and aimlessly wander the ruins of the world they once knew. Day after hopeless day, they look for their next meal and fuel for their ride. But as long as the two are together, even an existence as bleak as theirs has a ray or two of sunshine in it, whether they're sucking down their fill of soup or hunting for machine parts to tinker with. For two girls in a world full of nothing, the experiences and feelings the two share give them something to live for…



(Source: Yen Press)",https://s4.anilist.co/file/anilistcdn/media/anime/cover/large/bx99420-k5Tel6yRMwA8.png,https://s4.anilist.co/file/anilistcdn/media/anime/banner/99420-wwjSxDuLveEu.jpg,4.0,,,,,,,,,,,,,,,Adventure;Sci-Fi;Slice of Life,WHITE FOX,,,,,,,,,,,,
Recovery of an MMO Junkie,ネト充のススメ,TVA,2017,10,COMPLETED,Signal.MD,"Moriko Morioka is a 30-year-old single NEET woman. After dropping out from reality, she has taken off in search for a fulfilling life and ended up in a net game or ""netoge."" In the netoge world, she began her new life as a refreshing and handsome character named Hayashi. While starting out as a beginner, a pretty character named Lily reached out to help her. Meanwhile, in the real world, awaits a shocking encounter with a good-looking elite company employee, a mysterious blue-eyed blonde.



(Source: MAL News)",https://s4.anilist.co/file/anilistcdn/media/anime/cover/large/bx99726-tta6v7TKGYKa.jpg,https://s4.anilist.co/file/anilistcdn/media/anime/banner/99726-f23J9Fuh6dgW.jpg,3.6,,,,,,,,,,,,,,,Comedy;Fantasy;Romance;Slice of Life,Signal.MD,,,,,,,,,,,,
BLEACH: Thousand-Year Blood War - The Separation,BLEACH 千年血戦篇-訣別譚-,TVA,2023,13,COMPLETED,Studio Pierrot,"The second part of BLEACH: Sennen Kessen-hen. 



After a brutal surprise attack by the forces of Quincy King Yhwach, the resident Reapers of the Soul Society lick their wounds and mourn their losses. Many of the surviving Soul Reaper captains train to battle without their Bankai, the ultimate technique wielded by the fiercest warriors.



In the previous assault, Ichigo Kurosaki narrowly managed to help fend off Yhwach's fearsome wrath. However, to ultimately defeat his godly adversary and save his allies, Ichigo must now undergo severe training that will push him beyond his physical, emotional, and mental limits.



Though Yhwach already holds the upper hand in this ongoing blood feud, he also successfully recruits Uryuu Ishida, Ichigo's close friend and rival, to be his successor. Yhwach strikes out once again at the weakened Soul Society, intent on finally obliterating his long-standing enemies. As Ichigo struggles to attain new power, the Soul Reaper captains fight for survival and borrowed time.



(Source: MAL Rewrite)",https://s4.anilist.co/file/anilistcdn/media/anime/cover/large/bx159322-Sp1GflRhE6Po.jpg,https://s4.anilist.co/file/anilistcdn/media/anime/banner/159322-biJjvtNkhkxR.jpg,4.3,,,,,,,,,,,,,,,Action;Adventure;Supernatural,Studio Pierrot,,,,,,,,,,,,
A Sign of Affection,ゆびさきと恋々,TVA,2024,12,COMPLETED,Ajiado,"Yuki Itose is just a typical student dealing with the pressures of college. She is struggling one day on the train when an upperclassman named Itsuomi Nagi helps her out. As he gradually opens a new world to her, Yuki develops feelings for Itsuomi. A pure love story begins to grow.



(Source: Crunchyroll)",https://s4.anilist.co/file/anilistcdn/media/anime/cover/large/bx166794-1MAXFMgND6qS.jpg,https://s4.anilist.co/file/anilistcdn/media/anime/banner/166794-11TpGckiG12q.jpg,4.0,,,,,,,,,,,,,,,Romance;Slice of Life,Ajiado,,,,,,,,,,,,
The World God Only Knows,神のみぞ知るセカイ,TVA,2010,12,COMPLETED,Manglobe,"Keima is a dating sim champion. Cute girls are rendered powerless by his irresistible game playing techniques. Too bad things aren't that way in the real world. That is, until his tempting game playing causes a real live&mdash;and very bubbly-cute&mdash;demon hunter named Elsie to materialize! Now Elsie wants Keima to help her free hot girls from sneaky demons who secretly possess them. 


(Source: Sentai Filmworks)",https://s4.anilist.co/file/anilistcdn/media/anime/cover/large/bx8525-chaE9kM2x0w4.png,https://s4.anilist.co/file/anilistcdn/media/anime/banner/8525-adOMqsr1Thrs.jpg,3.7,,,,,,,,,,,,,,,Comedy;Romance;Supernatural,Manglobe,,,,,,,,,,,,
Lovely Complex,ラブ★コン,TVA,2007,24,COMPLETED,Toei Animation,"Love is unusual for Koizumi Risa and Ootani Atsushi, who are both striving to find their ideal partner in high school—172 cm tall Koizumi is much taller than the average girl, and Ootani is much shorter than the average guy at 156 cm. To add to their plights, their crushes fall in love with each other, leaving Koizumi and Ootani comically flustered and heartbroken. To make matters worse, they're even labeled as a comedy duo by their homeroom teacher due to their personalities and the stark difference in their heights, and their classmates even think of their arguments as sketches.



Lovely★Complex follows Koizumi and Ootani as they encourage each other in finding love and become close friends. Apart from their ridiculous antics, they soon find out an unexpected similarity in their music and fashion tastes. Maybe they possess a chemistry yet unknown, but could love ever bloom between the mismatched pair?



(Source: MAL Rewrite)",https://s4.anilist.co/file/anilistcdn/media/anime/cover/large/bx2034-erjg6gzDetAp.png,https://s4.anilist.co/file/anilistcdn/media/anime/banner/2034-AL1Xtj5GqKu3.jpg,3.9,,,,,,,,,,,,,,,Comedy;Romance;Slice of Life,Toei Animation,,,,,,,,,,,,
Dr. STONE New World Part 2,Dr.STONE NEW WORLD 第2クール,TVA,2023,11,COMPLETED,TMS Entertainment,"The second cour  of Dr. STONE: NEW WORLD.



Years ago, astronaut Byakuya left behind precious materials in the belief that his son, the scientifically-gifted Senkuu, would one day find them. In the present, the Kingdom of Science's Kohaku and Ginrou have infiltrated the harem of the Petrification Kingdom’s leader with the help of Amaryllis, a local girl. At first, their mission progresses without a hitch. Unfortunately, an error enacted by Kohaku and Ginrou leads Minister Ibara and the Island’s strongest warrior, Moz, to identify the intruding duo as enemies.



Even worse, Moz tails Amaryllis when she returns to inform Senkuu of the news, discovering the scientist's secret hideout. However, Moz's agenda does not align with Ibara's—he wants to dethrone the minister and keep the petrification device for himself. If Senkuu plays his cards right, he could gain a powerful ally and win the war once and for all.



(Source: MAL Rewrite)",https://s4.anilist.co/file/anilistcdn/media/anime/cover/large/bx162670-07XrFq2hreTx.jpg,https://s4.anilist.co/file/anilistcdn/media/anime/banner/162670-usucQbwBz6ES.jpg,4.1,,,,,,,,,,,,,,,Action;Adventure;Comedy;Sci-Fi,TMS Entertainment,,,,,,,,,,,,
DRIFTERS,DRIFTERS,TVA,2016,12,COMPLETED,Hoods Entertainment,"The story centers around Shimazu Toyohisa, the real-life samurai who fought in the pivotal Battle of Sekigahara. In his dying moments, Shimazu is transported to a world of magic with other famous warriors throughout history. These warriors are forced to fight each other in an endless battle.



(Source: Anime News Network)",https://s4.anilist.co/file/anilistcdn/media/anime/cover/large/bx21123-bCuqm8wLDqOw.png,https://s4.anilist.co/file/anilistcdn/media/anime/banner/21123-AB6drAXL5FhN.jpg,3.8,,,,,,,,,,,,,,,Action;Adventure;Comedy;Fantasy,Hoods Entertainment,,,,,,,,,,,,
Hunter x Hunter,HUNTER×HUNTER,TVA,1999,62,COMPLETED,Nippon Animation,"A Hunter is one who travels the world doing all sorts of dangerous tasks. From capturing criminals to searching deep within uncharted lands for any lost treasures. Gon is a young boy whose father disappeared long ago, being a Hunter. He believes if he could also follow his father's path, he could one day reunite with him.


After becoming 12, Gon leaves his home and takes on the task of entering the Hunter exam, notorious for its low success rate and high probability of death to become an official Hunter. He befriends the revenge-driven Kurapika, the doctor-to-be Leorio and the rebellious ex-assassin Killua in the exam, with their friendship prevailing throughout the many trials and threats they come upon taking on the dangerous career of a Hunter. Based on the manga by Togashi Yoshihiro.",https://s4.anilist.co/file/anilistcdn/media/anime/cover/large/bx136-gj0bbCpDNrKG.jpg,https://s4.anilist.co/file/anilistcdn/media/anime/banner/136-uHALFo2vGOGd.jpg,4.2,,,,,,,,,,,,,,,Action;Adventure;Fantasy,Nippon Animation,,,,,,,,,,,,
The Summer Hikaru Died,光が死んだ夏,TVA,2025,12,COMPLETED,CygamesPictures,"Two best friends living in a rural Japanese village: Yoshiki and Hikaru. Growing up together, they were inseparable… until the day Hikaru came back from the mountains, and was no longer himself. “Something” has taken over Hikaru’s body, memories, feelings… and everything they know begins to unravel.



(Source: Netflix)",https://s4.anilist.co/file/anilistcdn/media/anime/cover/large/bx177689-d0mB5nYgdnhi.jpg,https://s4.anilist.co/file/anilistcdn/media/anime/banner/177689-hbCQDYraujAG.jpg,4.0,,,,,,,,,,,,,,,Horror;Mystery;Psychological;Supernatural;Thriller,CygamesPictures,,,,,,,,,,,,
Sankarea: Undying Love,さんかれあ,TVA,2012,12,COMPLETED,Studio DEEN,"Furuya's not interested in the living, he's got zombies on the brain! When Furuya's cat dies, he decides he's going to try and bring it back to life. In the process, he stumbles across a girl who is involved in an accident and turns into a real zombie! What's Furuya going to do now that the thing he loves the most is right in front of his eyes?


(Source: FUNimation)",https://s4.anilist.co/file/anilistcdn/media/anime/cover/large/bx11499-SeYog5nP4Uks.png,https://s4.anilist.co/file/anilistcdn/media/anime/banner/11499-etOfsgdjZY4L.jpg,3.5,,,,,,,,,,,,,,,Comedy;Ecchi;Horror;Romance;Supernatural,Studio DEEN,,,,,,,,,,,,
Uncle from Another World,異世界おじさん,TVA,2022,13,COMPLETED,Atelier Pontdarc,"​Seventeen years ago, Takafumi's uncle fell into a coma, but now he's back like a man risen from his grave. Soon, Takafumi discovers two bizarre things: His uncle treasures video games above all else, and, while comatose, he was actually transported to another world as some heroic guardian! Now, not only does Takafumi have to room with an uncle who is literally magical, he also has to catch the guy up on two decades of history—smartphones, high-speed internet, modern anime tropes…and the traumatic outcome of the '90s console war!  



(Source: Yen Press)",https://s4.anilist.co/file/anilistcdn/media/anime/cover/large/bx135806-uhqZSNTYZe04.jpg,https://s4.anilist.co/file/anilistcdn/media/anime/banner/135806-1220X720dDpZ.jpg,3.8,,,,,,,,,,,,,,,Adventure;Comedy;Fantasy,Atelier Pontdarc,,,,,,,,,,,,
March comes in like a lion Season 2,３月のライオン 第2シリーズ,TVA,2017,22,COMPLETED,Shaft,"The second season of 3-gatsu no Lion.



Now in his second year of high school, Rei Kiriyama continues pushing through his struggles in the professional shogi world as well as his personal life. Surrounded by vibrant personalities at the shogi hall, the school club, and in the local community, his solitary shell slowly begins to crack. Among them are the three Kawamoto sisters—Akari, Hinata, and Momo—who forge an affectionate and familial bond with Rei. Through these ties, he realizes that everyone is burdened by their own emotional hardships and begins learning how to rely on others while supporting them in return.



Nonetheless, the life of a professional is not easy. Between tournaments, championships, and title matches, the pressure mounts as Rei advances through the ranks and encounters incredibly skilled opponents. As he manages his relationships with those who have grown close to him, the shogi player continues to search for the reason he plays the game that defines his career.",https://s4.anilist.co/file/anilistcdn/media/anime/cover/large/bx98478-Yua5iL9zbrji.jpg,https://s4.anilist.co/file/anilistcdn/media/anime/banner/98478-BDH64RDmBlr8.jpg,4.5,,,,,,,,,,,,,,,Drama;Slice of Life,Shaft,,,,,,,,,,,,
Gabriel DropOut,ガヴリールドロップアウト,TVA,2017,12,COMPLETED,Doga Kobo,"An angel at the top of an angel school has descended to the human world! However, she has already acclimated to the life of the human world so much that she ends up leading a self-indulgent life, skipping school all the time and being absorbed in online games. Gabriel soon forgets about her original goal to make human beings happy and has turned into a lazy and hopeless angel, or a “sloppy angel” in short. Amazingly, she swears to continue to fully enjoy the pleasure of various entertainments of the human world.



(Source: Crunchyroll)",https://s4.anilist.co/file/anilistcdn/media/anime/cover/large/bx21878-rfzDjP2gjxGR.jpg,https://s4.anilist.co/file/anilistcdn/media/anime/banner/21878-QVYm5dI7QOmy.jpg,3.6,,,,,,,,,,,,,,,Comedy;Slice of Life;Supernatural,Doga Kobo,,,,,,,,,,,,
We Never Learn: BOKUBEN,ぼくたちは勉強ができない,TVA,2019,13,COMPLETED,Studio Silver,"His late father always said that a useless man should strive to be useful, so to that end, third-year high school student Nariyuki Yuiga dedicated himself to becoming a high-achieving student in his school, despite his history of poor grades. In order to give his destitute family a better life, his ultimate goal is to obtain the special VIP nomination, a prestigious scholarship covering all future university tuition fees. Although Nariyuki could feasibly be a shoe-in for the nomination, he is constantly overshadowed by classmates Rizu Ogata and Fumino Furuhashi in mathematics and literature, respectively.



To his delight, Nariyuki receives the nomination, but there’s a catch: he has to tutor his two star classmates, who are each hopelessly mediocre at the other’s subject of expertise! To make matters worse, the subjects they are horrible at are the same subjects they want to pursue for their future. As the time to submit university applications draws nearer, Nariyuki must find an effective tutoring method for the girls before it’s too late.



(Source: Official Website)",https://s4.anilist.co/file/anilistcdn/media/anime/cover/large/bx103900-E3rqgpq4X0Py.jpg,https://s4.anilist.co/file/anilistcdn/media/anime/banner/103900-I3gUCm5xlsyX.jpg,3.5,,,,,,,,,,,,,,,Comedy;Ecchi;Romance;Slice of Life,Studio Silver,,,,,,,,,,,,
"Girlfriend, Girlfriend",カノジョも彼女,TVA,2021,12,COMPLETED,Tezuka Productions,"The protagonist, Naoya, is a first-year in high school. He asks out Saki, a girl he has been in love with, and she agrees to be his girlfriend. He's currently on cloud nine. But then, a beautiful girl named Nagisa comes up to Naoya one day and tells him that she wants to go out with him. Naoya feels himself wavering because Nagisa is such a good girl, and he comes to a decision! A new kind of romcom from a rather unexpected decision is about to begin!



(Source: Crunchyroll)",https://s4.anilist.co/file/anilistcdn/media/anime/cover/large/bx126192-3fFbZJFSwrHH.jpg,https://s4.anilist.co/file/anilistcdn/media/anime/banner/126192-BQvOYqBnotKx.jpg,3.1,,,,,,,,,,,,,,,Comedy;Ecchi;Romance;Slice of Life,Tezuka Productions,,,,,,,,,,,,
Skip and Loafer,スキップとローファー,TVA,2023,12,COMPLETED,P.A.WORKS,"This country girl is ready for the big city! Well, at least she thought she was. Mitsumi’s dream is to attend a prestigious school and make the world a better place. But when she finally gets to Tokyo, it turns out she isn’t exactly prepared for city life. Luckily, she runs into Shima, a sweet and handsome classmate who becomes her first friend! Can she make it in Tokyo with Shima by her side?



(Source: Crunchyroll)",https://s4.anilist.co/file/anilistcdn/media/anime/cover/large/bx141911-o6Jwav7hRPPM.jpg,https://s4.anilist.co/file/anilistcdn/media/anime/banner/141911-XqAZO540hFXw.jpg,4.0,,,,,,,,,,,,,,,Comedy;Romance;Slice of Life,P.A.WORKS,,,,,,,,,,,,
Platinum End,プラチナエンド,TVA,2021,24,COMPLETED,Signal.MD,"When life becomes too much for Mirai to bear and attempts taking his own life, he’s saved by Nasse, a guardian angel who offers him a chance at becoming the new god. To do so, he must face off against 12 other candidates within 999 days. Mirai, who was once at rock bottom, now finds himself with supernatural powers in a battle royale for the highest title.



(Source: Funimation)",https://s4.anilist.co/file/anilistcdn/media/anime/cover/large/bx127401-fVKVbuIE5W5Q.jpg,https://s4.anilist.co/file/anilistcdn/media/anime/banner/127401-e27CVSLfGjnb.jpg,2.9,,,,,,,,,,,,,,,Drama;Mystery;Psychological;Romance;Supernatural,Signal.MD,,,,,,,,,,,,
Dragon Ball GT,ドラゴンボールGT,TVA,1996,64,COMPLETED,Toei Animation,"Emperor Pilaf finally has his hands on the Black Star Dragon Balls after years of searching, which are said to be twice as powerful as Earth's normal ones. Pilaf is about to make his wish for world domination when he is interrupted by Gokuu Son. As a result, Pilaf flubs his wish and accidentally turns Gokuu back into a child.



After the wish is granted, the Black Star Dragon Balls scatter across the galaxy. However, Gokuu discovers that they will cause the Earth to explode unless they are all brought back within a year. Uniting with his granddaughter Pan and a young adult Trunks, Gokuu sets off on an adventure through the universe to find the Black Star Dragon Balls and save his planet from destruction.



(Source: MAL Rewrite)",https://s4.anilist.co/file/anilistcdn/media/anime/cover/large/bx225-pzkDUVy7tKxH.png,https://s4.anilist.co/file/anilistcdn/media/anime/banner/225-gMgT7ZPEFvQ7.jpg,3.1,,,,,,,,,,,,,,,Action;Adventure;Comedy;Sci-Fi,Toei Animation,,,,,,,,,,,,
Undead Unluck,アンデッドアンラック,TVA,2023,24,COMPLETED,david production,"All Fuuko wants is a passionate romance like the one in her favorite shoujo manga. Unfortunately, her Unluck ability makes that impossible. But just as Fuuko hits rock bottom, Andy sweeps her off her feet—literally! Now she's become Andy's unwilling test subject as he works to find a way to trigger a stroke of Unluck big enough to kill him for good. However, when the pair discovers a secret organization is hunting them, it puts Andy's burial plans on hold.



(Source: VIZ Media)",https://s4.anilist.co/file/anilistcdn/media/anime/cover/large/bx154116-3ydDI9hhvPgw.png,https://s4.anilist.co/file/anilistcdn/media/anime/banner/154116-dFaciqCd2pZU.jpg,3.8,,,,,,,,,,,,,,,Action;Comedy;Sci-Fi;Supernatural,david production,,,,,,,,,,,,
Natsume's Book of Friends Season 1,夏目友人帳,TVA,2008,13,COMPLETED,Brain's Base,"Natsume has always been an outcast because he inherited his grandmother's ability to see yokai. After moving to his grandmother's hometown and accidentally releasing a yokai imprisoned in a Lucky Cat statue, he learns about his grandmother's ""Book of Friends,"" which contains the names of the yokai she defeated, and allows its wielder to command the yokai named within. Since then, yokai now visit him on a daily basis, seeking to either get their names back or take possession of the Book of Friends.


(Source: NIS America)",https://s4.anilist.co/file/anilistcdn/media/anime/cover/large/bx4081-xi08naD69tjr.jpg,https://s4.anilist.co/file/anilistcdn/media/anime/banner/4081-dbeE4uMExtgc.jpg,4.0,,,,,,,,,,,,,,,Drama;Fantasy;Slice of Life;Supernatural,Brain's Base,,,,,,,,,,,,
Kemono Jihen,怪物事変,TVA,2021,12,COMPLETED,Ajiado,"Special detective Kohachi Inugami is sent to investigate a grisly phenomenon involving animal corpses near a remote mountain village. But after meeting a strange boy who agrees to help, he discovers cursed supernatural forces at work. Little by little, Inugami uncovers the truth behind the killings and the boy who may not even be human.



(Source: Funimation)",https://s4.anilist.co/file/anilistcdn/media/anime/cover/large/bx114085-2w5rYZTOa7ER.jpg,https://s4.anilist.co/file/anilistcdn/media/anime/banner/114085-kIiJwfwnY1qL.jpg,3.6,,,,,,,,,,,,,,,Action;Drama;Mystery;Supernatural,Ajiado,,,,,,,,,,,,
Tanaka-kun is Always Listless,田中くんはいつもけだるげ,TVA,2016,12,COMPLETED,SILVER LINK.,"For high school student Tanaka, the act of being listless is a way of life. Known for his inattentiveness and ability to fall asleep anywhere, Tanaka prays that each day will be as uneventful as the last, seeking to preserve his lazy lifestyle however he can by avoiding situations that require him to exert himself. Along with his dependable friend Oota who helps him with tasks he is unable to accomplish, the lethargic teenager constantly deals with events that prevent him from experiencing the quiet and peaceful days he longs for.



[Written by MAL Rewrite]",https://s4.anilist.co/file/anilistcdn/media/anime/cover/large/bx21495-I6p0OKzKBFjw.png,https://s4.anilist.co/file/anilistcdn/media/anime/banner/21495-HDkVTovzfNQA.jpg,3.8,,,,,,,,,,,,,,,Comedy;Slice of Life,SILVER LINK.,,,,,,,,,,,,
Aharen-san wa Hakarenai,阿波連さんははかれない,TVA,2022,12,COMPLETED,Felix Film,"The story follows the ""indecipherable"" daily life of the short and quiet Reina Aharen and Raidou who sits next to her. Aharen is not so good at gauging the distance between people, and Raidou initially felt some distance between the two of them. One day, when Raidou picked up the eraser that Aharen had dropped, the distance between them suddenly became uncomfortably close.



(Source: Anime News Network)",https://s4.anilist.co/file/anilistcdn/media/anime/cover/large/bx137281-i4UHcGkUi7j6.jpg,https://s4.anilist.co/file/anilistcdn/media/anime/banner/137281-kWj2z1Nk8akA.jpg,3.5,,,,,,,,,,,,,,,Comedy;Romance;Slice of Life,Felix Film,,,,,,,,,,,,
SPY x FAMILY Season 3,SPY×FAMILY Season 3,TVA,2025,13,COMPLETED,WIT STUDIO,"The third season of SPY×FAMILY. 


World peace is at stake and secret agent Twilight must undergo his most difficult mission yet—pretend to be a family man. Posing as a loving husband and father, he’ll infiltrate an elite school to get close to a high-profile politician. He has the perfect cover, except his wife’s a deadly assassin and neither knows each other’s identity. But someone does, his adopted daughter who’s a telepath!


(Source: Crunchyroll)",https://s4.anilist.co/file/anilistcdn/media/anime/cover/large/bx177937-Tzgg6rAdhCoH.jpg,https://s4.anilist.co/file/anilistcdn/media/anime/banner/177937-jty4x7qBWG5n.jpg,4.1,,,,,,,,,,,,,,,Action;Comedy;Slice of Life;Supernatural,WIT STUDIO,,,,,,,,,,,,
Fire Force Season 3,炎炎ノ消防隊 参ノ章,TVA,2025,12,COMPLETED,david production,"The third season of Enen no Shouboutai.


Shinra and the team are about to uncover the world’s greatest secret. But just as the other Special Fire Force Companies unite to face the looming disaster, Obi is captured by the Tokyo Imperial Army, and Company 8 is branded as traitors. Hunted by the Empire, they must fight alone to rescue Obi and stop the Evangelist—all while a new assassin and the corrupt Captain Burns block their path.


(Source: Crunchyroll)",https://s4.anilist.co/file/anilistcdn/media/anime/cover/large/bx149118-AOQb0xuTssGl.jpg,https://s4.anilist.co/file/anilistcdn/media/anime/banner/149118-neeUO11QUL0R.jpg,3.9,,,,,,,,,,,,,,,Action;Drama;Sci-Fi;Supernatural,david production,,,,,,,,,,,,
How Heavy Are the Dumbbells You Lift?,ダンベル何キロ持てる？,TVA,2019,12,COMPLETED,Doga Kobo,"Hibiki enjoys the finer things in life, and when it comes to food, she's downright indulgent. When it becomes clear she's getting chubby, she decides to better herself by joining a gym.
In her attempt to find a casual gym, she meets Akemi - a comrade-in-arms. Little does Hibiki know, Akemi has an ulterior motive.

What will this wonderful world of fitness have in store for Hibiki?",https://s4.anilist.co/file/anilistcdn/media/anime/cover/large/bx107226-zIyl8iIdR8JA.png,https://s4.anilist.co/file/anilistcdn/media/anime/banner/107226-XD45KGeiZmNx.jpg,3.5,,,,,,,,,,,,,,,Comedy;Ecchi;Slice of Life;Sports,Doga Kobo,,,,,,,,,,,,
SCHOOL-LIVE!,がっこうぐらし!,TVA,2015,12,COMPLETED,Lerche,"Why would anyone form a School Living Club? Could four girls, their advisor, and a puppy really love their school so much that they’d want to live in it? Or is there another reason, something that lurks behind the façade of their comfortable existence? Something that waits outside their school’s doors. Something that has already robbed one girl of her sanity? While the others try to come to grips with a dark new reality, the rest of the world falls to ruin at the hands of a ravenous force, and insanity may be the last hope for survival. Shocks, heartbreak and stunning revelations await as the twisted tale unfolds.



(Source: Sentai Filmworks)",https://s4.anilist.co/file/anilistcdn/media/anime/cover/large/bx20754-e5JXeLpHoN7w.jpg,https://s4.anilist.co/file/anilistcdn/media/anime/banner/20754-Hwnbsm4uaVFD.jpg,3.7,,,,,,,,,,,,,,,Horror;Mystery;Psychological;Slice of Life;Supernatural,Lerche,,,,,,,,,,,,
Rosario + Vampire,ロザリオとバンパイア,TVA,2008,13,COMPLETED,GONZO,"By a bizzare coincidence, Tsukune Aono has accidentally gotten himself admitted to a youkai academy, a school attended by monsters. Just when he thinks he'll run away from there, he meets the beautiful girl Moka and his mood turns ultra happy. However, she transforms into her true form when the rosary on her chest is taken off, she's a super vampire!",https://s4.anilist.co/file/anilistcdn/media/anime/cover/medium/2993.jpg,https://s4.anilist.co/file/anilistcdn/media/anime/banner/2993-wZmgsXUSnJUa.jpg,3.1,,,,,,,,,,,,,,,Comedy;Ecchi;Fantasy;Romance,GONZO,,,,,,,,,,,,
"The 100 Girlfriends Who Really, Really, Really, Really, REALLY Love You",君のことが大大大大大好きな100人の彼女,TVA,2023,12,COMPLETED,Bibury Animation Studios,"Rentarou Aijou was rejected 100 times in middle school. He visits a shrine and prays for better luck in high school. The God of Love appears and promises that he’ll soon meet 100 people he’s destined to date. But there’s a catch—once destiny introduces someone to him, the two must happily love each other. If they don’t, they’ll die. What will befall Rentarou and his 100 girlfriends in high school?



(Source: Crunchyroll)",https://s4.anilist.co/file/anilistcdn/media/anime/cover/large/bx162694-QFBei5pbjSh8.png,https://s4.anilist.co/file/anilistcdn/media/anime/banner/162694-PzaToQuFdpsr.jpg,3.8,,,,,,,,,,,,,,,Comedy;Ecchi;Romance,Bibury Animation Studios,,,,,,,,,,,,
Ping Pong the Animation,ピンポン THE ANIMATION,TVA,2014,11,COMPLETED,Tatsunoko Production,"Tsukimoto Makoto (nicknamed Smile) is a quiet high-schooler who's been friends with the loud and energetic Hoshino Yukata (nicknamed Peko). They're both in the table tennis club and are very good at it, though Smile's personality prevents him from winning against Peko. The club teacher however notices Smile's talent and tries to make him gain some sportive tenacity.



(Source: Anime News Network)",https://s4.anilist.co/file/anilistcdn/media/anime/cover/large/bx20607-fIOxVISIl0HY.jpg,https://s4.anilist.co/file/anilistcdn/media/anime/banner/20607-AYghLMjh7reA.jpg,4.3,,,,,,,,,,,,,,,Drama;Psychological;Sports,Tatsunoko Production,,,,,,,,,,,,
Twin Star Exorcists,双星の陰陽師,TVA,2016,50,COMPLETED,Studio Pierrot,"Rokuro Enmado is a young boy who used to be a powerful aspiring exorcist, before a tragic incident left his friend dead and made him abandon the profession. One day, he has a fateful encounter with Benio Adashino, a girl around his age and a well known exorcist from the east. According to prophecy, Rokuro and Benio are the ""Twin Star Exorcists"", and are destined to marry and have a child which will be the ultimate exorcist, capable of cleansing all evil spirits, or Kegare, from the world.


When Rokuro's best friend Ryogo goes missing, Rokuro is forced to ask Benio for help to enter Magano, the realm of the evil Kegare, to rescue him!



(Source: Wikipedia)",https://s4.anilist.co/file/anilistcdn/media/anime/cover/large/bx21499-JCxvIXc27mVT.jpg,https://s4.anilist.co/file/anilistcdn/media/anime/banner/21499-LQ6dvd4zrmTR.jpg,3.5,,,,,,,,,,,,,,,Action;Adventure;Comedy;Drama;Fantasy;Romance;Supernatural,Studio Pierrot,,,,,,,,,,,,
Chihayafuru,ちはやふる,TVA,2011,25,COMPLETED,MADHOUSE,"Chihaya Ayase  has spent most of her life supporting her sister’s model career. When she meets a boy named Arata Wataya, he thinks Chihaya has potential to become a great karuta player. As Chihaya dreams of becoming Japan's best karuta player, she is soon separated from her karuta playing friends. Now in high school, Chihaya still plays karuta in the hope that she will one day meet her friends again. 



(Source: Crunchyroll)",https://s4.anilist.co/file/anilistcdn/media/anime/cover/large/bx10800-hofcUL0YEL7O.png,https://s4.anilist.co/file/anilistcdn/media/anime/banner/10800-hcHzj4rkDQzG.jpg,4.0,,,,,,,,,,,,,,,Drama;Romance;Slice of Life;Sports,MADHOUSE,,,,,,,,,,,,
My Hero Academia FINAL SEASON,僕のヒーローアカデミア FINAL SEASON,TVA,2025,11,COMPLETED,bones film,"The eighth and final season of Boku no Hero Academia.



Deku and the heroes are plunged into a final battle against villains across Japan. Deku, by fully unleashing One For All Quirks, faces off against Shigaraki. A young and refreshed All For One faces Armored All Might, Quirkless in his powered armor suit. Will Deku be able to bring the story of how they all became the greatest heroes to its finale? Or will everything be destroyed?!



(Source: Crunchyroll)",https://s4.anilist.co/file/anilistcdn/media/anime/cover/large/bx182896-mvxTVHGdDB4q.jpg,https://s4.anilist.co/file/anilistcdn/media/anime/banner/182896-iJt79hYTpv8w.jpg,4.3,,,,,,,,,,,,,,,Action;Adventure,bones film,,,,,,,,,,,,
AJIN: Demi-Human,亜人,TVA,2016,13,COMPLETED,POLYGON PICTURES,"Kei Nagai’s body should have died when a truck slams into his body, but instead, he finds himself resurrected with all of his wounds healed. Now revealed to be an Ajin, one of a mysterious new breed of immortal demi-human, he’s been marked with an international bounty, and in the eyes of the world, Kei is a specimen to be taken by any means possible. Now he’s on the run, and his only hope is to discover the terrifying secrets behind his new abilities before he’s forced to use them in battle!



(Source: Sentai Filmworks)",https://s4.anilist.co/file/anilistcdn/media/anime/cover/large/bx21341-Pyc7SkMEuGsl.jpg,https://s4.anilist.co/file/anilistcdn/media/anime/banner/21341-v415m6GrpeZY.jpg,3.5,,,,,,,,,,,,,,,Action;Horror;Mystery;Supernatural,POLYGON PICTURES,,,,,,,,,,,,
Bakuman.,バクマン。,TVA,2010,25,COMPLETED,J.C.STAFF,"Moritaka Mashiro and Akito Takagi are pretty much foils of each other. Mashiro, an average 9th grade student but talented artist, and Takagi, an overall advanced 9th grader and aspiring writer. After great convincing, Takagi convinces Mashiro to join him in becoming the greatest mangakas Japan has ever seen. Takagi, with his gift of writing, hopes to become a successful mangaka, and Mashiro, with his gift of art, hopes to marry the girl of his dreams, Azuki Miho. 


(Source: Anime News Network)",https://s4.anilist.co/file/anilistcdn/media/anime/cover/large/bx7674-J0QHrtN50kzj.png,https://s4.anilist.co/file/anilistcdn/media/anime/banner/7674-MRQY8iwj5cEP.jpg,4.0,,,,,,,,,,,,,,,Comedy;Drama;Romance;Slice of Life,J.C.STAFF,,,,,,,,,,,,
NEW GAME!,NEW GAME!,TVA,2016,12,COMPLETED,Doga Kobo,"Fresh out of high school, 18-year-old Aoba Suzukaze is bright-eyed, bushy-tailed, and ready for her first day of work at her dream job. She’s joining the character design team at Eagle Jump, the company that makes her favorite video games! But the real world of office culture can be a challenge for a total noob. From her awkward first day to her first game’s debut, she’s got a lot of skills to master. Luckily, her charming determination wins over even her quirkiest of coworkers, and before she knows it, Aoba has joined the party!



(Source: Funimation)",https://s4.anilist.co/file/anilistcdn/media/anime/cover/large/bx21455-hTd6T0s9fvYj.jpg,https://s4.anilist.co/file/anilistcdn/media/anime/banner/21455-zxd4BFfVw6SZ.jpg,3.7,,,,,,,,,,,,,,,Comedy;Slice of Life,Doga Kobo,,,,,,,,,,,,
Talentless Nana,無能なナナ,TVA,2020,13,COMPLETED,Bridge,"It is the year 20XX. Earth has been assaulted by monsters known as 'the Enemy of Humanity'. In order to deal with this threat, special schools comprised of teenagers with extraordinary abilities were formed. These people, who came to be known as 'the Talented', have abilities that defy the rules of reality. Among these superpowered individuals was an outlier, someone who was sent to one of these schools despite having no innate special abilities whatsoever. This is the story of our protagonist, who attempts to defeat the Enemies of Humanity through the use of intelligence and manipulation.",https://s4.anilist.co/file/anilistcdn/media/anime/cover/large/bx117343-NgCLZTaxallv.jpg,https://s4.anilist.co/file/anilistcdn/media/anime/banner/117343-w0m2gfOlQphZ.jpg,3.5,,,,,,,,,,,,,,,Drama;Horror;Mystery;Psychological;Supernatural;Thriller,Bridge,,,,,,,,,,,,
Tower of God Season 2,神之塔 -Tower of God- 第2期,TVA,2024,26,COMPLETED,The Answer Studio,"The second season of Kami no Tou: Tower of God.



Ja Wangnan can’t seem to pass the 20th Floor. Even after failing time and time again, he refuses to give up. On his journey, he meets a mysterious and powerful character named Viole. Wangnan invites Viole to join his team of Regulars. Their journey continues with new challenges at every turn.



(Source: Crunchyroll)",https://s4.anilist.co/file/anilistcdn/media/anime/cover/large/bx153406-dU2RLKgMUF2U.jpg,https://s4.anilist.co/file/anilistcdn/media/anime/banner/153406-wP0TEqBVxY0V.jpg,3.3,,,,,,,,,,,,,,,Action;Adventure;Drama;Fantasy;Mystery,The Answer Studio,,,,,,,,,,,,
Non Non Biyori,のんのんびより,TVA,2013,12,COMPLETED,SILVER LINK.,"When Hotaru moves from Tokyo to a tiny town in the rural countryside, she’s in for some serious culture shock: the nearest place that sells comics is 20 minutes away, the nearest video store is ten train stations down the line, and there are only three other girls and one boy in her entire school! Even though everything’s so different, there’s something about the laid-back atmosphere that makes her feel strangely comfortable. While she’ll certainly miss parts of her old life, there’s a whole lifetime of experiences waiting to be enjoyed with her new friends Renge, Komari, Natsumi, and Suguru!



(Source: Sentai Filmworks)",https://s4.anilist.co/file/anilistcdn/media/anime/cover/large/bx17549-ROdV36u4nWkU.png,https://s4.anilist.co/file/anilistcdn/media/anime/banner/17549-J7bDkafpjQ0D.jpg,3.9,,,,,,,,,,,,,,,Slice of Life,SILVER LINK.,,,,,,,,,,,,
Claymore,CLAYMORE,TVA,2007,26,COMPLETED,MADHOUSE,"A brutal scourge stalks the land. Yoma, monsters driven by a hunger satisfied by only one quarry - Humanity. The dark breed knows but a singular foe: Claymore. Human-Yoma hybrids of extraordinary strength and cunning, the Claymores roam from skirmish to skirmish delivering salvation by the edge of a blade.



Thus begins the twisting tale of Clare, one such sister of the sword driven by pain in both victory and defeat. A child silent and suffering hidden in her past, Clare's march toward vengeance unfolds along a path marked by violence, solitude and scorn. In a land where even the predator is prey, the haunted hearts of hunter and hunted alike wear the scars of the age.



(Source: Funimation)",https://s4.anilist.co/file/anilistcdn/media/anime/cover/large/bx1818-KieLJv0qo3mO.jpg,https://s4.anilist.co/file/anilistcdn/media/anime/banner/1818-7Nt2HYxVIxtA.jpg,3.7,,,,,,,,,,,,,,,Action;Adventure;Fantasy;Horror,MADHOUSE,,,,,,,,,,,,
Gintama Season 3,銀魂゜,TVA,2015,51,COMPLETED,Bandai Namco Pictures,"Gintoki, Shinpachi, and Kagura return as the fun-loving but broke members of the Yorozuya team! Living in an alternate-reality Edo, where swords are prohibited and alien overlords have conquered Japan, they try to thrive on doing whatever work they can get their hands on. However, Shinpachi and Kagura still haven't been paid... Does Gin-chan really spend all that cash playing pachinko?

Meanwhile, when Gintoki drunkenly staggers home one night, an alien spaceship crashes nearby. A fatally injured crew member emerges from the ship and gives Gintoki a strange, clock-shaped device, warning him that it is incredibly powerful and must be safeguarded. Mistaking it for his alarm clock, Gintoki proceeds to smash the device the next morning and suddenly discovers that the world outside his apartment has come to a standstill. With Kagura and Shinpachi at his side, he sets off to get the device fixed; though, as usual, nothing is ever that simple for the Yorozuya team.

Filled with tongue-in-cheek humor and moments of heartfelt emotion, Gintama's fourth season finds Gintoki and his friends facing both their most hilarious misadventures and most dangerous crises yet.


(Source: MAL Rewrite)",https://s4.anilist.co/file/anilistcdn/media/anime/cover/large/bx20996-kBEGEGdeK1r7.jpg,https://s4.anilist.co/file/anilistcdn/media/anime/banner/20996-gaNJKtjmy3Pf.jpg,4.5,,,,,,,,,,,,,,,Action;Comedy;Drama;Sci-Fi,Bandai Namco Pictures,,,,,,,,,,,,
Kimi ni Todoke: From Me to You Season 2,君に届け 2ND SEASON,TVA,2011,13,COMPLETED,Production I.G,"The second season of Kimi ni Todoke.



Sawako Kuronuma and her friends have just begun their second year of high school and they are in the same class together again. To make matters more interesting a male student newly transferred into their class is seated right next to Kuronuma and has taken an interest in her. What hurdles will Sawako and Kazehaya face next?


Note: Includes episode 0, ""Kataomoi/A Crush"".",https://s4.anilist.co/file/anilistcdn/media/anime/cover/large/bx9656-vckh2wNj3FwY.jpg,https://s4.anilist.co/file/anilistcdn/media/anime/banner/9656-CE0RW5otDH1X.jpg,4.0,,,,,,,,,,,,,,,Comedy;Drama;Romance;Slice of Life,Production I.G,,,,,,,,,,,,
Magi: Adventure of Sinbad,マギ シンドバッドの冒険,TVA,2016,13,COMPLETED,Lay-duce,"Fifteen years before the events of Magi, a brave and handsome young man named Sinbad set sail and started his adventure. The future High King of Seven Seas gradually matured through various encounters and farewells, taking him towards kingship step by step.



(Source: Anime News Network)",https://s4.anilist.co/file/anilistcdn/media/anime/cover/large/bx21394-yauvzIHGAoZv.jpg,https://s4.anilist.co/file/anilistcdn/media/anime/banner/21394-wQkxIEAup8aT.jpg,3.9,,,,,,,,,,,,,,,Action;Adventure;Fantasy,Lay-duce,,,,,,,,,,,,
World Trigger,ワールドトリガー,TVA,2014,73,COMPLETED,Toei Animation,"One day, a gate to another world suddenly opens in Mikado City. Aliens invincible to Earth’s weapons, called “Neighbors”, start coming over. Earth’s only line of defense is a mysterious group called the “Border” who are armed with weapons called “Triggers”.

 

Four years later, the city has recovered from initial attacks and citizens of Mikado City have started to get used to the Neighbor’s attacks. Yuma Kuga, a transfer student, and his classmate Osamu Mikumo find themselves fighting a Neighbor that suddenly appears. Osamu, who is actually a Border agent, activates his Trigger but is unable to defeat it. This leaves Yuma to activate his own Trigger and defeat the alien. Yuma reveals that he is not part of Border and is actually a Neighbor who has transferred from the other side.



(Source: Crunchyroll)",https://s4.anilist.co/file/anilistcdn/media/anime/cover/large/bx20729-DnBXnUxFon1B.png,https://s4.anilist.co/file/anilistcdn/media/anime/banner/20729-yIc4suclOeOA.jpg,3.6,,,,,,,,,,,,,,,Action;Sci-Fi,Toei Animation,,,,,,,,,,,,
Dagashi Kashi,だがしかし,TVA,2016,12,COMPLETED,feel.,"Shikada Kokonotsu's father owns a rural sweets shop, and his plan is for Kokonotsu to take it over one day.
However, Kokonotsu wants to be a manga author instead!
One day in summer, the cute but weird girl Shidare Hotaru, from the famous sweets company, comes to pay a visit.
Apparently, Kokonotsu's father is famous and she wants him to join her family's company.
However, he will only agree if she can convince Kokonotsu to take over the family business!



(Source: MangaHelpers)",https://s4.anilist.co/file/anilistcdn/media/anime/cover/large/bx21365-FRalqWQn0lf9.jpg,https://s4.anilist.co/file/anilistcdn/media/anime/banner/21365-y1IHBpTA2084.jpg,3.2,,,,,,,,,,,,,,,Comedy;Slice of Life,feel.,,,,,,,,,,,,
D.Gray-man,ディー・グレイマン,TVA,2006,103,COMPLETED,TMS Entertainment,"Towards the end of the 19th century, Allen Walker officially joins the organization of Exorcists that destroy the beings known as Akuma; mechanic weapons made by the Millennium Earl with the suffering souls of the dead. Allen has both a cursed eye and an anti-Akuma weapon as an arm, bearing the power of ""Innocence"", a gift given to him as an apostle of God. Allen, along with his fellow Exorcists must put a stop to the Millennium Earl's ultimate plot that could lead to the destruction of the world and all who live on it.",https://s4.anilist.co/file/anilistcdn/media/anime/cover/large/bx1482-6jc8ZVSmHuLo.jpg,https://s4.anilist.co/file/anilistcdn/media/anime/banner/1482-nmGoqdGfaKEt.jpg,3.8,,,,,,,,,,,,,,,Action;Adventure;Drama;Fantasy,TMS Entertainment,,,,,,,,,,,,
Keep Your Hands Off Eizouken!,映像研には手を出すな！,TVA,2020,12,COMPLETED,Science SARU,"First year high schooler Midori Asakusa loves anime so much, she insists that ""concept is everything"" in animation. Though she draws a variety of ideas in her sketchbook, she hasn't taken the first step to creating anime, insisting that she can't do it alone. The producer-type Sayaka Kanamori is the first to notice Asakusa's genius. Then, when it becomes clear that their classmate, charismatic fashion model Tsubame Mizusaki, really wants to be an animator, they create an animation club to realize the ""ultimate world"" that exists in their minds.



(Source: Crunchyroll)",https://s4.anilist.co/file/anilistcdn/media/anime/cover/large/bx109298-suwdIUbJEPJx.png,https://s4.anilist.co/file/anilistcdn/media/anime/banner/109298-ej4YYg87HHoA.jpg,4.0,,,,,,,,,,,,,,,Adventure;Comedy;Slice of Life,Science SARU,,,,,,,,,,,,
Orb: On the Movements of the Earth,チ。-地球の運動について-,TVA,2024,25,COMPLETED,MADHOUSE,"The setting is 15th-century Europe. It was a time when heretical ideas lead those to who possessed such a mindset to being burned at the stake for their beliefs.



The protagonist, Rafał, a child prodigy, is expected to major in theology, the most important subject at the time, at the university where he plans to skip a grade. One day, however, he comes across a mysterious man, and is now studying a possible ""truth"" in the midst of heretical thought!


(Source: Shogakukan, translated)",https://s4.anilist.co/file/anilistcdn/media/anime/cover/large/bx151514-Y0d82Ah2ZOHX.jpg,https://s4.anilist.co/file/anilistcdn/media/anime/banner/151514-mwWSGTynCLkl.jpg,4.3,,,,,,,,,,,,,,,Drama,MADHOUSE,,,,,,,,,,,,
Initial D 1st Stage,頭文字[イニシャル]D,TVA,1998,26,COMPLETED,Studio Comet,"High school student Takumi Fujiwara works as a gas station attendant during the day and a delivery boy for his father's tofu shop early in the morning. Little does he know that his precise driving skills and his father's modified Toyota Sprinter AE86 Trueno make him the best amateur road racer on Mt. Akina's highway. Because of this, racing groups from all over the Gunma prefecture issue challenges to Takumi to see if he really has what it takes to be a road legend.


(Source: Anime News Network)",https://s4.anilist.co/file/anilistcdn/media/anime/cover/medium/b185-GvXiR8AKTmdn.jpg,https://s4.anilist.co/file/anilistcdn/media/anime/banner/185-Z724xydTic8N.jpg,4.1,,,,,,,,,,,,,,,Action;Drama;Sports,Studio Comet,,,,,,,,,,,,
Blast of Tempest,絶園のテンペスト,TVA,2012,24,COMPLETED,bones,"One day, a sorceress princess was stuffed into a barrel and banished.

One day, a single girl was suddenly murdered, and the culprit still runs free.

And one day, a battle spanning time and space over magic and revenge began!

Sanity and madness, sense and intelligence, self-confidence and convictions.

The tragic tale of this irrational world starts now.


The Kusaribe family is a family of sorcerers under the protection of the ""Tree of Origins"". Their princess, Hakaze Kusaribe, was the greatest sorceress of their family. But Samon Kusaribe, a member of their family seeking to resurrect the ""Tree of World's End"", a tree that opposes the ""Tree of Origins"" and controls the power of destruction, stuffs her into a barrel, and banishes her to a deserted island. From the deserted island, she sends a message out to sea, which is picked up by Mahiro Fuwa, a young boy who's sworn vengeance upon the criminal who killed his little sister, Aika. Mahiro agrees to help Hakaze under the condition that she find Aika's killer with her magic. But once Mahiro's best friend and Aika's lover, Yoshino Takigawa is rescued from danger, he too gets dragged into this tale of revenge.


(Source: Aniplex USA)",https://s4.anilist.co/file/anilistcdn/media/anime/cover/large/bx14075-EIJcGXq5hd9O.jpg,https://s4.anilist.co/file/anilistcdn/media/anime/banner/14075-BIU2xRpLnpZr.jpg,3.8,,,,,,,,,,,,,,,Action;Drama;Fantasy;Mystery;Romance,bones,,,,,,,,,,,,
LOVE and LIES,恋と嘘,TVA,2017,12,COMPLETED,LIDENFILMS,"In a world where the government assigns you a marriage partner once you turn sixteen, Yukari Nejima, a below average teen, confesses to his childhood crush Misaki Takasaki on the eve of his sixteenth birthday… only to find out that he has been assigned to Ririna Sanada instead.



Would you rather choose the girl you have always loved, or the girl you met because you were told she was your partner? Which one is love? Which one is a lie? There is only one way to find out!",https://s4.anilist.co/file/anilistcdn/media/anime/cover/large/bx98320-VwCcTBeEs08J.jpg,https://s4.anilist.co/file/anilistcdn/media/anime/banner/98320-b82BOcbhk9RF.jpg,3.1,,,,,,,,,,,,,,,Drama;Romance,LIDENFILMS,,,,,,,,,,,,
Boarding School Juliet,寄宿学校のジュリエット,TVA,2018,12,COMPLETED,LIDENFILMS,"Grigio Academy Boarding School. The students that attend this school come from two countries, and reside in their own dormitories. Inazuka and Persia are leaders of rival dorms, but in secret they love each other. Now, they have to keep their relationship a secret from their dorm mates or else bad things will happen to them.",https://s4.anilist.co/file/anilistcdn/media/anime/cover/large/nx101310-w1PLPsyg0XHr.jpg,https://s4.anilist.co/file/anilistcdn/media/anime/banner/101310-ybQFtNXjTyhp.jpg,3.6,,,,,,,,,,,,,,,Comedy;Romance,LIDENFILMS,,,,,,,,,,,,
My Senpai is Annoying,先輩がうざい後輩の話,TVA,2021,12,COMPLETED,Doga Kobo,"Being seen as a full-fledged business woman isn’t easy for Futaba Igarashi when her senpai, Harumi, treats her like a kid. Days for her are never typical, at work or outside of it, with all the antics going on in her life. As mishaps ensue, she’ll find herself growing closer with her loudmouth senpai. Maybe Futaba feels more than she lets on, but one thing’s for sure: she’s still annoyed!



(Source: Funimation)",https://s4.anilist.co/file/anilistcdn/media/anime/cover/large/bx120646-CeYcpChKQt0F.jpg,https://s4.anilist.co/file/anilistcdn/media/anime/banner/120646-RsYJHXzMdnXp.jpg,3.7,,,,,,,,,,,,,,,Comedy;Romance;Slice of Life,Doga Kobo,,,,,,,,,,,,
A Couple of Cuckoos,カッコウの許嫁,TVA,2022,24,COMPLETED,Shin-Ei Animation,"Mixed up with another family's child as a baby, high school student Umino Nagi is finally meeting his biological parents. On the day of their meeting, he happens to encounter Amano Erika, a high school student at a prestigious and wealthy girls school. At her request, he's half-forced into pretending to be her boyfriend so she can avoid marrying her fiance....However, not only were they the babies who had been mixed up, they're also engaged to each other! The loving parents of both families officially recognize their engagement, and the couple begins living together. Nagi is in love with his classmate Segawa Hiro, and Erika is determined to rebel against her father, so the couple agree not to get involved with each other. The mixed-up and chaotic romantic comedy starts now!



(Source: Crunchyroll)



 Note: The final two episodes were broadcast together as a one hour special",https://s4.anilist.co/file/anilistcdn/media/anime/cover/large/bx132052-3gDTi19HyW6E.png,https://s4.anilist.co/file/anilistcdn/media/anime/banner/132052-WtD4MDkC5h4l.jpg,3.4,,,,,,,,,,,,,,,Comedy;Romance,Shin-Ei Animation,,,,,,,,,,,,
O Maidens in Your Savage Season,荒ぶる季節の乙女どもよ。,TVA,2019,12,COMPLETED,Lay-duce,"The girls in a high school literature club do a little icebreaker to get to know each other: answering the question, ""What's one thing you want to do before you die?"" One of the girls blurts out, ""Sex."" Little do they know, the whirlwind unleashed by that word pushes each of these girls, with different backgrounds and personalities, onto their own clumsy, funny, painful, and emotional paths toward adulthood.",https://s4.anilist.co/file/anilistcdn/media/anime/cover/large/bx105932-OCI48MaTvGXT.png,https://s4.anilist.co/file/anilistcdn/media/anime/banner/105932-7SlYF8up5W7e.jpg,3.6,,,,,,,,,,,,,,,Comedy;Drama;Romance;Slice of Life,Lay-duce,,,,,,,,,,,,
Blood Blockade Battlefront & Beyond,血界戦線 & BEYOND,TVA,2017,12,COMPLETED,bones,"Three years ago, a gateway between Earth and the Beyond opened in New York City, trapping extradimensional creatures and humans alike in an impermeable bubble. After the city's restoration, monsters, magic, and madness are common findings in the area now known as Hellsalem's Lot. Leonardo Watch, a young photographer who unwillingly obtained the ""All-seeing Eyes of the Gods"" in exchange for his sister's eyesight, came to this paranormal city to find answers to the mysterious power that he possesses. He later finds his life drastically changed when he joins Libra, a secret organization of people with supernatural abilities dedicated to maintaining order in the everyday chaos of Hellsalem's Lot. 



However, this is only the beginning of Leonardo's unexpected journey ahead. Regardless of the constant threat of otherworldly enemies, he is determined to uncover the secrets of his power and find a way to restore his sister's eyesight. Kekkai Sensen & Beyond follows Leonardo as he sets off on more crazy adventures with his comrades, fighting to ensure peace and order.",https://s4.anilist.co/file/anilistcdn/media/anime/cover/large/nx97886-iArtYIxZzGcR.jpg,https://s4.anilist.co/file/anilistcdn/media/anime/banner/97886-R1WauZWLWFP5.jpg,3.9,,,,,,,,,,,,,,,Action;Comedy;Supernatural,bones,,,,,,,,,,,,
Seitokai Yakuindomo,生徒会役員共,TVA,2010,13,COMPLETED,GoHands,"Tsuda Takatoshi is about to begin his first year in Ousai Academy.  His decision to enter Ousai was based upon it being close to his home and he paid no heed to the fact he'd be among the first boys to enter the recently gender-integrated school.


On his first trip to school, Takatoshi is surrounded by girls; the train has nothing but girls, the walk to school has nothing but girls and once he finally arrives he is approached by a group of girls and summarily appointed vice-president of the student council and, as expected, he is the only boy there.


Now Takatoshi finds himself surrounded by crazy girls who do nothing but horrify him with their candid conversations about feminine hygiene products and, what's worse, assume he's the worst kind of man, the kind who doesn't clean himself and watches porn all day long.",https://s4.anilist.co/file/anilistcdn/media/anime/cover/large/bx8675-5H2QSLvXA7bH.jpg,https://s4.anilist.co/file/anilistcdn/media/anime/banner/8675-0wWRCPJPnYvZ.jpg,3.6,,,,,,,,,,,,,,,Comedy;Slice of Life,GoHands,,,,,,,,,,,,
Gintama Season 2,銀魂’,TVA,2011,51,COMPLETED,Sunrise,"After a one-year hiatus, Shinpachi Shimura returns to Edo, only to stumble upon a shocking surprise: Gintoki and Kagura, his fellow Yorozuya members, have become completely different characters! Fleeing from the Yorozuya headquarters in confusion, Shinpachi finds that all the denizens of Edo have undergone impossibly extreme changes, in both appearance and personality. Most unbelievably, his sister Otae has married the Shinsengumi chief and shameless stalker Isao Kondou and is pregnant with their first child.



Bewildered, Shinpachi agrees to join the Shinsengumi at Otae and Kondou's request and finds even more startling transformations afoot both in and out of the ranks of the the organization. However, discovering that Vice Chief Toushirou Hijikata has remained unchanged, Shinpachi and his unlikely Shinsengumi ally set out to return the city of Edo to how they remember it.



With even more dirty jokes, tongue-in-cheek parodies, and shameless references, Gintama' follows the Yorozuya team through more of their misadventures in the vibrant, alien-filled world of Edo.



(Source: MAL Rewrite)",https://s4.anilist.co/file/anilistcdn/media/anime/cover/large/bx9969-0GaRABYVdUcH.png,https://s4.anilist.co/file/anilistcdn/media/anime/banner/9969-pxE6nSzGGyUB.jpg,4.5,,,,,,,,,,,,,,,Action;Comedy;Drama;Sci-Fi,Sunrise,,,,,,,,,,,,
Chained Soldier,魔都精兵のスレイブ,TVA,2024,12,COMPLETED,Seven Arcs,"Yuuki Wakura watches as dueling supernatural forces ravage the Earth. Mato are portals to another dimension, avenues from which dangerous monsters escape. Peaches are resources given to women granting them abilities. Chief of the Seventh Unity of the Anti-Demon Corp, Kyouka Uzen arrives to save Yuuki from a monster. Surprisingly, Yuuki holds the power to increase the Peaches effectiveness. But to save the world, Yuuki must be willing to become Kyouka’s servant both on the battlefield and at home.



(Source: HIDIVE)",https://s4.anilist.co/file/anilistcdn/media/anime/cover/large/bx141821-lkVTjKqL4BU2.jpg,https://s4.anilist.co/file/anilistcdn/media/anime/banner/141821-KIRWH28jXINm.jpg,3.4,,,,,,,,,,,,,,,Action;Adventure;Drama;Ecchi;Fantasy;Romance,Seven Arcs,,,,,,,,,,,,
Dr. STONE SCIENCE FUTURE,Dr.STONE SCIENCE FUTURE,TVA,2025,12,COMPLETED,TMS Entertainment,"The first cour of the fourth season of Dr.STONE.



Senkuu and the Kingdom of Science revive Tsukasa and build a spaceship to reach 'Why Man' on the Moon!


(Source: Crunchyroll News, edited)",https://s4.anilist.co/file/anilistcdn/media/anime/cover/large/bx172019-3cfZbrYBmV23.jpg,https://s4.anilist.co/file/anilistcdn/media/anime/banner/172019-qchFwdk8OM4m.jpg,4.1,,,,,,,,,,,,,,,Action;Adventure;Comedy;Sci-Fi,TMS Entertainment,,,,,,,,,,,,
The Helpful Fox Senko-san,世話やきキツネの仙狐さん,TVA,2019,12,COMPLETED,Doga Kobo,"Sometimes the cure to a hard day’s work is the tender love and care of…a fox girl?! Salaryman Nakano’s stressful life is suddenly intruded upon by the fox, Senko-san, who is eager to help him heal his exhaustion. Whether she’s cooking, cleaning, or finding other ways to care for Nakano, she’s there to take away his stress!



(Source: Crunchyroll)",https://s4.anilist.co/file/anilistcdn/media/anime/cover/large/bx105914-WBCcucTOrU0L.png,https://s4.anilist.co/file/anilistcdn/media/anime/banner/105914-IjUd9COihC94.jpg,3.5,,,,,,,,,,,,,,,Comedy;Fantasy;Slice of Life;Supernatural,Doga Kobo,,,,,,,,,,,,
Ragna Crimson,ラグナクリムゾン,TVA,2023,24,COMPLETED,SILVER LINK.,"Dragons reign terror over the earth, sea and sky. If sworn dragon hunters like Ragna are to have any hope of dealing death to these seemingly invincible, fire-breathing beasts, they must find a way to level the odds. Ragna teams up with a mysterious man named Crimson who has likewise sworn to stand against the dragons menacing the world. But although Crimson’s motivations may be mysterious, his goal and Ragna’s perfectly align, and together they’ll fight to vanquish the dragons once and for all.



(Source: Sentai Filmworks)



Note: The first episode aired with a runtime of ~47 minutes.",https://s4.anilist.co/file/anilistcdn/media/anime/cover/large/bx146493-bThyDJ4ZmbfV.jpg,https://s4.anilist.co/file/anilistcdn/media/anime/banner/146493-V7hmee4h79hd.jpg,3.7,,,,,,,,,,,,,,,Action;Adventure;Fantasy;Mystery,SILVER LINK.,,,,,,,,,,,,
Keijo!!!!!!!!,競女!!!!!!!!,TVA,2016,12,COMPLETED,Xebec,"""Keijo"" is a popular gambling sport where contestants stand on platforms floating on the water and must use their butts and chests to fight against each other to push each other off the platform. Nozomi Kaminashi, a high school student, aims to join the sport after she graduates. Nozomi was raised in a poor family and hopes to make lots of money by playing Keijo. She grew up training in gymnastics, and she has good balance and flexibility.

After high school, Nozomi joins a training boarding school and enters the world of Keijo.

(Source: Anime News Network)",https://s4.anilist.co/file/anilistcdn/media/anime/cover/large/bx21639-tdDGBK68CQk0.jpg,https://s4.anilist.co/file/anilistcdn/media/anime/banner/n21639-4w5iH0RUYIL6.jpg,3.4,,,,,,,,,,,,,,,Comedy;Ecchi;Sports,Xebec,,,,,,,,,,,,
Azumanga Daioh,あずまんが大王 THE ANIMATION,TVA,2002,26,COMPLETED,J.C.STAFF,"Ten year old child prodigy, Chiyo Mihama, is finding it tough fitting in at high school with the girls five years her elder: Osaka (dimwitted with a weird take on the world), Tomo (a powder keg that goes off at a moment’s notice), Kagura (the competitive athlete of the bunch), Yomi (the hothead), and Sakaki (timid and obsessed with a love of animals that isn’t reciprocated). Together with their teacher, they navigate the rough waters and fun times of high school.



(Source: Sentai Filmworks)",https://s4.anilist.co/file/anilistcdn/media/anime/cover/large/bx66-ZqYQWl6LsfeI.png,https://s4.anilist.co/file/anilistcdn/media/anime/banner/66-9q6Y6bMBwqrX.jpg,4.0,,,,,,,,,,,,,,,Comedy;Slice of Life,J.C.STAFF,,,,,,,,,,,,
Daemons of the Shadow Realm,黄泉のツガイ,TVA,2026,24,ONGOING,bones film,"In a remote mountain village under the watchful eyes of two stone guardians, the young Yuru contentedly lives off the land while staying close to the only family he has left—Asa, his precious twin sister. Asa, meanwhile, carries out a mysterious “duty” on behalf of the village while locked in a cage. Why is Asa a prisoner? And what other secrets does Yuru’s otherwise idyllic home hide?


(Source: Square Enix)",https://s4.anilist.co/file/anilistcdn/media/anime/cover/large/bx195600-moI0UFArtOme.jpg,https://s4.anilist.co/file/anilistcdn/media/anime/banner/195600-UxHvDXwzJxlP.jpg,3.9,,,,,,,,,,,,,,,Action;Adventure;Comedy;Fantasy;Supernatural,bones film,,,,,,,,,,,,
Vermeil in Gold,金装のヴェルメイユ～崖っぷち魔術師は最強の厄災と魔法世界を突き進む～,TVA,2022,12,COMPLETED,Staple Entertainment,"Meet Alto, a hapless student at Royal Ortigia Magic Academy whose academic performance leaves much to be desired. Rather than take a more sensible approach to salvaging his grades in time for graduation, Alto decides to summon a bit of otherworldly assistance. Only after does he learn he’s bound the legendary she-devil Vermeil into service as his familiar! But while Vermeil is a powerful ally sure to turn his grades around, her magic can only be replenished with a kiss, and that makes everything go to hell with Alto’s jealous childhood friend, Lilia.



(Source: Sentai Filmworks)",https://s4.anilist.co/file/anilistcdn/media/anime/cover/large/bx146210-ZnIithxFLLHn.jpg,https://s4.anilist.co/file/anilistcdn/media/anime/banner/146210-JtUyWvjL0PMz.jpg,3.4,,,,,,,,,,,,,,,Ecchi;Fantasy;Romance,Staple Entertainment,,,,,,,,,,,,
Bungo Stray Dogs 4,文豪ストレイドッグス 第4シーズン,TVA,2023,13,COMPLETED,bones,"The fourth season of Bungou Stray Dogs.



No longer concerned with military affairs, Yukichi Fukuzawa intends to act as a lone bodyguard-for-hire, making use of his deadly swordsmanship. However, things are not going as planned for his freelance business, and that is when he crosses paths with a mouthy boy named Ranpo Edogawa. While their initial interactions are intertwined with a bizarre murder mystery, the aftermath prompts the formation of the Armed Detective Agency.



Presently, Ranpo finds himself chasing down a gifted individual with the dangerous ability to execute the perfect crime. But as the great detective unravels the case, he soon discovers an elaborate plot to obliterate the Agency in its entirety.



Although forewarned of the trap, the Agency continue their pursuit of the criminals, only to end up framed for the crime themselves. Now branded as wanted terrorists, the remaining members must find a way to prove their innocence—even if they must turn to sworn enemies for assistance.



(Source: MAL Rewrite)",https://s4.anilist.co/file/anilistcdn/media/anime/cover/large/bx141249-8tjavEDHmLoT.jpg,https://s4.anilist.co/file/anilistcdn/media/anime/banner/141249-ssUG44UgGOMK.jpg,4.2,,,,,,,,,,,,,,,Action;Comedy;Mystery;Supernatural,bones,,,,,,,,,,,,
BLEACH: Thousand-Year Blood War - The Conflict,BLEACH 千年血戦篇-相剋譚-,TVA,2024,14,COMPLETED,PIERROT FILMS,The third part of BLEACH: Sennen Kessen-hen.,https://s4.anilist.co/file/anilistcdn/media/anime/cover/large/bx169755-Rqb7MjnzdTc6.jpg,https://s4.anilist.co/file/anilistcdn/media/anime/banner/169755-hCWjp9ajjMYV.jpg,4.3,,,,,,,,,,,,,,,Action;Adventure;Supernatural,PIERROT FILMS,,,,,,,,,,,,
Kakushigoto,かくしごと,TVA,2020,12,COMPLETED,Ajiado,"Single father Kakushi Gotou has a secret. He’s a top-selling artist of popular erotic manga, but his impressionable young daughter, Hime, can never find out! Now he’s having to bend over backwards just to keep her inquisitive little mind from discovering what he does for a living. A father-daughter tale of love and laughter.



(Source: Funimation)",https://s4.anilist.co/file/anilistcdn/media/anime/cover/large/bx113311-6bSvvCHBpjpI.jpg,https://s4.anilist.co/file/anilistcdn/media/anime/banner/113311-T1FWgCflSKtl.jpg,3.9,,,,,,,,,,,,,,,Comedy;Slice of Life,Ajiado,,,,,,,,,,,,
Insomniacs After School,君は放課後インソムニア,TVA,2023,13,COMPLETED,LIDENFILMS,"Ganta Nakami is a high school student who suffers from insomnia. One day, he meets Isaki Magari, a girl with the same condition. A strange, but special relationship forms as they share a secret and catch up on their sleep in their school’s abandoned observatory…



(Source: HIDIVE)",https://s4.anilist.co/file/anilistcdn/media/anime/cover/large/bx143653-uq3motvR9kb4.png,https://s4.anilist.co/file/anilistcdn/media/anime/banner/143653-cvWrYzJPgDkV.jpg,4.0,,,,,,,,,,,,,,,Romance;Slice of Life,LIDENFILMS,,,,,,,,,,,,
Shangri-La Frontier Season 2,シャングリラ・フロンティア 2nd season,TVA,2024,25,COMPLETED,C2C,"The second season of Shangri-La Frontier.



Rakuro Hizutome only cares about one thing: beating crappy VR games. He devotes his entire life to these buggy games and could clear them all in his sleep. One day, he decides to challenge himself and play a popular god-tier game called Shangri-La Frontier. But he quickly learns just how difficult it is. Will his expert skills be enough to uncover its hidden secrets?



(Source: Crunchyroll)",https://s4.anilist.co/file/anilistcdn/media/anime/cover/large/bx176508-eFad4szofm8d.png,https://s4.anilist.co/file/anilistcdn/media/anime/banner/176508-8AtMjgNkPsFl.jpg,4.1,,,,,,,,,,,,,,,Action;Adventure;Comedy;Fantasy;Sci-Fi,C2C,,,,,,,,,,,,
Beelzebub,べるぜバブ,TVA,2011,60,COMPLETED,Studio Signpost,"Oga Tatsumi is a first year student in Ishiyama High, a notorious school for delinquents. One day he sees a man floating by, and the man suddenly splits in half to reveal a baby boy inside!


(Source: Crunchyroll)",https://s4.anilist.co/file/anilistcdn/media/anime/cover/large/nx9513-is6YiSgKbyQX.jpg,https://s4.anilist.co/file/anilistcdn/media/anime/banner/9513-yRdRyD9wdsln.jpg,3.8,,,,,,,,,,,,,,,Action;Comedy;Supernatural,Studio Signpost,,,,,,,,,,,,
Black Lagoon: The Second Barrage,BLACK LAGOON The Second Barrage,TVA,2006,12,COMPLETED,MADHOUSE,"Okajima Rokuro - now known almost exclusively as 'Rock' - was once a typical, put-upon Japanese businessman. Then, on a routine business trip, he was kidnapped and ransomed by the Lagoon Company: a band of mercenary pirates operating out of the crime-riddled city of Roanapur. Abandoned by his bosses, he joined the Lagoon Company. Now he must try and stay afloat amongst the ever-shifting politics of the criminal underworld, while simultaneously avoiding death at the hands of his quick-tempered, gun-toting co-worker, 'Two Hand' Revy.



(Source: Anime News Network)",https://s4.anilist.co/file/anilistcdn/media/anime/cover/large/bx1519-cScqJxQW3LNL.png,https://s4.anilist.co/file/anilistcdn/media/anime/banner/1519-3gSdIkwibEND.jpg,4.0,,,,,,,,,,,,,,,Action;Adventure;Drama;Thriller,MADHOUSE,,,,,,,,,,,,
kiss×sis (TV),kiss×sis (TV),TVA,2010,12,COMPLETED,feel.,"Keita has two older step-sisters, Ako and Riko, but since they aren't related by blood, they love him in a lustful way. After a mishap at school, Ako and Riko finally confess their love to him. Keita dislikes the thought of seeing them other then brother and sister, but as he tries to enter the same school as his sisters, he slowly becomes attracted to them. 


(Source: Anime News Network)



Note: The first episode was aired as an online preview on Bandai Channel between 25th and 26th of March 2010. The regular broadcast started on April 5.",https://s4.anilist.co/file/anilistcdn/media/anime/cover/medium/b7593-6a0TvcDmgjP9.jpg,https://s4.anilist.co/file/anilistcdn/media/anime/banner/7593-EMQ7iduGFJh8.jpg,3.0,,,,,,,,,,,,,,,Comedy;Ecchi;Romance;Slice of Life,feel.,,,,,,,,,,,,
To Your Eternity Season 2,不滅のあなたへ Season 2,TVA,2022,20,COMPLETED,Drive,"After seeing enough death and tragedy, the immortal Fushi secludes himself on an island, defending himself from enemy Nokkers. However, instead of attacking Fushi in isolation, Nokkers begin targeting the settlements outside of his reach in hopes of luring him out. Soon, a group known as the Guardians—led by Hisame, the descendant of the deceased warrior Hayase—finds Fushi.



Inspired by how Fushi protected Janada Island from the Nokkers years ago, the Guardians have grown a considerable following and are recognized throughout the world. Initially reluctant, Fushi allows the Guardians to accompany him to the site of the Nokkers' recent attack. In their village, Fushi meets a few valuable allies, both new and old. But as the conflict with the Nokkers only leads to more loss, Fushi must find the inner strength to face his inevitable sorrow.



(Source: MAL Rewrite)",https://s4.anilist.co/file/anilistcdn/media/anime/cover/large/bx138565-JzvDqH84ILzi.png,https://s4.anilist.co/file/anilistcdn/media/anime/banner/138565-Gzw9xYWtgF6U.jpg,4.0,,,,,,,,,,,,,,,Adventure;Drama;Fantasy;Psychological;Supernatural,Drive,,,,,,,,,,,,
Sailor Moon,美少女戦士セーラームーン,TVA,1992,46,COMPLETED,Toei Animation,"Usagi Tsukino is an average student and crybaby klutz who constantly scores low on her tests. Unexpectedly, her humdrum life is turned upside down when she saves a cat with a crescent moon on its head from danger. The cat, named Luna, later reveals that their meeting was not an accident: Usagi is destined to become Sailor Moon, a planetary guardian with the power to protect the Earth. Given a special brooch that allows her to transform, she must use her new powers to save the city from evil energy-stealing monsters sent by the malevolent Queen Beryl of the Dark Kingdom.



But getting accustomed to her powers and fighting villains are not the only things she has to worry about. She must find the lost princess of the Moon Kingdom, the other Sailor Guardians, and the Legendary Silver Crystal in order to save the planet from destruction.



(Source: MAL Rewrite)",https://s4.anilist.co/file/anilistcdn/media/anime/cover/large/bx530-O8q6KpJ244Qk.jpg,https://s4.anilist.co/file/anilistcdn/media/anime/banner/530.jpg,3.8,,,,,,,,,,,,,,,Action;Adventure;Fantasy;Mahou Shoujo;Romance,Toei Animation,,,,,,,,,,,,
"Kiss Him, Not Me",私がモテてどうすんだ,TVA,2016,12,COMPLETED,Brain's Base,"Kae Serinuma is what you'd call a ""fujoshi."" When she sees boys getting along with each other, she loves to indulge in wild fantasies! One day her favorite anime character dies and the shock causes her to lose a ton of weight. Then four hot guys at school ask her out, but that isn't exciting to her at all — she'd rather see them date each other! 



(Source: Crunchyroll)",https://s4.anilist.co/file/anilistcdn/media/anime/cover/large/bx21686-N3dWHyKnzoKk.jpg,https://s4.anilist.co/file/anilistcdn/media/anime/banner/21686-NNyOPStIdbnL.jpg,3.3,,,,,,,,,,,,,,,Comedy;Romance,Brain's Base,,,,,,,,,,,,
Ya Boy Kongming!,パリピ孔明,TVA,2022,12,COMPLETED,P.A.WORKS,"Fate and reincarnation deliver brilliant military strategist, Kongming, from warring, ancient China to Japan’s modern party hot spot in Shibuya City, Tokyo. After a lifetime of battles and military skirmishes, Kongming wished with his last breath to be reborn in a world of peace and prosperity. It’s nearly two millennia later and he’s finding his way in a very different world than that of his past life. When he meets Eiko, an amateur musician with big dreams, the unlikely duo strikes up an even unlikelier friendship. Eiko has street smarts to help Kongming navigate this strange new world, and Kongming will use his strategic mind to help Eiko achieve stardom!



(Source: Sentai Filmworks)



An advanced online screening of the first episode was held on March 31, 2022, but the weekly TV release began on April 5, 2022.",https://s4.anilist.co/file/anilistcdn/media/anime/cover/large/bx141774-iteNFzPq2oGw.jpg,https://s4.anilist.co/file/anilistcdn/media/anime/banner/141774-9fkNcIakgDUD.jpg,4.0,,,,,,,,,,,,,,,Comedy;Drama;Music;Supernatural,P.A.WORKS,,,,,,,,,,,,
Welcome to Demon School! Iruma-kun Season 2,魔入りました！入間くん 第2シリーズ,TVA,2021,21,COMPLETED,Bandai Namco Pictures,"The second season of Mairimashita! Iruma-kun.



Suzuki Iruma, human and deeply non-aggressive, one day becomes the grandson of the great demon Sullivan. Doted on beyond belief, Iruma starts school where ""Grandpa"" serves as the chair... and finds, to his surprise, that he enjoys life there with Asmodeus, Clara, and the rest of his demon classmates. But just when Iruma thought he'd fitted in, there's more trouble ahead! A ring begins to talk, and Iruma... goes bad?! Iruma's chaotic, demonic life at school continues!



(Source: NHK)",https://s4.anilist.co/file/anilistcdn/media/anime/cover/large/bx116338-jbuJnLkPMcm7.jpg,https://s4.anilist.co/file/anilistcdn/media/anime/banner/116338-LexsWZ3dXsod.jpg,4.0,,,,,,,,,,,,,,,Comedy;Fantasy;Supernatural,Bandai Namco Pictures,,,,,,,,,,,,
ASTRA LOST IN SPACE,彼方のアストラ,TVA,2019,12,COMPLETED,Lerche,"Itʼs the first day of Planet Camp, and Aries Spring couldnʼt be more excited! She, along with eight other strangers, leave for Planet McPa for a weeklong excursion. Soon after they arrive, however, a mysterious orb appears and transports them into the depths of space, where they find an empty floating spaceship…



(Source: VIZ Media)



Note: The first and last episode aired with a runtime of ~48 minutes as opposed to the standard 24 minute long episode.",https://s4.anilist.co/file/anilistcdn/media/anime/cover/large/bx107663-gfIpy1h36kUL.jpg,https://s4.anilist.co/file/anilistcdn/media/anime/banner/107663-tIwWetvU4k6W.jpg,3.9,,,,,,,,,,,,,,,Adventure;Mystery;Sci-Fi,Lerche,,,,,,,,,,,,
Kono Oto Tomare!: Sounds of Life,この音とまれ！,TVA,2019,13,COMPLETED,Platinum Vision,"In the story, Takezou is the last remaining member of the koto club, a club dedicated to the traditional Japanese string instrument. If he doesn't find new members, the koto club will be terminated. One day, Takezou is alone in the club room when a student barges in and demands to join. The student is delinquent Chika Kudou, a guy who even scares delinquent upperclassmen at other schools.



(Source: Anime News Network)",https://s4.anilist.co/file/anilistcdn/media/anime/cover/large/bx103302-RVGwGRDGdMQq.jpg,https://s4.anilist.co/file/anilistcdn/media/anime/banner/103302-bEkF9A0W10rj.jpg,3.9,,,,,,,,,,,,,,,Drama;Music;Romance;Slice of Life,Platinum Vision,,,,,,,,,,,,
Interviews with Monster Girls,亜人ちゃんは語りたい,TVA,2017,12,COMPLETED,A-1 Pictures,"Succubus, Dullahan and Vampire. They are known as Ajin, or ""demi""s and are slightly different than the average human. They have lived alongside humans for ages under persecution. However, in recent years, they have become accepted as members of society. This story follows a high school biology teacher who has a great interest in demis and his interaction with the various demis in his school, each with their own cute problems.",https://s4.anilist.co/file/anilistcdn/media/anime/cover/large/bx97592-6I0sanu3MPiZ.jpg,https://s4.anilist.co/file/anilistcdn/media/anime/banner/97592-4xX73GaqvbL6.png,3.7,,,,,,,,,,,,,,,Slice of Life;Supernatural,A-1 Pictures,,,,,,,,,,,,
Black Butler II,黒執事II,TVA,2010,12,COMPLETED,A-1 Pictures,"In late-nineteenth century England, one year and three months after the dramatic conclusion of the original series, Kuroshitsuji II introduces a new butler and young master. The sadistic yet cheerful Alois Trancy has faced some harsh times. He was kidnapped as a baby, and was forced to work in a village as a slave. Gradually, he lost his parents, his brother, and everyone he knew. Alois eventually returned home and became the head of his mansion, but seemed to exhibit some strange behavior ever since. Even more curiously, he returned with Claude Faustus, an enigmatic, emotionless butler with unfathomable talent...


(Source: AnimeNewsNetwork)",https://s4.anilist.co/file/anilistcdn/media/anime/cover/large/nx6707-eZvzqWlu51DD.png,https://s4.anilist.co/file/anilistcdn/media/anime/banner/6707-44Od4mQqKm2f.jpg,3.4,,,,,,,,,,,,,,,Action;Comedy;Fantasy;Mystery;Supernatural,A-1 Pictures,,,,,,,,,,,,
Cardcaptor Sakura,カードキャプターさくら,TVA,1998,70,COMPLETED,MADHOUSE,"One day, Kinomoto Sakura, a 4th grader stumbles upon the mysterious book of Clow. Upon opening it and reading the name of The Windy aloud, Sakura scatters the cards to the winds. Sakura is elected and appointed by Keroberos, Guardian of the Cards to capture the remaining cards. With her friend Tomoyo and rival Syaoran, Sakura begins an adventure that will forever change her.",https://s4.anilist.co/file/anilistcdn/media/anime/cover/large/bx232-ERyKCNNPJJeh.png,https://s4.anilist.co/file/anilistcdn/media/anime/banner/232-jnE0kGIWIRIS.jpg,4.0,,,,,,,,,,,,,,,Comedy;Drama;Fantasy;Mahou Shoujo;Romance,MADHOUSE,,,,,,,,,,,,
School Babysitters,学園ベビーシッターズ,TVA,2018,12,COMPLETED,Brain's Base,"The manga centers on the brothers Ryuuichi and Kotarou Kashima. Ryuuichi is in high school and Kotarou is still a toddler. After their parents are killed in a plane crash, the two brothers find themselves living with the chairwoman of the Morinomiya Academy, who herself lost her son and daughter-in-law in the same accident. The chairwoman, however, has one stipulation for the brothers in order to live with her: Ryuuichi has to work at the academy's daycare center as a babysitter.



(Source: Anime News Network)",https://s4.anilist.co/file/anilistcdn/media/anime/cover/large/bx98503-oUCGDkv2osNK.jpg,https://s4.anilist.co/file/anilistcdn/media/anime/banner/98503-bHYLNell54YL.jpg,4.0,,,,,,,,,,,,,,,Comedy;Slice of Life,Brain's Base,,,,,,,,,,,,
Bunny Drop,うさぎドロップ,TVA,2011,11,COMPLETED,Production I.G,"Going home from his grandfather's funeral, thirty-year-old Daikichi is floored to discover that the old man had an illegitimate child with a younger lover. The rest of his family is equally shocked and embarrassed by this surprise development, and not one of them wants anything to do with the silent little girl, Rin Kaga. In a fit of anger, Daikichi decides to take her in himself. As Daikichi nurtures Rin, he started to understand the struggle while at the same time the joy of parenting.



(Source: Anime News Network)",https://s4.anilist.co/file/anilistcdn/media/anime/cover/large/bx10162-w4SG5oQSQwMn.jpg,https://s4.anilist.co/file/anilistcdn/media/anime/banner/10162-CHoa4mll25WM.png,4.0,,,,,,,,,,,,,,,Slice of Life,Production I.G,,,,,,,,,,,,
【OSHI NO KO】Season 3,【推しの子】第3期,TVA,2026,11,COMPLETED,Doga Kobo,"The third season of [Oshi no Ko].



The story enters a new stage.



It's been six months since ""POP IN 2"" was released. Thanks to MEM-Cho's hard work, B-Komachi is about to get their major break. Aqua is a multi-talented entertainer, and Akane's career as a talented actress is going smoothly. Meanwhile, Kana lost the cheerfulness she once had. To track down the truth behind Ai and Goro's deaths, Ruby keeps rising in the entertainment world...



Using lies as a weapon.



(Source: Crunchyroll)



Note: The last episode has an extended runtime of ~54 minutes.",https://s4.anilist.co/file/anilistcdn/media/anime/cover/large/bx182587-fsU8LOjmd7oj.jpg,https://s4.anilist.co/file/anilistcdn/media/anime/banner/182587-SLNmuinewbUF.jpg,4.3,,,,,,,,,,,,,,,Drama;Mystery;Psychological;Supernatural,Doga Kobo,,,,,,,,,,,,
Happy Sugar Life,ハッピーシュガーライフ,TVA,2018,12,COMPLETED,Ezo’la,"Satou Matsuzaka is a beautiful high schooler who has a reputation for being permissive with men. However, a chance encounter with a young girl named Shio Koube makes Satou realize that this is her first and only true feeling of love. Telling others that she lives with her aunt, Satou secretly shares an apartment with Shio. Despite her innocent appearance, Satou is willing to do anything to protect her beloved, resorting to desperate measures to ensure that their ""happy sugar life"" remains intact. 

(Source: MAL Rewrite)",https://s4.anilist.co/file/anilistcdn/media/anime/cover/large/bx101351-TWLbnRdE1tBI.jpg,https://s4.anilist.co/file/anilistcdn/media/anime/banner/101351-gAmnBuRCb1U0.png,3.2,,,,,,,,,,,,,,,Drama;Horror;Mystery;Psychological;Romance,Ezo’la,,,,,,,,,,,,
You and I Are Polar Opposites,正反対な君と僕,TVA,2026,12,COMPLETED,Lapin Track,"Suzuki’s a high school girl in love, but the guy she’s fallen for is nothing like her! While she’s cheerful, outgoing, and always trying to fit in, her classmate Yusuke Tani is stoic, quiet, and doesn’t seem to care what people think of him. Will Suzuki be able to overcome her anxieties and ask him out, or will she discover that opposites really don’t attract?



(Source: Crunchyroll)",https://s4.anilist.co/file/anilistcdn/media/anime/cover/large/bx184951-s8Lg2muPBhdX.jpg,https://s4.anilist.co/file/anilistcdn/media/anime/banner/184951-Rx1mZZfKa9IU.jpg,4.2,,,,,,,,,,,,,,,Comedy;Romance;Slice of Life,Lapin Track,,,,,,,,,,,,
SHADOWS HOUSE,シャドーハウス,TVA,2021,13,COMPLETED,CloverWorks,"High atop a cliff sits the mansion known as Shadows House, home to a faceless clan that pretends to live like nobles. They express their emotions through living dolls that also endlessly clean the home of soot. One such servant, Emilico, aids her master Kate as they learn more about themselves and the mysteries of the house.

(Source: Funimation)",https://s4.anilist.co/file/anilistcdn/media/anime/cover/large/bx125038-BCfEvry0QBXW.png,https://s4.anilist.co/file/anilistcdn/media/anime/banner/125038-Gy0IC8sqR8e4.jpg,3.9,,,,,,,,,,,,,,,Fantasy;Horror;Mystery;Slice of Life;Supernatural,CloverWorks,,,,,,,,,,,,
Wolf Girl and Black Prince,オオカミ少女と黒王子,TVA,2014,12,COMPLETED,TYO Animations,"The story centers around Erika Shinohara, a vain 16-year-old girl who tells her friends about her romantic exploits, but she actually has no boyfriend. She claims that a handsome boy in a candid photo is her boyfriend, but it turns out that boy is a schoolmate named Kyouya Sata. She has no choice but to make him her fake boyfriend. Unfortunately, Sata may look like a sweet person, but he is actually an ultra-black-hearted sadist. Sata takes advantage of Erika's weakness and treats her like his dog.



(Source: Anime News Network)",https://s4.anilist.co/file/anilistcdn/media/anime/cover/large/bx20701-8tyJFN3soUm0.jpg,https://s4.anilist.co/file/anilistcdn/media/anime/banner/20701-2TCItnY8VkTE.jpg,3.3,,,,,,,,,,,,,,,Comedy;Romance;Slice of Life,TYO Animations,,,,,,,,,,,,
"DON'T TOY WITH ME, MISS NAGATORO 2nd Attack",イジらないで、長瀞さん 2nd Attack,TVA,2023,12,COMPLETED,OLM,"The second season of Ijiranaide, Nagatoro-san.


Miss Nagatoro is back for even more antics against Senpai in her next round of shenanigans! 


(Source: Crunchyroll)",https://s4.anilist.co/file/anilistcdn/media/anime/cover/large/bx140596-wBtzi7evAMlf.jpg,https://s4.anilist.co/file/anilistcdn/media/anime/banner/140596-4aOdEfE8FMHj.jpg,3.6,,,,,,,,,,,,,,,Comedy;Romance;Slice of Life,OLM,,,,,,,,,,,,
The Case Study of Vanitas Part 2,ヴァニタスの手記 2クール,TVA,2022,12,COMPLETED,bones,"The second cour of Vanitas no Carte.



It’s 19th-century Paris, and young vampire Noé hunts for the Book of Vanitas. Attacked by a vampire driven insane, a human doctor called Vanitas tempts Noé with a mad crusade to “cure” the entire vampire race. While allying with him may be dangerous, news reaches Vanitas that the Beast of Gévaudan has returned, and Noé is being brought along to investigate this phantom from the past.



(Source: Funimation)",https://s4.anilist.co/file/anilistcdn/media/anime/cover/large/bx135136-wVMApb1FEmkz.jpg,https://s4.anilist.co/file/anilistcdn/media/anime/banner/135136-AtddW2jg5H4n.jpg,4.0,,,,,,,,,,,,,,,Action;Drama;Fantasy;Mystery;Supernatural,bones,,,,,,,,,,,,
The Dangers in My Heart Season 2,僕の心のヤバイやつ 第2期,TVA,2024,13,COMPLETED,Shin-Ei Animation,"The second season of Boku no Kokoro no Yabai Yatsu.



After an eventful winter break, Kyoutarou Ichikawa and Anna Yamada reunite with a stronger bond. They continue to grow in their own ways, with Yamada taking on more challenging photoshoots and Ichikawa maturing both physically and emotionally as he tackles his affections for Yamada. However, spending time together outside of school allows for their relationship to deepen, and it becomes increasingly difficult to deny their budding romantic feelings.



Grappling with these unexpected and new emotions, Ichikawa and Yamada realize that, with the passage of time, their relationship is bound to change—and they must ultimately decide whether they wish to remain close friends or finally become a couple.



(Source: MAL Rewrite)",https://s4.anilist.co/file/anilistcdn/media/anime/cover/large/bx166216-vCMkF4e3x5FB.jpg,https://s4.anilist.co/file/anilistcdn/media/anime/banner/166216-mmAL8hAH8Ttc.jpg,4.3,,,,,,,,,,,,,,,Comedy;Romance;Slice of Life,Shin-Ei Animation,,,,,,,,,,,,
Vampire Knight,ヴァンパイア騎士,TVA,2008,13,COMPLETED,Studio DEEN,"Cross Academy is an elite boarding school with two separate, isolated classes: the Day Class and the Night Class. On the surface, Yuuki Cross and Zero Kiryuu are prefects of the academy, and attempt to keep order between the students as classes rotate in the evenings. As the night class is full of utterly gorgeous elites, this can sometimes prove to be a bit difficult. It is completely necessary, however, as those ""elites"" are actually vampires. Yuuki and Zero act as guardians, protecting the secrets of the Night Class and the safety of the ignorant day class.


As the adopted daughter of the academy's chairman, Yuuki takes her job with a serious and energetic attitude. It also allows her to interact with her secret crush and savior, the night class' dorm president, Kaname Kuran. Zero, on the other hand, has a deep-rooted hatred against vampires, and at times, does not hesitate to kill.


Can vampires and humans co-exist, even in the strict setup of the Cross Academy? Only time will tell.


(Source: MAL Rewrite)",https://s4.anilist.co/file/anilistcdn/media/anime/cover/large/bx3457-owSEHJYvflx5.jpg,https://s4.anilist.co/file/anilistcdn/media/anime/banner/3457-XGVLjGYZtlHT.jpg,3.1,,,,,,,,,,,,,,,Drama;Mystery;Romance;Supernatural,Studio DEEN,,,,,,,,,,,,
Engaged to the Unidentified,未確認で進行形,TVA,2014,12,COMPLETED,Doga Kobo,"Not every girl gets what she wants on her 16th birthday, but Kobeni's gift is something she never saw coming: an arranged marriage! Thanks to her late grandfather, Kobeni's been engaged to a total stranger since childhood, and even though she's supposedly met him she doesn't remember a single thing about him. Even weirder is that both her Mom and creepily over-doting sister, Benio, seem completely unsurprised when the groom-to-be, Hakuya, and his younger sister, Mashiro, show up on the family's doorstep to move in with them!



But it's not until they start attending Kobeni's school that things take an even stranger turn after she starts to pick up some very... unusual vibes from her potential future family. From Mashiro's obsession with aliens and UMAs (Unidentified Mysterious Animals) to Hakuya's disconcerting lack of emotion, there's something very off about them that Kobeni can't quite put her finger on. What has her grandfather gotten her into, and how does this relate to the strange gap in Kobeni's memory?



(Source: Sentai Filmworks)",https://s4.anilist.co/file/anilistcdn/media/anime/cover/large/bx20483-FJMOn8gjbcny.jpg,https://s4.anilist.co/file/anilistcdn/media/anime/banner/20483.jpg,3.5,,,,,,,,,,,,,,,Comedy;Romance;Slice of Life,Doga Kobo,,,,,,,,,,,,
Blood-C,BLOOD-C,TVA,2011,12,COMPLETED,Production I.G,"Saya is a seemingly normal girl living with her father in a shrine. During the day she goes to school and spends time with her friends at a local cafe. But when night falls Saya is called upon to protect her village from strange monsters. 


(Source: Anime News Network)",https://s4.anilist.co/file/anilistcdn/media/anime/cover/large/bx10490-Rqx4jlTOMFWx.jpg,https://s4.anilist.co/file/anilistcdn/media/anime/banner/10490-N8ycOPxYdLda.jpg,3.1,,,,,,,,,,,,,,,Action;Horror;Mystery;Supernatural,Production I.G,,,,,,,,,,,,
The Slime Diaries,転生したらスライムだった件 転スラ日記,TVA,2021,12,COMPLETED,8-bit,"“Dear diary… I got reincarnated as a slime.”



Even in another world, lives aren’t always on the line. There’s plenty of work to be done, from feeding the community and forging the items the community needs; as well as plenty of play …and hijinks throughout! Join Rimuru and friends as they kick back and enjoy their daily lives.



(Source: Kodansha USA)",https://s4.anilist.co/file/anilistcdn/media/anime/cover/large/bx116741-MI9aI2ikNyAP.jpg,https://s4.anilist.co/file/anilistcdn/media/anime/banner/116741-PUZqZptAPjox.jpg,3.7,,,,,,,,,,,,,,,Adventure;Comedy;Fantasy;Slice of Life,8-bit,,,,,,,,,,,,
"SING ""YESTERDAY"" FOR ME",イエスタデイをうたって,TVA,2020,12,COMPLETED,Doga Kobo,"A story of love and humanity, following four boys and girls trying to live their best lives through hardship and turmoil, in a small town on a private rail line just outside of Shinjuku. Minor misunderstandings lead to big complications, and their various feelings become entangled.



A story of daily life lived 49% looking back, 51% looking forward.



(Source: Crunchyroll)",https://s4.anilist.co/file/anilistcdn/media/anime/cover/large/bx109020-sRBusiVXbsLH.jpg,https://s4.anilist.co/file/anilistcdn/media/anime/banner/109020-TclHkkKtYgcQ.jpg,3.4,,,,,,,,,,,,,,,Drama;Romance;Slice of Life,Doga Kobo,,,,,,,,,,,,
Fruits Basket,フルーツバスケット,TVA,2001,26,COMPLETED,Studio DEEN,"Tohru Honda is 16 year old orphaned girl who gets invited to live in the house of her classmate, the handsome boy Sohma Yuki, and his cousins, 16 year old Kyo and 27 year old Shigure. However, these young men and parts of the rest of their family (both close and distant) hold a curse; if they are hugged by the opposite gender, they transform into animals of the Chinese Zodiac. Everyday is an adventure for sweet Tohru, as she gets to know everyone in the large family better (especially Yuki and Kyo), in both common and bizarre situations. But, the Sohma Family curse is certainly no laughing matter... it also holds horrible cruelty and heartbreak.",https://s4.anilist.co/file/anilistcdn/media/anime/cover/large/bx120-Z5i1sw1xboQP.jpg,https://s4.anilist.co/file/anilistcdn/media/anime/banner/120-PautbsS8uEAe.jpg,3.8,,,,,,,,,,,,,,,Comedy;Drama;Romance;Slice of Life;Supernatural,Studio DEEN,,,,,,,,,,,,
I'm Standing on a Million Lives,100万の命の上に俺は立っている,TVA,2020,12,COMPLETED,Maho Film,"Aloof and logical middle school third-year Yuusuke Yotsuya is transported to a game-like alternate world. He becomes a third player and takes on a dangerous quest with his classmates Iu Shindo and Kusue Hakozaki, who were transported there earlier. The cold Yuusuke eschews emotionalism and examines all elements with detachment, sometimes even toying with the lives of his companions. Can he protect his party from attacking monsters, difficult incidents, and powerful scheming enemies and win the game?



(Source: Crunchyroll)",https://s4.anilist.co/file/anilistcdn/media/anime/cover/large/bx116242-JY81Khmbqysn.jpg,https://s4.anilist.co/file/anilistcdn/media/anime/banner/116242-eksIN3Djcwy5.jpg,3.1,,,,,,,,,,,,,,,Action;Drama;Fantasy,Maho Film,,,,,,,,,,,,
Kaiji - Ultimate Survivor,逆境無頼カイジ Ultimate Survivor,TVA,2007,26,COMPLETED,MADHOUSE,"Itou Kaiji is a bum who steals car emblems and slashes tires on what seems to be a regular basis. This routine changes one day when he is paid a visit by a man in a trench-coat. Once the two get talking, it seems that the visitor (Calling himself Endou) is a debt collector. The reason for his visit is an unpaid loan which Kaiji had previously co-signed for a work-mate (Furuhata Takeshi). The original loan was 300,000 yen and once Takeshi had disappeared, the loan then fell on Kaiji.


Kaiji is then told of a way to clear the interest compounded debt (which stood at 3,850,000 yen), which involved getting on a boat with others in his position. Once on the boat the debtors would then have to gamble with loaned money, which would end with a few winning, and others getting into deeper debt and having to work to pay off their debts. After some coercion Kaiji accepts a position on the boat, in order to clear his debt and make a bit of money as well...",https://s4.anilist.co/file/anilistcdn/media/anime/cover/large/bx3002-BExanPfxp888.jpg,https://s4.anilist.co/file/anilistcdn/media/anime/banner/3002-HcG6WRNYf5BC.jpg,4.1,,,,,,,,,,,,,,,Psychological;Thriller,MADHOUSE,,,,,,,,,,,,
Somali and the Forest Spirit,ソマリと森の神様,TVA,2020,12,COMPLETED,Satelight,"The world is ruled by a diversity of inhuman beings, who persecuted humans and drove them to near-extinction. One day, the forest guardian Golem meets a human girl. This is a chronicle of a journey that would bind a member of the dying ""human"" clan to the forest guardian Golem, as father and daughter.



(Source: Crunchyroll)

The first episode received an advance web distribution on January 3. The regular TV broadcast started on January 10.",https://s4.anilist.co/file/anilistcdn/media/anime/cover/large/bx108617-PgoYLgWzzm0c.png,https://s4.anilist.co/file/anilistcdn/media/anime/banner/108617-K5pexm0OYdJl.jpg,3.8,,,,,,,,,,,,,,,Adventure;Drama;Fantasy;Slice of Life,Satelight,,,,,,,,,,,,
Armed Girl's Machiavellism,武装少女マキャヴェリズム,TVA,2017,12,COMPLETED,SILVER LINK.,"Originally, Aichi Coexistence Private Academy was an all-girls school for privileged young ladies until it was decided that it would become co-ed. The fearful girls were permitted to bring weapons to protect themselves, and then a vigilante group was established called the “Supreme Five Swords."" When rebellious Nomura Fudou is sent to the academy, he is given two options: act and dress like a girl or be expelled!



(Source: Sentai Filmworks)",https://s4.anilist.co/file/anilistcdn/media/anime/cover/large/bx21851-WCBWT6fLgh5z.jpg,https://s4.anilist.co/file/anilistcdn/media/anime/banner/21851-WlOu4rhpbflw.jpg,3.3,,,,,,,,,,,,,,,Action;Comedy;Ecchi;Romance,SILVER LINK.,,,,,,,,,,,,
Dead Mount Death Play,デッドマウント・デスプレイ,TVA,2023,12,COMPLETED,GEEKTOYS,"As a legendary hero nears victory against a necromancer known as The Corpse God, things take an unexpected turn with the dark sorcerer’s final gambit—reincarnation magic. This last-ditch effort catches the brave fighter off guard, and now he’s a boy named Polka Shinoyama in a whole new world! The showdown between good and evil just got epic.



(Source: Crunchyroll)",https://s4.anilist.co/file/anilistcdn/media/anime/cover/large/bx157198-LVZ7PgxWwc6v.jpg,https://s4.anilist.co/file/anilistcdn/media/anime/banner/157198-r9fj9TCgURuu.jpg,3.6,,,,,,,,,,,,,,,Action;Fantasy;Supernatural;Thriller,GEEKTOYS,,,,,,,,,,,,
Noblesse,NOBLESSE -ノブレス-,TVA,2020,13,COMPLETED,Production I.G,"For 820 years he had slumbered with no knowledge of mankind's advancement and scientific progress. The land which he once knew has become an unfamiliar place with new technology, attitudes, and lifestyles. Upon awakening, Cadis Etrama Di Raizel (aka Rai), seeks to familiarize himself with this era. He locates a loyal servant of his, Frankenstein, who is currently the principal of a South Korean High School. Rai decides that this school is the perfect place to help him learn about the modern world, enrolls, and begins associating with a group of good-natured students in order to 'blend in'. But this new world is no safer than the old; and the dignified, bewildered, technologically inept Rai finds himself embroiled in adventures both ridiculous and dangerous.",https://s4.anilist.co/file/anilistcdn/media/anime/cover/large/bx116005-yfngIe9aBaJw.jpg,https://s4.anilist.co/file/anilistcdn/media/anime/banner/116005-FYXJaCyKRX9j.jpg,3.3,,,,,,,,,,,,,,,Action;Supernatural,Production I.G,,,,,,,,,,,,
Real Girl,3D彼女 リアルガール,TVA,2018,12,COMPLETED,Hoods Entertainment,"Hikari Tsutsui has never been popular, his one real friend is an even worse otaku than he is, and the only girls he's known are the two-dimensional women from his manga and video games. Until, that is, he's sent to help clean the pool as punishment and is partnered with the school's resident ""bad girl"", the very real, very three-dimensional Iroha Igarashi. Brash, beautiful, and known for her promiscuous behavior, Iroha is loathed by other girls but loved by the guys. And yet, inexplicably, she not only seems to be interested in Hikari, but proposes that they enter into a relationship! Unable to resist, Hikari agrees, but there's one big catch - Iroha's moving away in six months, so no matter what happens between them, in half a year Hikari's guaranteed to lose his REAL GIRL!



(Source: Sentai Filmworks)",https://s4.anilist.co/file/anilistcdn/media/anime/cover/large/bx100526-Hw6U34Hw2TDb.jpg,https://s4.anilist.co/file/anilistcdn/media/anime/banner/100526-the6isOYqR8S.jpg,3.2,,,,,,,,,,,,,,,Comedy;Drama;Romance;Slice of Life,Hoods Entertainment,,,,,,,,,,,,
REBORN!,家庭教師ヒットマンREBORN!,TVA,2006,203,COMPLETED,Artland,"Nowadays, the mafia world is ruled by Italy's strongest family, the Vongola. Vongola's current head, ninth in the row, is an old man ready for retirement. But before he can hand down his position, he needs help from a professional Hitman to prepare the next generation Boss for ruling over Vongola and the mafia world itself.


Sawada Tsunayoshi is just your ordinary teenage boy who attends Junior High and sucks at it. He is unpopular, has no friends, and is desperately in love with a girl from his class. But his life takes an extraordinary turn when Tsunayoshi meets Reborn, an infamous hitman, who the ninth boss of Vongola has sent to train Tsunayoshi for his upcoming title.


(Source: Katekyo Hitman Reborn! FC)",https://s4.anilist.co/file/anilistcdn/media/anime/cover/large/bx1604-W2q38L4OCGLI.png,https://s4.anilist.co/file/anilistcdn/media/anime/banner/1604-n7a4gHUeqmba.jpg,3.9,,,,,,,,,,,,,,,Action;Comedy;Sci-Fi;Slice of Life;Supernatural,Artland,,,,,,,,,,,,
Dragon Ball Z Kai,ドラゴンボール改,TVA,2009,97,COMPLETED,Toei Animation,"A remastered version of Dragon Ball Z that adheres more to the manga's story.  This version includes newly recorded dialog by the original voice actors, new sound effects, new OP/ED sequences, and a brand new HD video transfer.",https://s4.anilist.co/file/anilistcdn/media/anime/cover/large/bx6033-TKDWyjZN3dXk.png,https://s4.anilist.co/file/anilistcdn/media/anime/banner/6033-oyoKAT6qBUba.png,3.9,,,,,,,,,,,,,,,Action;Adventure;Comedy,Toei Animation,,,,,,,,,,,,
Wistoria: Wand and Sword Season 2,杖と剣のウィストリア Season2,TVA,2026,12,ONGOING,Actas,"The second season of Tsue to Tsurugi no Wistoria.


Will, a washout student at a magical academy who is unable to use magic, is aiming to join the top tier of mages, the Magia Vander, to fulfill a promise to his childhood friend, Elfaria. Wielding a sword instead of a wand, his abilities are slowly recognized within the academy. During the all-student praxis dungeon training he undertakes with Lihanna and the other top students of his year, they are ambushed by a mysterious mage. Though they barely manage to survive the attack together, they go on to face the exit exam. Can Will reach the girl waiting for him in the tower?


(Source: Official Site)",https://s4.anilist.co/file/anilistcdn/media/anime/cover/large/bx182300-IYkq5KrkQq1V.jpg,https://s4.anilist.co/file/anilistcdn/media/anime/banner/182300-d1znfWKzn1bT.jpg,4.1,,,,,,,,,,,,,,,Action;Adventure;Drama;Fantasy,Actas,,,,,,,,,,,,
Kids on the Slope,坂道のアポロン,TVA,2012,12,COMPLETED,Tezuka Productions,"The beginning of summer, 1966. 


Because of his father's job situation, freshman high school student Kaoru Nishimi moves by himself from Yokosuka to Kyushu to live with relatives. Until then, Kaoru was an honor roll student who tended to keep to himself, but meeting notorious bad boy Sentaro Kawabuchi starts to change him. Through his devil-may-care classmate, Kaoru learns the attractions of jazz and finds the first person he can call a ""friend"". He also discovers how much fun it is to play music with a pal. 


Other characters include Sentaro's kind childhood chum, Ritsuko, who is the daughter of a record shop owner; the mysterious upperclassman, Yurika; and Brother Jun, the much-admired leader among their peers. Set against the backdrop of a seaside town with a scent of American culture, this series is a drama about young people coming into their own, crossing each other's paths, and finding friendship, love, and music! 


(Source: Official Website)",https://s4.anilist.co/file/anilistcdn/media/anime/cover/large/bx12531-m8q2U1lA6V90.jpg,https://s4.anilist.co/file/anilistcdn/media/anime/banner/12531-S7FaZwnZPCWQ.jpg,4.0,,,,,,,,,,,,,,,Drama;Music;Romance;Slice of Life,Tezuka Productions,,,,,,,,,,,,
After the Rain,恋は雨上がりのように,TVA,2018,12,COMPLETED,WIT STUDIO,"Akira Tachibana was once the ace of a track club, but an injury forced her to quell her passion for sports. Masami Kondou, a divorced father, had ambitions of being a writer and now manages a restaurant, where Akira works. It is the intersection of Akira and Masami’s seemingly disconnected lives that makes each of them reconsider and redefine everything about themselves.



(Source: Sentai Filmworks)",https://s4.anilist.co/file/anilistcdn/media/anime/cover/large/bx98385-GYmOoxtwWVhz.jpg,https://s4.anilist.co/file/anilistcdn/media/anime/banner/n98385-fyGWkx3FbZSh.jpg,3.6,,,,,,,,,,,,,,,Drama;Romance;Slice of Life,WIT STUDIO,,,,,,,,,,,,
A Certain Scientific Railgun S,とある科学の超電磁砲S,TVA,2013,24,COMPLETED,J.C.STAFF,"The second season of Toaru Kagaku no Railgun.



Something sinister is going on in Academy City. The shadows are filled with whispers of an organization cloning super-powered students known as espers. High-ranking master of electricity, Mikoto Misaka, laughs off these stories until she comes face to face with a copy of herself. After learning that these clones - her sisters - are being systematically murdered in a series of experiments designed to turn a sadistic killer into the strongest esper in history, Misaka vows to save her copies and destroy the organization responsible for the project.



As Misaka prepares to face off against the organization’s power-hungry esper, she discovers that she wasn’t the only victim of the scientific forces conspiring within the city - and that’s something Misaka and the girls of Judgement simply won’t stand for.



(Source: Funimation)",https://s4.anilist.co/file/anilistcdn/media/anime/cover/large/nx16049-FbOhOsQAuisF.jpg,https://s4.anilist.co/file/anilistcdn/media/anime/banner/16049-J5FVFQgBKp1p.jpg,4.0,,,,,,,,,,,,,,,Action;Fantasy;Sci-Fi,J.C.STAFF,,,,,,,,,,,,
WIND BREAKER Season 2,WIND BREAKER Season 2,TVA,2025,12,COMPLETED,CloverWorks,"The second season of WIND BREAKER.



Welcome back to Furin High School, an institution infamous for its population of brawny brutes who solve every conflict with a show of strength. Some of the students even formed a group, Bofurin, which protects the town. Haruka Sakura, a first-year student who moved in from out of town, is only interested in one thing: fighting his way to the top! 



(Source: Crunchyroll, edited)",https://s4.anilist.co/file/anilistcdn/media/anime/cover/large/bx178680-nIAhCizY46ZU.jpg,https://s4.anilist.co/file/anilistcdn/media/anime/banner/178680-9HupCDo647QU.jpg,3.9,,,,,,,,,,,,,,,Action;Comedy;Drama,CloverWorks,,,,,,,,,,,,
Call of the Night Season 2,よふかしのうた Season 2,TVA,2025,12,COMPLETED,LIDENFILMS,"The second season of Yofukashi no Uta.



Ko overcomes his confusion about becoming a vampire and decides to ""like"" Nazuna, while Nazuna resolves to make Ko ""fall in love"" with her. Without understanding what ""love"" even is, the two of them spend their nights together in a frenzy. Meanwhile, Detective Uguisu Anko is closing in with her plot to kill vampires, not just Nazuna. A vampire's weakness is ""anything they were attached to when they were human"" and so they all try to get rid of this weakness before it's too late. But, Nazuna has no memory of her human life. What is Nazuna's hidden past? Why did Anko start killing vampires? And what is the ""secret"" that Nazuna and Anko share? For Ko, Nazuna, Anko, a fun ""late night"" doesn't end here... a new ""night"" begins!



(Source: HIDIVE)",https://s4.anilist.co/file/anilistcdn/media/anime/cover/large/bx175914-VsbL90WzuqoM.jpg,https://s4.anilist.co/file/anilistcdn/media/anime/banner/175914-K0Hw6bg3Tf5i.jpg,4.2,,,,,,,,,,,,,,,Comedy;Psychological;Romance;Slice of Life;Supernatural,LIDENFILMS,,,,,,,,,,,,
Inu X Boku Secret Service,妖狐×僕SS,TVA,2012,12,COMPLETED,david production,"The Shirakiin house's daughter, Shirakiin Ririchiyo, who has a complex about being unable to live independently and unprotected, feels the need to move out and live on her own under the condition of residing in the mansion named ""Ayakashi Kan."" In this mansion, only those who have cleared a very strict examination could reside in it, and for each resident, they are accompanied with one agent of the Secret Service (S.S.). Although Riricho has rejected the company of the S.S., while residing in the mansion she finds out that the agent dedicated to protecting her is actually the Fox Spirit.",https://s4.anilist.co/file/anilistcdn/media/anime/cover/large/bx11013-EBA11hztD2yi.jpg,https://s4.anilist.co/file/anilistcdn/media/anime/banner/11013.jpg,3.5,,,,,,,,,,,,,,,Comedy;Romance;Supernatural,david production,,,,,,,,,,,,
WITCH WATCH,ウィッチウォッチ,TVA,2025,25,COMPLETED,Bibury Animation Studios,"Morihito Otogi, a high school student who comes from a lineage of ogres, enjoys a peaceful, ordinary life until his childhood friend, Nico, moves in with him. Nico is a witch-in-training, and chooses Morihito to be her familiar. While Nico is thrilled to reunite with her old friend and crush, Morihito is tasked with the perilous duty to protect her from a foretold calamity. Between the unpredictable chaos caused by Nico’s magic, and the awkwardness of sharing a home, their lives become a whirlwind of supernatural hijinks and threats.



(Source: Crunchyroll) 



Notes: 

- Worldwide premiere of Episodes 1-3 titled as WITCH WATCH: WATCH PARTY before the Japanese premiere was pre-screened in advance in theaters on March 16, 2025 in North America by GKIDS Films and March 22 and 23 in Europe by Animation Digital Network. 

- Episodes 1-2 + a selection of stories (Cat Scout, Kanshi's Part Time Job Diaries ~ The Side Job ~, and Kan & Nico's Channel) was pre-screened in advance in theaters on March 30, 2025 in Japan. The regular TV broadcast began April 6, 2025.",https://s4.anilist.co/file/anilistcdn/media/anime/cover/large/bx180367-GlRuB2lG7Kaa.jpg,https://s4.anilist.co/file/anilistcdn/media/anime/banner/180367-Kpxveeh3Q3cm.jpg,3.6,,,,,,,,,,,,,,,Comedy;Drama;Fantasy;Romance;Slice of Life;Supernatural,Bibury Animation Studios,,,,,,,,,,,,
Heaven's Lost Property,そらのおとしもの,TVA,2009,13,COMPLETED,AIC A.S.T.A.,"Sakurai Tomoki has been having the same strange dream since he was a child and would wake up in tears. Sugata, an upperclassman at his school, believes the dream to be of the new continent. Later that night, while waiting under the cherry trees for Sugata and his childhood friend, an angel called Ikaros comes flying down and his peaceful life changes from then on.",https://s4.anilist.co/file/anilistcdn/media/anime/cover/large/bx5958-qaAKEr4Q0JWn.jpg,https://s4.anilist.co/file/anilistcdn/media/anime/banner/5958-aqz8d4m8nORb.jpg,3.4,,,,,,,,,,,,,,,Comedy;Ecchi;Romance;Sci-Fi;Slice of Life;Supernatural,AIC A.S.T.A.,,,,,,,,,,,,
The Ice Guy and His Cool Female Colleague,氷属性男子とクールな同僚女子,TVA,2023,12,COMPLETED,Zero-G,"The setting is a workplace where a snowy-white romance blows in like a blizzard.



Himuro is a descendant of yuki-onnas living in modern times and a newbie office worker. When he gets emotionally overwhelmed, he ends up causing blizzards or starts building snowmen and igloos. Whenever his secret romantic feelings for his unique yet kind coworker Fuyutsuki intensify, he sometimes ends up freezing those around him. Then, there's Fuyutsuki. Everyone always sees her as the cool type, but Fuyutsuki is actually also pretty curious about her mysterious coworker, Himuro.



Their relationship continues to gradually evolve daily through work and work events. Eventually, they start to spend time with each other outside of work, but they're both a bit awkward when it comes to love, so they just can't seem to get closer... 



A heartwarming workplace fantasy romcom starring a seemingly cool couple is about to begin!



(Source: Crunchyroll)",https://s4.anilist.co/file/anilistcdn/media/anime/cover/large/bx151252-ywrMmJG1Loc3.jpg,https://s4.anilist.co/file/anilistcdn/media/anime/banner/151252-8bTZKJBAzgMR.jpg,3.6,,,,,,,,,,,,,,,Comedy;Romance;Slice of Life;Supernatural,Zero-G,,,,,,,,,,,,
Kubo Won't Let Me Be Invisible,久保さんは僕を許さない,TVA,2023,12,COMPLETED,PINE JAM,"Junta Shiraishi has just one goal: to experience youth to the fullest! But this is easier said than done. Junta is so socially invisible that people at school would swear he skipped class even when he’s sitting right behind them. Everything changes when Junta meets Nagisa Kubo. She’s the only person who pays Junta any attention, and her constant teasing is sure to turn Junta’s quiet life upside down because Kubo won’t let him be invisible!



(Source: HIDIVE)",https://s4.anilist.co/file/anilistcdn/media/anime/cover/large/bx148969-3vPgXpMpQvba.jpg,https://s4.anilist.co/file/anilistcdn/media/anime/banner/148969-Ss5qOkasNcnG.jpg,3.7,,,,,,,,,,,,,,,Comedy;Romance;Slice of Life,PINE JAM,,,,,,,,,,,,
Wagnaria!!,WORKING!!,TVA,2010,13,COMPLETED,A-1 Pictures,"Set in a family restaurant in Hokkaido, the northern prefecture of Japan, 16-year-old high school student Souta Takanashi works part-time along with his strange co-workers: Popura Taneshima, a high school girl who's a year older than Souta, yet easily mistaken for an elementary/middle schooler, and Kyoko Shirafuji, the 28-year-old store manager who doesn't bother to do any work at all. 


(Source: NIS America)",https://s4.anilist.co/file/anilistcdn/media/anime/cover/large/bx6956-Nxs7H25yHLNS.jpg,https://s4.anilist.co/file/anilistcdn/media/anime/banner/6956-V7ovHknjKRlc.jpg,3.7,,,,,,,,,,,,,,,Comedy;Slice of Life,A-1 Pictures,,,,,,,,,,,,
Love Tyrant,恋愛暴君,TVA,2017,12,COMPLETED,EMT Squared,"A Kiss Note is a powerful notebook that makes anyone who has their name written together will instantly fall in love if they kiss each other regardless of any circumstances. This magical and very familiar item belongs to an angel named Guri whose job as cupid is to create couples. However, she accidentally writes down Aino Seiji, a regular high school student, and unless he kisses someone, Guri will die. She convinces Seiji to go kiss his crush, Hiyama Akane, the school's popular girl who turns out has even stronger feelings for him, bordering on obsessive and psychotic. Eventually Akane and Seiji come together but not before Guri decides that she likes Seiji as well. What seems awesome to most guys becomes hell for Seiji who just wants a normal relationship with girls.



(Source: IMDB)",https://s4.anilist.co/file/anilistcdn/media/anime/cover/large/bx21517-huYdImj17Sr3.jpg,https://s4.anilist.co/file/anilistcdn/media/anime/banner/21517-rRAzWHjDBXxM.jpg,3.1,,,,,,,,,,,,,,,Comedy;Ecchi;Romance;Supernatural,EMT Squared,,,,,,,,,,,,
Kamisama Kiss◎,神様はじめました◎,TVA,2015,12,COMPLETED,TMS Entertainment,"The second season of Kamisama Hajimemashita



Nanami Momozono and her familiars Tomoe and Mizuki have survived quite a few challenges since Nanami took up the mantle of Mikage Shrine's patron god. Naturally, the wind god Otohiko comes to invite Nanami to the Divine Assembly in Izumo, the home of the gods, and Nanami chooses to take Mizuki with her, leaving Tomoe to pose as her at school. However, she has an ulterior motive for attending the Divine Assembly: to discover the whereabouts of the missing Lord Mikage, the former god of the shrine.



After her adventures in Izumo, Nanami meets Botanmaru, a tengu child looking for someone she knows all too well—tengu turned goth idol Shinjirou Kurama. Botanmaru needs Shinjirou, their prince, to return home to Mount Kurama and stop the tyranny of Jirou, who has taken over the rule of their hometown. However, Nanami soon discovers a force much darker than Jirou is at work on the mountain.



As a fledgling god becoming more accustomed to divinity, Nanami finds herself dealing with a tengu rebellion, her blooming feelings for Tomoe, and a strange man with ties to both Tomoe's past and Nanami's future.



(Source: MAL Rewrite)",https://s4.anilist.co/file/anilistcdn/media/anime/cover/large/bx20801-2wtvmLpaM8hY.jpg,https://s4.anilist.co/file/anilistcdn/media/anime/banner/20801-XpbvG91zj2fl.jpg,4.1,,,,,,,,,,,,,,,Comedy;Fantasy;Romance;Supernatural,TMS Entertainment,,,,,,,,,,,,
Dusk Maiden of Amnesia,黄昏乙女×アムネジア,TVA,2012,12,COMPLETED,SILVER LINK.,"60 years ago, a young woman was left to die in the abandoned school building behind the exclusive Seikyou Academy. No one knows why. No one knows how. But the horrifying tale and the legends of the ghostly haunting that followed live on to this day. Perhaps it's not so surprising then, that among Seikyou's many school clubs is one for students interested in ""paranormal investigations."" What might raise more than a few hairs, however, is that the founder of the club is the ghost herself. Unable to remember how she died and trapped in the grey land between life and death, Yuuko latches onto Teiichi Niiya, a freshman who can inexplicably see her, and together they and the other unsuspecting members of the club begin to unravel the many dark mysteries that surround Seikyou. Will unlocking the secret of Yuuko's gruesome death finally free her? Or will her sudden close association with a mortal have even stranger repercussions on both of their existences? 


(Source: Sentai Filmworks)",https://s4.anilist.co/file/anilistcdn/media/anime/cover/large/bx12445-hKIXQW3vA4iz.jpg,https://s4.anilist.co/file/anilistcdn/media/anime/banner/12445.jpg,3.8,,,,,,,,,,,,,,,Horror;Mystery;Romance;Supernatural,SILVER LINK.,,,,,,,,,,,,
Teasing Master Takagi-san Season 2,からかい上手の高木さん 2,TVA,2019,12,COMPLETED,Shin-Ei Animation,"Even after spending a considerable amount of time with Takagi, Nishikata is still struggling to find a perfect plan to defeat the expert teaser. A battle of wits, a contest of physical prowess, a test of courage—any strategy he employs to expose her weaknesses is to no avail. On the contrary, Nishikata's pitiful attempts only reveal more of his own flaws, which Takagi takes advantage of to become increasingly daring in her teasing attempts. To make things worse for Nishikata, rumors about him and Takagi may have spread in class due to the frequent interactions between them.



However, the optimistic Nishikata believes that wisdom comes with age and that as the days go by, his experience with her constant teasing will eventually bear fruit, leading him to the awaited moment of victory. Thus, Nishikata continues to strive for the seemingly impossible—to outsmart Takagi and make her blush with embarrassment.",https://s4.anilist.co/file/anilistcdn/media/anime/cover/large/bx107068-KJq0eFP0GTjL.jpg,https://s4.anilist.co/file/anilistcdn/media/anime/banner/107068-bbTCDr8t1ByW.jpg,4.0,,,,,,,,,,,,,,,Comedy;Romance;Slice of Life,Shin-Ei Animation,,,,,,,,,,,,
Cells at Work!!,はたらく細胞!!,TVA,2021,8,COMPLETED,david production,"The second season of Hataraku Saibou.



Cells at Work!! continues the tale of…well…you! Set inside the human body, Cells at Work!! chronicles the life and times of everything from the oxygen-carrying Red Blood Cells to the bacteria-fighting White Blood Cells. And, of course, the dangerous viruses and villains lurking beneath the skin!



(Source: Funimation)



Notes:

- The episodes were streamed two days ahead of the Japanese broadcast on Funimation beginning on Jan 8, 2021 at 2:00 JST. The regular TV broadcast started on Jan 9, 2021 at 23:30 JST.

- The pre-screened movie ""Hataraku Saibou!!"" Saikyou no Teki, Futatabi. Karada no Naka wa ""Chou"" Oosawagi! is included as episodes 4-8 split into the broadcast.",https://s4.anilist.co/file/anilistcdn/media/anime/cover/large/bx108631-R3yjfHmOJDET.jpg,https://s4.anilist.co/file/anilistcdn/media/anime/banner/108631-NnAkKEveLSlc.jpg,3.6,,,,,,,,,,,,,,,Action;Comedy;Sci-Fi,david production,,,,,,,,,,,,
No Longer Allowed in Another World,異世界失格,TVA,2024,12,COMPLETED,Atelier Pontdarc,"Pulled into an otherworldly adventure with cute sidekicks and superpowers, you’d think Osamu hit the jackpot. Nope! From a time before pixels, the early 20th-century gloomy author just wants to find a quiet place to meet his maker, not to rack up XP. Sadly, his poetic demise is constantly thwarted by inconvenient heroics. Dive into the hilariously tragic life of the most reluctant hero!



(Source: Crunchyroll)",https://s4.anilist.co/file/anilistcdn/media/anime/cover/large/bx152137-JpefyFlYa03R.jpg,https://s4.anilist.co/file/anilistcdn/media/anime/banner/152137-8zhxj4nTFUmC.jpg,3.5,,,,,,,,,,,,,,,Comedy;Fantasy;Romance;Slice of Life;Supernatural,Atelier Pontdarc,,,,,,,,,,,,
Chobits,ちょびっツ,TVA,2002,26,COMPLETED,MADHOUSE,"In the future, personal computers have developed into ""Persocoms"", mobile computers that look like human beings. Hideki Motosuwa, a prep school student, desperately wants to buy a Persocom but cannot afford to. One day he finds a Persocom that has been thrown away and decides to keep it. When he turns on the Persocom, all she can say is ""Chii"" so he decides to name her that. After a while it starts to become apparent that Chii is more than an average Persocom. Having much better performance, it seems that Chii might be a ""Chobit"", a type of advanced Persocom rumored to have independent thought.


(Source: Anime News Network)",https://s4.anilist.co/file/anilistcdn/media/anime/cover/large/nx59-0J95ZHgt4uyP.jpg,https://s4.anilist.co/file/anilistcdn/media/anime/banner/n59-A3U3L90yUEWQ.jpg,3.5,,,,,,,,,,,,,,,Comedy;Drama;Ecchi;Romance;Sci-Fi,MADHOUSE,,,,,,,,,,,,
TONIKAWA: Over The Moon For You Season 2,トニカクカワイイ（シーズン2）,TVA,2023,12,COMPLETED,Seven Arcs,"The sweet story of Nasa and Tsukasa continues! After surviving some awkward first nights together, dealing with doubters, and recovering from their apartment fire, it's clear the fate of these lovers was written in the stars. Now, they're ready to settle back into domestic bliss and finally plan their wedding ceremony! But with plenty of new friends on the way, what will their big day look like?!



(Source: Crunchyroll)",https://s4.anilist.co/file/anilistcdn/media/anime/cover/large/bx141208-On0qHKxo6P5t.png,https://s4.anilist.co/file/anilistcdn/media/anime/banner/141208-06bpzVXG9vqO.jpg,3.8,,,,,,,,,,,,,,,Comedy;Romance;Slice of Life,Seven Arcs,,,,,,,,,,,,
Rurouni Kenshin,るろうに剣心 -明治剣客浪漫譚-,TVA,1996,94,COMPLETED,Studio Gallop,"Himura Kenshin is a vagabond with a dark past and sunny disposition. Not a ronin but a rurouni, he was never a samurai, but an assassin of utmost skill in the Meiji restoration, who in the turning point of the war simply walked away. His travels lead him to Tokyo in the 11th year of the Meiji era, where he befriends a female Kendo master, a former thief, a brawler and a doctor all with their own secrets. Together they fight off the enemies surfacing from the dark past that Kenshin cannot escape. 


(Source: Anime News Network)",https://s4.anilist.co/file/anilistcdn/media/anime/cover/large/bx45-DEFgZRCxiGmF.png,https://s4.anilist.co/file/anilistcdn/media/anime/banner/45-JVUpMKU0HzRW.jpg,4.0,,,,,,,,,,,,,,,Action;Adventure;Comedy;Drama;Romance,Studio Gallop,,,,,,,,,,,,
Rainbow,REINBOU,MOVIE,2006,1,COMPLETED,,Short film by Yoriko Mizushiri.,https://s4.anilist.co/file/anilistcdn/media/anime/cover/medium/b136531-VWnLFHPbRE2K.png,,2.0,,,,,,,,,,,,,,,Music,,,,,,,,,,,,,
Pseudo Harem,疑似ハーレム,TVA,2024,12,COMPLETED,Nomad,"Eiji Kitahama joins the drama club with dreams of having a harem like the ones from his favorite manga. Rin Nanakura, an underclassman, finds herself crushing hard on Eiji and tries on different personas in his presence to win him over. No matter how she acts, one thing is certain—her feelings for Eiji continue to grow stronger. Will she ever be able to tell him the truth and be herself?


(Source: Crunchyroll)",https://s4.anilist.co/file/anilistcdn/media/anime/cover/large/bx163623-pzR6vIHoJh0b.jpg,https://s4.anilist.co/file/anilistcdn/media/anime/banner/163623-A5g41LWbH3WT.jpg,3.8,,,,,,,,,,,,,,,Comedy;Romance;Slice of Life,Nomad,,,,,,,,,,,,
EDENS ZERO,EDENS ZERO,TVA,2021,25,COMPLETED,J.C.STAFF,"Eleven months after the grand finale of Fairy Tail, master mangaka Hiro Mashima is back with a great adventure beyond imagination! All the steadfast friendship, crazy fighting, and blue cats you've come to expect... IN SPACE!



A young boy gazes up at the sky and sees a streaming bolt of light. The friendly, armor-clad being at his side tells him gently, ""That's a dragon."" The fact that he's joking isn't important. What's important is the look of wonder on the boy's face... and the galaxy-spanning adventure that's about to take place! Join Hiro Mashima (Fairy Tail, Rave Master) once more as he takes to the stars for another thrilling saga!



(Source: Crunchyroll)



Note: The first two episodes received an online advance screening on March 29. Regular TV broadcast started on April 11, 2021.",https://s4.anilist.co/file/anilistcdn/media/anime/cover/large/bx119683-BC4i4dF5DGNO.jpg,https://s4.anilist.co/file/anilistcdn/media/anime/banner/119683-6rdpMkhc9MWp.jpg,3.5,,,,,,,,,,,,,,,Action;Adventure;Comedy;Fantasy;Sci-Fi,J.C.STAFF,,,,,,,,,,,,
YuruYuri,ゆるゆり,TVA,2011,12,COMPLETED,Doga Kobo,"Right after starting middle school, Akari Akaza joins the Amusement Club which is composed solely by her two childhood friends, Kyouko Toshinou and Yui Funami. Chinatsu Yoshikawa, Akaza's classmate, becomes a member after finding out about the dissolution of the Tea Club. 


The Amusement Club, situated at the tea room facility since the Tea Club disbanded, has no clear purpose, being free for the girls to do whatever they want.


(Source: Anime News Network)",https://s4.anilist.co/file/anilistcdn/media/anime/cover/large/bx10495-FbK4ybSp2DNG.jpg,https://s4.anilist.co/file/anilistcdn/media/anime/banner/10495-rIrvOpIurPXE.jpg,3.7,,,,,,,,,,,,,,,Comedy;Slice of Life,Doga Kobo,,,,,,,,,,,,
Jormungand,ヨルムンガンド,TVA,2012,12,COMPLETED,WHITE FOX,"A ruthless arms dealer on a quixotic quest for world peace. A child soldier born into chaotic conflict. Their lives will intertwine as they journey together through the seedy underbelly of the world's arms market. 


(Source: FUNimation)",https://s4.anilist.co/file/anilistcdn/media/anime/cover/large/bx12413-LAnEEGbT5JQP.jpg,https://s4.anilist.co/file/anilistcdn/media/anime/banner/12413-zOxRG3P6jgvs.jpg,3.8,,,,,,,,,,,,,,,Action;Adventure,WHITE FOX,,,,,,,,,,,,
Snow White with the Red Hair Season 2,赤髪の白雪姫 2ndシーズン,TVA,2016,12,COMPLETED,bones,Second season of Akagami no Shirayuki-hime.,https://s4.anilist.co/file/anilistcdn/media/anime/cover/large/bx21258-6UnmYMTMH0f7.jpg,https://s4.anilist.co/file/anilistcdn/media/anime/banner/21258-2VJrSzSDTdyf.jpg,4.0,,,,,,,,,,,,,,,Drama;Fantasy;Romance,bones,,,,,,,,,,,,
Aoashi,アオアシ,TVA,2022,24,COMPLETED,Production I.G,"Ashito Aoi is a young, aspiring soccer player from a backwater town in Japan. His hopes of getting into a high school with a good soccer club are dashed when he causes an incident during a critical match for his team, which results in their loss and elimination from the tournament. Nevertheless, he catches the eye of someone important who happened to be visiting from Tokyo. How will things turn out for Ashito?

(Source: Shogakukan Asia)",https://s4.anilist.co/file/anilistcdn/media/anime/cover/large/bx134732-OXKSrOhF9pCM.jpg,https://s4.anilist.co/file/anilistcdn/media/anime/banner/134732-yNshcZ5co1Lp.jpg,4.0,,,,,,,,,,,,,,,Sports,Production I.G,,,,,,,,,,,,
D-Frag!,ディーふらぐ!,TVA,2014,12,COMPLETED,Brain's Base,"Kazama Kenji likes to believe he is something of a delinquent. Moreover, others seem to like to agree that he is. Of course, Kenji's gang finds their way to a group of four not-so-normal girls—Chitose, Sakura, Minami and Roka—and all at once, whatever reputation he may have is nothing compared to the outrageous behavior of the girls. Shanghaied into joining their club, what will happen to his everyday life from that point on?",https://s4.anilist.co/file/anilistcdn/media/anime/cover/large/bx20031-WOR6bly9HOr1.jpg,https://s4.anilist.co/file/anilistcdn/media/anime/banner/20031-fpW87JXEFUGZ.jpg,3.6,,,,,,,,,,,,,,,Comedy,Brain's Base,,,,,,,,,,,,
NANBAKA,ナンバカ,TVA,2016,13,COMPLETED,Satelight,"Four men are assigned to the prison: Juugo, a man who attempted to break out of prison and ended up extending his jail time; Uno, a man who likes to gamble with women; Rokku, a man who likes to get into fights; and Nico, a man who likes anime.



(Source: Anime News Network)",https://s4.anilist.co/file/anilistcdn/media/anime/cover/large/bx21051-V4IlRBFhlaOs.jpg,https://s4.anilist.co/file/anilistcdn/media/anime/banner/21051-YontUG3ul3wZ.jpg,3.5,,,,,,,,,,,,,,,Action;Comedy;Drama,Satelight,,,,,,,,,,,,
TRIGUN STAMPEDE,TRIGUN STAMPEDE,TVA,2023,12,COMPLETED,Orange,"Vash the Stampede’s a joyful gunslinging pacifist, so why does he have a $6 million bounty on his head? That’s what’s puzzling rookie reporter Meryl Stryfe and her jaded veteran partner when looking into the vigilante only to find someone who hates blood. But their investigation turns out to uncover something heinous—his evil twin brother, Millions Knives.



(Source: Crunchyroll)",https://s4.anilist.co/file/anilistcdn/media/anime/cover/large/bx151040-9QXRpaprfNmL.png,https://s4.anilist.co/file/anilistcdn/media/anime/banner/151040-1auPdaGqDGYd.jpg,3.9,,,,,,,,,,,,,,,Action;Drama;Sci-Fi,Orange,,,,,,,,,,,,
Welcome to the Ballroom,ボールルームへようこそ,TVA,2017,24,COMPLETED,Production I.G,"Fujita has drifted through middle school aimlessly, unable to find friends or anything that can hold his attention. Then, one day, he's attacked by a gang and saved by a mysterious man. But this isn't a karate master; it's a ballroom dance instructor! Reluctantly, Fujita takes a few beginner's classes, only to find his inspiration... an entrancing, teenage dance prodigy named Shizuku.


It's Fujita's first step into the high-octane world of competitive dance!



(Source: Kodansha USA)",https://s4.anilist.co/file/anilistcdn/media/anime/cover/large/bx98005-kwoBQIEeXa8J.png,https://s4.anilist.co/file/anilistcdn/media/anime/banner/98005-LYk3El5uGnnx.jpg,4.0,,,,,,,,,,,,,,,Drama;Romance;Sports,Production I.G,,,,,,,,,,,,
Life Lessons with Uramichi Oniisan,うらみちお兄さん,TVA,2021,13,COMPLETED,Studio Blanc,"Being an adult is hard. For 31-year-old Uramichi Omota, that depressing truth weighs on him. While on TV, he’s an upbeat exercise instructor for a children’s show, but sometimes he can’t keep his sardonic comments to himself. Even his coworkers, a pair of mascots and a singing duo, keep revealing the plight of adulthood on air. Regardless, they’re working through it one a day at a time.

(Source: Funimation)",https://s4.anilist.co/file/anilistcdn/media/anime/cover/large/bx112802-FUNqgb2R1LS8.jpg,https://s4.anilist.co/file/anilistcdn/media/anime/banner/112802-kAgVXuTQCElh.jpg,3.8,,,,,,,,,,,,,,,Comedy;Slice of Life,Studio Blanc,,,,,,,,,,,,
The Girl I Like Forgot Her Glasses,好きな子がめがねを忘れた,TVA,2023,13,COMPLETED,GoHands,"With the new school year comes a new homeroom, new classmates, and a new desk for the timid Komura. But any trepidation he might've felt quickly dissipates when he catches sight of Mie, his new seat neighbor. Apt to quietly blurt out the most random things, the quirky Mie wears thick glasses that accentuate her lovely eyes, making Komura’s heart skip a beat!



Unfortunately, Mie is pathologically forgetful and can never seem to remember to bring her glasses to class. It's not all bad, though! Her resulting squinty, mean-girl face sends Komura’s heart into overdrive too! While Komura is keen to help out and share his textbooks with Mie, will his heart give out from the almost daily strain of being up close and personal with his crush?!



(Source: Square Enix)",https://s4.anilist.co/file/anilistcdn/media/anime/cover/large/bx160188-4RvYLaru3vKj.jpg,https://s4.anilist.co/file/anilistcdn/media/anime/banner/160188-przLdIsscRsD.jpg,3.5,,,,,,,,,,,,,,,Comedy;Romance,GoHands,,,,,,,,,,,,
Hokkaido Gals Are Super Adorable!,道産子ギャルはなまらめんこい,TVA,2024,12,COMPLETED,BLADE,"Snowflakes aren’t the only things dropping in Hokkaido—so are jaws, thanks to the super adorable gals who are turning the icy north into a hotbed of fashion and fun. Brace yourself for a winter storm of laughs, love, and killer outfits as these gals prove that being cute is an all-season affair. Here, frostbite meets fashionista!



(Source: Crunchyroll)",https://s4.anilist.co/file/anilistcdn/media/anime/cover/large/bx155963-kOnLUDAEamUe.jpg,https://s4.anilist.co/file/anilistcdn/media/anime/banner/155963-0YBhWU1chFHt.jpg,3.5,,,,,,,,,,,,,,,Comedy;Romance;Slice of Life,BLADE,,,,,,,,,,,,
Uzumaki,うずまき,TVA,2024,4,COMPLETED,Akatsuki,"Four episode anime adaptation of the Junji Ito manga. 



Kurozu-cho, a small fogbound town on the coast of Japan, is cursed. According to Shuichi Saito, the withdrawn boyfriend of teenager Kirie Goshima, their town is haunted not by a person or being but by a pattern: uzumaki, the spiral, the hypnotic secret shape of the world. It manifests itself in small ways: seashells, ferns, whirlpools in water, whirlwinds in air. And in large ways: the spiral marks on people's bodies, the insane obsessions of Shuichi's father, the voice from the cochlea in your inner ear. As the madness spreads, the inhabitants of Kurouzu-cho are pulled ever deeper, as if into a whirlpool from which there is no return...



(Source: VIZ Media)",https://s4.anilist.co/file/anilistcdn/media/anime/cover/large/bx111314-ui2D6cvpNumy.jpg,https://s4.anilist.co/file/anilistcdn/media/anime/banner/111314-OWfOEbP2ZsSJ.jpg,2.7,,,,,,,,,,,,,,,Drama;Horror;Mystery;Psychological;Supernatural,Akatsuki,,,,,,,,,,,,
The Elusive Samurai,逃げ上手の若君,TVA,2024,12,COMPLETED,CloverWorks,"In the year 1333, the Kamakura shogunate government comes crumbling down. A trusted vassal, Ashikaga Takauji, betrays the shogunate and organizes a rebellion. Houjou Tokiyuki, the rightful heir, escapes the massacre with a Shinto priest named Suwa Yorishige to Kamakura. On the run and fighting to stay alive, Tokiyuki sets in motion his plan to reclaim his birthright.



(Source: Crunchyroll)",https://s4.anilist.co/file/anilistcdn/media/anime/cover/large/bx162896-hSMTVceb50GY.jpg,https://s4.anilist.co/file/anilistcdn/media/anime/banner/162896-kcJr1VCSTrQ0.jpg,3.9,,,,,,,,,,,,,,,Action;Adventure;Supernatural,CloverWorks,,,,,,,,,,,,
Yu-Gi-Oh!,遊☆戯☆王,TVA,1998,27,COMPLETED,Toei Animation,"Yuugi is a somewhat frail young boy who happens to be a big fan of gaming of any kind. But when he solves an ancient egyptian puzzle he is granted all the powers of darkness. Now when confronted with danger and injustice, he transforms into a much darker and dangerous form, and proceeds to dish out the justice and punishment for those who so richly deserve it.


(Source: AnimeNfo)",https://s4.anilist.co/file/anilistcdn/media/anime/cover/large/bx550-aXb7NoghEGab.png,https://s4.anilist.co/file/anilistcdn/media/anime/banner/550-JX3A2cJDr5At.jpg,3.5,,,,,,,,,,,,,,,Action;Comedy;Fantasy,Toei Animation,,,,,,,,,,,,
The Yakuza's Guide to Babysitting,組長娘と世話係,TVA,2022,12,COMPLETED,feel.,"Kirishima Tooru was accustomed to solving all problems through violence and was called “the Demon of Sakuragi.” One day, the boss of the Sakuragi family suddenly summons Kirishima and appoints him caretaker of his only daughter, Yaeka! A heartwarming comedy about a yakuza crime family’s right-hand man and the boss’ only daughter. The two of them are about to begin their new daily lives together! 



(Source: Crunchyroll, edited)",https://s4.anilist.co/file/anilistcdn/media/anime/cover/large/bx138882-Ich6OQJxB9P8.jpg,https://s4.anilist.co/file/anilistcdn/media/anime/banner/138882-DLq6pAk0dlY5.jpg,3.9,,,,,,,,,,,,,,,Comedy;Slice of Life,feel.,,,,,,,,,,,,
Sweetness & Lightning,甘々と稲妻,TVA,2016,12,COMPLETED,TMS Entertainment,"Having lost his wife, math teacher Kouhei Inuzuka is doing his best to raise his young daughter Tsumugi as a single father. He's pretty bad at cooking and doesn't have a huge appetite to begin with, but chance brings his little family and one of his students, Kotori Iida, together for homemade adventures. With those three cooks in the kitchen, it's no wonder this dinner table drama is so delicious.



(Source: Kodansha USA)",https://s4.anilist.co/file/anilistcdn/media/anime/cover/large/bx21659-r1nnqXPIcl9D.png,https://s4.anilist.co/file/anilistcdn/media/anime/banner/21659-mtAdYXBPnj8B.jpg,3.7,,,,,,,,,,,,,,,Comedy;Slice of Life,TMS Entertainment,,,,,,,,,,,,
The Great Jahy Will Not Be Defeated!,ジャヒー様はくじけない！,TVA,2021,20,COMPLETED,SILVER LINK.,"The Great Jahy, the Dark Realm’s second-in-command, cuts a frightening figure, feared and revered by all. But when a run-in with a magical girl results in the destruction of the precious mana crystal, the Dark Realm falls, transporting the newly puny and powerless Jahy to the human world! Unfortunately, plotting the revival of the Dark Realm from a cramped, crumbling one-room apartment is no easy feat when you have rent to pay and a job to keep!



(Source: Square Enix)",https://s4.anilist.co/file/anilistcdn/media/anime/cover/large/bx132456-wxTCgdXnZMMQ.jpg,https://s4.anilist.co/file/anilistcdn/media/anime/banner/132456-Ke6y2XdjVajr.jpg,3.4,,,,,,,,,,,,,,,Comedy;Fantasy;Slice of Life;Supernatural,SILVER LINK.,,,,,,,,,,,,
Love After World Domination,恋は世界征服のあとで,TVA,2022,12,COMPLETED,project No.9,"It’s love at first sight for Fudo and Desumi, except it was during a battle of life and death. Fudo, leader of the hero squad Gelato 5, and Desumi, the Death Queen of the evil society Gekko, have found themselves caught in a forbidden love—and it’s their first relationship! Moving in secrecy, they live holding hands with one weapon in the other, finding out what’s truly fair in love and war.



(Source: Crunchyroll)",https://s4.anilist.co/file/anilistcdn/media/anime/cover/large/bx132010-s0o3Rg0XvDXl.jpg,https://s4.anilist.co/file/anilistcdn/media/anime/banner/132010-6KV20Q2umOrA.jpg,3.6,,,,,,,,,,,,,,,Action;Comedy;Romance;Supernatural,project No.9,,,,,,,,,,,,
Gintama Season 2 Part 2,銀魂’延長戦,TVA,2012,13,COMPLETED,Sunrise,"While Gintoki Sakata was away, the Yorozuya found themselves a new leader: Kintoki, Gintoki's golden-haired doppelganger. In order to regain his former position, Gintoki will need the help of those around him, a troubling feat when no one can remember him! Between Kintoki and Gintoki, who will claim the throne as the main character?



In addition, Yorozuya make a trip back down to red-light district of Yoshiwara to aid an elderly courtesan in her search for her long-lost lover. Although the district is no longer in chains beneath the earth's surface, the trio soon learn of the tragic backstories of Yoshiwara's inhabitants that still haunt them. With flashback after flashback, this quest has Yorozuya witnessing everlasting love and protecting it as best they can with their hearts and souls.



Gintama': Enchousen includes moments of action-packed intensity along with their usual lighthearted, slapstick humor for Gintoki and his friends.



(Source: MAL Rewrite)",https://s4.anilist.co/file/anilistcdn/media/anime/cover/large/bx15417-Uc2uNdWEixwi.jpg,https://s4.anilist.co/file/anilistcdn/media/anime/banner/15417-0T9JCwFZM99Q.jpg,4.5,,,,,,,,,,,,,,,Action;Comedy;Drama;Sci-Fi,Sunrise,,,,,,,,,,,,
Yuuna and the Haunted Hot Springs,ゆらぎ荘の幽奈さん,TVA,2018,12,COMPLETED,Xebec,"Kogarashi Fuyuzora is a ""hands on"" psychic. Ever since the day he got possessed by an evil ghost, he has been burdened with debt. Needing a cheap room to rent, he winds up at a haunted hot springs inn, Yuragi Inn, where only incredibly beautiful girls reside. Amongst the residents is a ghost, Yuuna, who cannot move on to the spirit world. Despite the resistance from the current tenants that are all girls, Kogarashi manages to start his new life at Yuragi Inn.



(Source: Crunchyroll)",https://s4.anilist.co/file/anilistcdn/media/anime/cover/large/nx100483-fzseZYJnQTLI.jpg,https://s4.anilist.co/file/anilistcdn/media/anime/banner/n100483-IRlokHgtKido.jpg,3.4,,,,,,,,,,,,,,,Comedy;Ecchi;Romance;Supernatural,Xebec,,,,,,,,,,,,
The Duke of Death and His Maid,死神坊ちゃんと黒メイド,TVA,2021,12,COMPLETED,J.C.STAFF,"How can you fall in love when you can’t even hold hands? Due to a childhood curse, anything that the Duke touches will die—which makes his flirty maid’s behavior all the more shocking! Is there a way for the Duke and his companions to somehow break the curse, or is he doomed to a life where love is forever out of his reach?



(Source: Funimation)",https://s4.anilist.co/file/anilistcdn/media/anime/cover/large/bx129277-ou64knqN2eQT.jpg,https://s4.anilist.co/file/anilistcdn/media/anime/banner/129277-qlbNHKGvfr8f.jpg,3.7,,,,,,,,,,,,,,,Comedy;Drama;Romance;Supernatural,J.C.STAFF,,,,,,,,,,,,
Moriarty the Patriot Part 2,憂国のモリアーティ2クール,TVA,2021,13,COMPLETED,Production I.G,"The second cour of Yuukoku no Moriarty.


In the late 19th century, the British Empire nobility reigns while its working class suffers at their hands. Sympathetic to their plight, William James Moriarty wants to topple it all. Frustrated by the systemic inequity, Moriarty strategizes to fix the entire nation. Not even consulting detective Sherlock Holmes can stand in his way. It’s time for crime to revolutionize the world!


(Source: Funimation)


Note: The anime received a special premiere on Funimation on March 28, 2021.",https://s4.anilist.co/file/anilistcdn/media/anime/cover/large/bx124858-96RtyVSgUYnm.jpg,https://s4.anilist.co/file/anilistcdn/media/anime/banner/124858-3Kb09cB8JxnF.jpg,4.1,,,,,,,,,,,,,,,Drama;Mystery;Psychological;Thriller,Production I.G,,,,,,,,,,,,
KamiKatsu: Working for God in a Godless World,神無き世界のカミサマ活動,TVA,2023,12,COMPLETED,Studio Palette,"As heir to a cult leader, Yukito centers his life around the mysterious goddess Mitama. But everything changes after he’s killed during a ritual gone wrong. To his surprise, Yukito is reborn into a world with no concept of god! And in this world, life and death are decided by the Imperial State. As Yukito fights to protect his new village, someone from his past life lends a helping hand.



(Source: Crunchyroll)",https://s4.anilist.co/file/anilistcdn/media/anime/cover/large/bx148048-IaEk51Wtu07L.jpg,https://s4.anilist.co/file/anilistcdn/media/anime/banner/148048-jQwe5pymB5Z1.jpg,3.2,,,,,,,,,,,,,,,Action;Comedy;Drama;Ecchi;Fantasy,Studio Palette,,,,,,,,,,,,
Witch Craft Works,ウィッチクラフトワークス,TVA,2014,12,COMPLETED,J.C.STAFF,"Takamiya Honoka is a regular student whose only problem seems to be that he sits next to Kagari Ayaka, the school's #1 beauty. They have never spoken to each other before and any small interaction between them immediately results in her fanclub beating him. Yet when a falling part of the school's building is about to send him to the afterlife, it's Kagari that comes to his rescue. Only... she's dressed as a witch, carrying him in her arms and floating on a broom?! Kagari tells him it is her mission to protect him and that now she can finally protect him openly rather than undercover.",https://s4.anilist.co/file/anilistcdn/media/anime/cover/large/bx20503-liSpvCiFljGr.jpg,https://s4.anilist.co/file/anilistcdn/media/anime/banner/20503-L0FsqbMdYkbm.jpg,3.4,,,,,,,,,,,,,,,Action;Fantasy;Supernatural,J.C.STAFF,,,,,,,,,,,,
Masamune-kun's Revenge R,政宗くんのリベンジR,TVA,2023,12,COMPLETED,SILVER LINK.,"The second season of Masamune-kun no Revenge. 


Masamune and Adagaki return for more romantic antics, this time on a school trip to France!



(Source: Crunchyroll)",https://s4.anilist.co/file/anilistcdn/media/anime/cover/large/bx146953-80YtZNkpbhIA.jpg,https://s4.anilist.co/file/anilistcdn/media/anime/banner/146953-0nvhTps3NY4F.jpg,3.6,,,,,,,,,,,,,,,Comedy;Romance;Slice of Life,SILVER LINK.,,,,,,,,,,,,
We Never Learn!: BOKUBEN Season 2,ぼくたちは勉強ができない！,TVA,2019,13,COMPLETED,Studio Silver,"To get a scholarship, Nariyuki becomes a reluctant tutor to three unteachable girls. He must quickly make an art-lover adore mathematics, turn a literary genius into a bonafide scientist, and transform a top-tier athlete into a passing student.

(Source: HIDIVE)",https://s4.anilist.co/file/anilistcdn/media/anime/cover/large/bx110229-uBjHp2cbXYVL.jpg,https://s4.anilist.co/file/anilistcdn/media/anime/banner/110229-8HairUoHsVUN.jpg,3.6,,,,,,,,,,,,,,,Comedy;Ecchi;Romance;Slice of Life,Studio Silver,,,,,,,,,,,,
Devils' Line,デビルズライン,TVA,2018,12,COMPLETED,Platinum Vision,"Everything you thought you knew about vampires is wrong. They can walk in the daylight and holy water doesn't burn them. In fact, vampires can pass as normal humans so perfectly that even other vampires have trouble spotting them. Until they drink human blood, that is; then they transform into monstrous beasts who mindlessly rape and murder. But not all vampires are evil. The secret task force that patrols Tokyo's vampire population has several fanged operatives, including half-human Yuuki Anzai, who believes that his human heritage lets him resist his species' basest cravings. But after Yuuki rescues college student Tsukasa Taira from a vampire stalker, he realizes that he's succumbing to urges he's never felt before.



(Source: Sentai Filmworks)",https://s4.anilist.co/file/anilistcdn/media/anime/cover/large/bx99531-UUrozP70Wlmg.png,https://s4.anilist.co/file/anilistcdn/media/anime/banner/99531-2a6S5b39anMV.jpg,3.3,,,,,,,,,,,,,,,Action;Drama;Horror;Romance;Supernatural,Platinum Vision,,,,,,,,,,,,
Fire Force Season 3 Part 2,炎炎ノ消防隊 参ノ章 第2クール,TVA,2026,13,COMPLETED,david production,"The second cour of Enen no Shouboutai: San no Shou.

 

As chaos spreads, Shinra and Company 8 fight to stop a final, world-ending blaze.

 

(Source: Crunchyroll News)",https://s4.anilist.co/file/anilistcdn/media/anime/cover/large/bx179062-pbzYE1miZq61.png,https://s4.anilist.co/file/anilistcdn/media/anime/banner/179062-ZnxW4uWEsV3H.jpg,4.1,,,,,,,,,,,,,,,Action;Drama;Sci-Fi;Supernatural,david production,,,,,,,,,,,,
Tokyo Revengers Season 2 Part 2,東京リベンジャーズ 天竺編,TVA,2023,13,COMPLETED,LIDENFILMS,"Adaptation of the Tenjiku Arc.



With a future where Toman has been destroyed by Mikey's twisted ideas and Takemichi returning to the past, he decides to become stronger in order to stop Kisaki's plans. On one side, a mysterious gang from Yokohama known as Tenjiku begins to overthrow all the Toman divisions, deciding to destroy all the gangs in Japan, becoming the most powerful and unique.



Kisaki has been planning something for his purposes against Toman, now that he is banned.",https://s4.anilist.co/file/anilistcdn/media/anime/cover/large/bx163329-lGJRnYV9dcjc.jpg,https://s4.anilist.co/file/anilistcdn/media/anime/banner/163329-SLDIMqtukB7B.jpg,3.9,,,,,,,,,,,,,,,Action;Drama;Romance;Supernatural,LIDENFILMS,,,,,,,,,,,,
Gintama Season 4,銀魂。,TVA,2017,12,COMPLETED,Bandai Namco Pictures,"After joining the resistance against the bakufu, Gintoki and the gang are in hiding, along with Katsura and his Joui rebels. The Yorozuya is soon approached by Nobume Imai and two members of the Kiheitai, who explain that the Harusame pirates have turned against 7th Division Captain Kamui and their former ally Takasugi. The Kiheitai present Gintoki with a job: find Takasugi, who has been missing since his ship was ambushed in a Harusame raid. Nobume also makes a stunning revelation regarding the Tendoushuu, a secret organization pulling the strings of numerous factions, and their leader Utsuro, the shadowy figure with an uncanny resemblance to Gintoki's former teacher.



Hitching a ride on Sakamoto's space ship, the Yorozuya and Katsura set out for Rakuyou, Kagura's home planet, where the various factions have gathered and tensions are brewing. Long-held grudges, political infighting, and the Tendoushuu's sinister overarching plan finally culminate into a massive, decisive battle on Rakuyou.



(Source: MAL Rewrite)",https://s4.anilist.co/file/anilistcdn/media/anime/cover/large/bx97889-ytqHdmus9wQi.jpg,https://s4.anilist.co/file/anilistcdn/media/anime/banner/97889-z0Gm66dFW93U.jpg,4.4,,,,,,,,,,,,,,,Action;Comedy;Drama;Sci-Fi,Bandai Namco Pictures,,,,,,,,,,,,
Showa Genroku Rakugo Shinju,昭和元禄落語心中,TVA,2016,13,COMPLETED,Studio DEEN,"The story revolves around a mature prisoner who was released on good behavior during Japan's Shouwa Genroku era (1960s to early 1970s). He is called Yotarou by others, a term that means an ""anti-hero"" or a ""dim-witted man."" When he returns to society, he starts a new life in rakugo (comic storytelling). Touched by Yakumo's role as the ""grim reaper,"" he asks the master to take him in as an apprentice. Most of the season delves into Yakumo's own past during World War II and the years afterward.



(Source: Anime News Network)



Note: The first episode aired with a runtime of 48 minutes as opposed to the standard 24 minute long episode.",https://s4.anilist.co/file/anilistcdn/media/anime/cover/large/bx20972-95dyLz6lkCZ8.jpg,https://s4.anilist.co/file/anilistcdn/media/anime/banner/20972-xSI4gHlmzPpK.jpg,4.2,,,,,,,,,,,,,,,Drama,Studio DEEN,,,,,,,,,,,,
"Sayonara, Zetsubou-Sensei",さよなら絶望先生,TVA,2007,12,COMPLETED,Shaft,"Itoshiki Nozomu is always in despair! Even simple things like paying for the toll on the subway can send him to a despair so deep only attempted suicide is the answer. How Strange is it then, that he should be the teacher of a High School Class filled with students with even more emotional problems than his. This great Comedy will leave you in anything but 'Despair' as you meet each of his students and watch their wacky adventures.",https://s4.anilist.co/file/anilistcdn/media/anime/cover/large/bx2605-euXOWMmXtZMe.png,https://s4.anilist.co/file/anilistcdn/media/anime/banner/2605.jpg,3.8,,,,,,,,,,,,,,,Comedy,Shaft,,,,,,,,,,,,
Mysterious Girlfriend X,謎の彼女X,TVA,2012,13,COMPLETED,Hoods Entertainment,"When the oddly peculiar Mikoto Urabe transfers into Akira Tsubaki's class, he finds that life has thrown him the weirdest curve ball ever. Because while Urabe may be an anti-social loner who sleeps on her desk, carries a pair of scissors in her underwear and breaks out in sudden fits of insane laughter, there's something about her that Tsubaki just can't quite put his finger on. Until he accidentally puts his finger in it, and suddenly the phrase ""sharing spit with a girl"" takes on an entirely new meaning! Before he can wipe her drool off his face, Tsubaki is mysteriously addicted to Urabe, which isn't half as strange as the fact that she not only finds this normal, but already seems to have plans for her new drooling boyfriend. 


(Source: Sentai Filmworks)",https://s4.anilist.co/file/anilistcdn/media/anime/cover/large/bx12467-FtvouFLt2Vkr.jpg,https://s4.anilist.co/file/anilistcdn/media/anime/banner/12467-dAyKxWP88iYh.jpg,3.5,,,,,,,,,,,,,,,Ecchi;Mystery;Romance,Hoods Entertainment,,,,,,,,,,,,
Beck: Mongolian Chop Squad,BECK,TVA,2004,26,COMPLETED,MADHOUSE,"Tanaka Yukio, better known by his nickname Koyuki is a 14 year old who feels disconnected from life in general. Through the act of saving a mismatched dog, he meets guitarist Minami Ryuusuke, and becomes involved in Ryuusuke's new band BECK. Koyuki's life starts to change as the band struggles towards fame.",https://s4.anilist.co/file/anilistcdn/media/anime/cover/large/bx57-4wTOlaVSgKoy.png,https://s4.anilist.co/file/anilistcdn/media/anime/banner/57-fLzMIA5ZXvwp.jpg,4.0,,,,,,,,,,,,,,,Comedy;Drama;Music;Slice of Life,MADHOUSE,,,,,,,,,,,,
Black Butler: Book of Circus,黒執事 Book of Circus,TVA,2014,10,COMPLETED,A-1 Pictures,"In late-nineteenth-century England, the Noah's Ark Circus enlivens the city of London with their grandeur and spectacular stunts. However, children are mysteriously disappearing from the town in a manner correlating to the troupe's movement. The Queen, then, sends her notorious Watchdog, Ciel Phantomhive, on an investigative mission to retrieve the missing children. Ciel and his demon butler, Sebastian Michaelis, infiltrate the circus, disguised as team members, to study and possibly unearth its ulterior motive.



This arc immediately follows the Curry Contest Arc in the manga, which ended at episode 15 in the first season of the anime.",https://s4.anilist.co/file/anilistcdn/media/anime/cover/large/nx20606-58LzabjtVrwt.jpg,https://s4.anilist.co/file/anilistcdn/media/anime/banner/n20606-W6v0Gn5E5X0Z.jpg,4.0,,,,,,,,,,,,,,,Comedy;Fantasy;Mystery;Supernatural,A-1 Pictures,,,,,,,,,,,,
Ghost in the Shell: Stand Alone Complex,攻殻機動隊 STAND ALONE COMPLEX,TVA,2002,26,COMPLETED,Production I.G,"In the not so distant future, mankind has advanced to a state where complete body transplants from flesh to machine is possible. This allows for great increases in both physical and cybernetic prowess and blurring the lines between the two worlds. However, criminals can also make full use of such technology, leading to new and sometimes, very dangerous crimes. In response to such innovative new methods, the Japanese Government has established Section 9, an independently operating police unit which deals with such highly sensitive crimes.


Led by Daisuke Aramaki and Motoko Kusanagi, Section 9 deals with such crimes over the entire social spectrum, usually with success. However, when faced with a new A level hacker nicknamed “The Laughing Man”, the team is thrown into a dangerous cat and mouse game, following the hacker’s trail as it leaves its mark on Japan.


(Source: MyAnimeList)",https://s4.anilist.co/file/anilistcdn/media/anime/cover/large/bx467-mBTtIoR13qs2.jpg,https://s4.anilist.co/file/anilistcdn/media/anime/banner/467-n0kTT3ecHMrG.jpg,4.1,,,,,,,,,,,,,,,Action;Mystery;Psychological;Sci-Fi,Production I.G,,,,,,,,,,,,
The Kingdoms of Ruin,はめつのおうこく,TVA,2023,12,COMPLETED,Yokohama Animation Lab,"Witches once blessed the human race with wisdom and peace. But the Redia Empire's ""Gear Expansion"" brought about a culture of science that far surpassed magic, and witches were viewed as enemies impeding the progress of civilization. Thus began the witch hunts. One human named Adonis, who was raised by a witch named Chloe, swears revenge against the human race that took his beloved mentor from him. What salvation can be found at the end of a bloodbath fueled by utter despair?



(Source: Crunchyroll)",https://s4.anilist.co/file/anilistcdn/media/anime/cover/large/bx160900-GxVB6H5ewrqv.jpg,https://s4.anilist.co/file/anilistcdn/media/anime/banner/160900-gjRB2UAxhcuv.jpg,3.0,,,,,,,,,,,,,,,Action;Drama;Fantasy,Yokohama Animation Lab,,,,,,,,,,,,
Handa-kun,はんだくん,TVA,2016,12,COMPLETED,diomedéa,"Hated by everyone around him, Sei Handa goes about his high school life regarded as an outcast—or at least that's what he believes. In reality, Sei is the most popular student on campus, revered by all for his incomparable calligraphy skills, good looks, and cool personality. However, due an endless series of misunderstandings, Handa perceives the worship he receives from his legions of fans as bullying, leading the school's idol to shut himself off from the rest of his classmates.



But distancing himself from his peers doesn't deter them from adoring him; in fact, his attempts at drawing attention away from himself often end up unintentionally converting even the most skeptical of students into believers. Fashion models, shut-in delinquents, obsessive fangirls, and more—none can stand against the brilliance that is Sei Handa.



[Written by MAL Rewrite]",https://s4.anilist.co/file/anilistcdn/media/anime/cover/large/bx21626-5jbbIK9DsmY8.jpg,https://s4.anilist.co/file/anilistcdn/media/anime/banner/21626-fJyqrUpZVr2Z.jpg,3.5,,,,,,,,,,,,,,,Comedy;Slice of Life,diomedéa,,,,,,,,,,,,
Dr. STONE SCIENCE FUTURE Cour 2,Dr.STONE SCIENCE FUTURE 2クール,TVA,2025,12,COMPLETED,TMS Entertainment,The second cour of the fourth season of Dr.STONE.,https://s4.anilist.co/file/anilistcdn/media/anime/cover/large/bx189117-TLtCXYT7JPoL.jpg,https://s4.anilist.co/file/anilistcdn/media/anime/banner/189117-SEvEg0G0Rcv7.jpg,4.2,,,,,,,,,,,,,,,Action;Adventure;Comedy;Sci-Fi,TMS Entertainment,,,,,,,,,,,,
This Art Club Has a Problem!,この美術部には問題がある!,TVA,2016,12,COMPLETED,feel.,"The anime focuses on an art club in a certain middle school, and its members: Subaru Uchimaki, who is a genius at drawing faces, but only wants to draw the perfect 2D wife; Colette, a rich troublemaker who never stops making mischief; and the club president, who sleeps through sessions and collects sleeping aids. Mizuki Usami is the only person in the club who wants to do art club-like activities, and constantly struggles to do so.



(Source: Anime News Network)",https://s4.anilist.co/file/anilistcdn/media/anime/cover/large/bx21457-MzWktnoD67PO.png,https://s4.anilist.co/file/anilistcdn/media/anime/banner/21457-OGyc1ZZ0hHht.jpg,3.5,,,,,,,,,,,,,,,Comedy;Romance,feel.,,,,,,,,,,,,
The Kawai Complex Guide to Manors and Hostel Behavior,僕らはみんな河合荘,TVA,2014,12,COMPLETED,Brain's Base,"Usa, a high-school student aspiring to begin a bachelor lifestyle, moves into a new apartment only to discover that he not only shares a room with a perverted roommate that has an obsession for underaged girls, but also that another girl, Ritsu, a love-at-first-sight, is living in the same building as well!",https://s4.anilist.co/file/anilistcdn/media/anime/cover/large/bx20529-WyK2k8mF9wIQ.png,https://s4.anilist.co/file/anilistcdn/media/anime/banner/20529-A8Dv0bu2kUMg.jpg,3.7,,,,,,,,,,,,,,,Comedy;Romance;Slice of Life,Brain's Base,,,,,,,,,,,,
Sasaki and Miyano,佐々木と宮野,TVA,2022,12,COMPLETED,Studio DEEN,"Miyano spends his days reading Boys’ Love manga and worrying about the soft features of his face. His world of fiction becomes reality when a chance encounter leads him to high school senior Sasaki in the middle of a fight. Now, Sasaki wants to spend every opportunity he can to get to know Miyano. And what was once admiration quickly turns into affection.



(Source: Funimation)",https://s4.anilist.co/file/anilistcdn/media/anime/cover/large/bx126288-v9RNANkv2JEi.jpg,https://s4.anilist.co/file/anilistcdn/media/anime/banner/126288-RvV1HCMwGjLI.jpg,4.0,,,,,,,,,,,,,,,Comedy;Romance;Slice of Life,Studio DEEN,,,,,,,,,,,,
Detective Conan,名探偵コナン,TVA,1996,,ONGOING,TMS Entertainment,"Kudo Shinichi is a seventeen year-old high school detective whom people call the ""Modern Sherlock Holmes."" However, one night after a date with his childhood sweetheart, Ran, Shinichi witnessed an illegal trade and, caught off his guard, was knocked unconscious and fed a drug that was supposed to kill him... but he woke up and found himself shrunken to a seven year-old. In order to track down the men who did this to him, Shinichi hid his identity and lived with Ran, whose father happened to be a hopeless detective, and with that came a series of murders and mysteries that he must solve. 


(Source: Anime News Network)



Note:

- Includes Keisatsu Gakkou-hen - Wild Police Story in episodes 1029, 1038, 1042, 1061

- Episodes 11, 52, 76, 118, 162, 184, 208, 342, 356, 449, 452, 487, 488, 489, 490, 515, 516, 521, 522, 651, 734, 804, 805, 927, 928, 1187 aired with a runtime of ~50 minutes as opposed to the standard 25 minute long episode.

- Episodes 96, 129, 174, 219, 263, 304, 383, 479 aired with a runtime of ~90 minutes as opposed to the standard 25 minute long episode.

- Episode 345, 425 aired with a runtime of ~115 minutes as opposed to the standard 25 minute long episode.",https://s4.anilist.co/file/anilistcdn/media/anime/cover/large/bx235-MyYT7K3chBdO.jpg,https://s4.anilist.co/file/anilistcdn/media/anime/banner/235-MTmiz0uB0fMd.jpg,4.0,,,,,,,,,,,,,,,Adventure;Comedy;Mystery;Psychological,TMS Entertainment,,,,,,,,,,,,
SHAMAN KING (2021),SHAMAN KING (2021),TVA,2021,52,COMPLETED,Bridge,"On a starry night, middle-schooler Manta meets Yoh Asakura, a young shaman who has the ability to talk to spirits, and also has the ability to let them possess him to use their powers. Yoh has a heavy duty on his shoulders: he must become the Shaman King by winning the Shaman Fight, a tournament between shamans that happens only once every 500 years. Joined by his spirit medium fiancée Anna Kyouyama, his personal samurai spirit Amidamaru, and his other friends, Yoh must also face a larger evil: Hao, a powerful man who aims to create a new world with only shamans by becoming the Shaman King himself.

(Source: Anime News Network)",https://s4.anilist.co/file/anilistcdn/media/anime/cover/large/bx119675-ziQ6Lb80zEx4.png,https://s4.anilist.co/file/anilistcdn/media/anime/banner/119675-7Iiy4tWlKGGd.jpg,3.2,,,,,,,,,,,,,,,Action;Adventure;Comedy;Supernatural,Bridge,,,,,,,,,,,,
LAID-BACK CAMP SEASON2,ゆるキャン△ SEASON２,TVA,2021,13,COMPLETED,C-Station,"Having spent Christmas camping with her new friends, Rin Shima embarks on a solo-camping trip to see the New Year sunrise by the sea. All goes according to plan until unforeseen weather blocks the roads back home, making a return trip impossible. Rin, who is now stranded for a few days, is invited by Nadeshiko Kagamihara to stay at her grandmother's house.



What is supposed to be a two-day trip becomes an extended period of sightseeing and new experiences for Rin, and she encounters some new and old faces along the way.



(Source: MAL Rewrite)",https://s4.anilist.co/file/anilistcdn/media/anime/cover/large/bx104459-pywEKGQON613.jpg,https://s4.anilist.co/file/anilistcdn/media/anime/banner/104459-5SsUaCzOb3HC.jpg,4.2,,,,,,,,,,,,,,,Comedy;Slice of Life,C-Station,,,,,,,,,,,,
Bungo Stray Dogs 5,文豪ストレイドッグス 第5シーズン,TVA,2023,11,COMPLETED,bones,"The fifth season of Bungou Stray Dogs. 


Detective employees are caught one after another, and Kamui, the leader of Tenjin Goshui, is closing in on the Armed Detective Agency. Will the Agency survive?! 


(Source: Crunchyroll)",https://s4.anilist.co/file/anilistcdn/media/anime/cover/large/bx163263-uz881pFAyi7P.jpg,https://s4.anilist.co/file/anilistcdn/media/anime/banner/163263-h3BwSskB0qvB.jpg,4.2,,,,,,,,,,,,,,,Action;Comedy;Mystery;Supernatural,bones,,,,,,,,,,,,
To Love Ru Darkness,To LOVEる -とらぶる- ダークネス,TVA,2012,12,COMPLETED,Xebec,"As close encounters of the twisted kind between the residents of the planet Develuke (represented primarily by the female members of the royal family) and the inhabitants of Earth (represented mainly by one very exhausted Rito Yuki) continue to escalate, the situation spirals even further out of control. When junior princesses Nana and Momo transferred into Earth School where big sister LaLa can (theoretically) keep an eye on them, things SHOULD be smooth sailing. But when Momo decides she'd like to ""supplement"" Rito's relationship with LaLa with a little ""sisterly love,"" you know LaLa's not going to waste any time splitting harems. Unfortunately, it's just about that point that Yami, the Golden Darkness, enters the scene with all the subtleness of a supernova, along with an army of possessed high school students! All of which is certain to make Rito's life suck more than a black hole at the family picnic. Unless, of course, a certain semi-demonic princess can apply a little of her Develukean Whoop Ass to exactly that portion of certain other heavenly bodies! 


(Source: Sentai Filmworks)",https://s4.anilist.co/file/anilistcdn/media/anime/cover/large/bx13663-kpsCFSRAutWM.jpg,https://s4.anilist.co/file/anilistcdn/media/anime/banner/13663.jpg,3.5,,,,,,,,,,,,,,,Comedy;Ecchi;Romance;Sci-Fi,Xebec,,,,,,,,,,,,
The Troubled Life of Miss Kotoura,琴浦さん,TVA,2013,12,COMPLETED,AIC,"A school love comedy. Kotoura Haruka is a 15-year-old girl who can read people's minds. She has been suffering from troubles caused by her mind-reading ability, and her parents got divorced as a result. She moves to a new high school but tries to keep away from her classmates. Manabe Yoshihisa, one of her classmates, accepts and appreciates her ability and she begins to interact with her friends with his help.",https://s4.anilist.co/file/anilistcdn/media/anime/cover/large/bx15379-tSZbUJQzAvRi.png,https://s4.anilist.co/file/anilistcdn/media/anime/banner/15379.jpg,3.4,,,,,,,,,,,,,,,Comedy;Drama;Romance,AIC,,,,,,,,,,,,
Sleepy Princess in the Demon Castle,魔王城でおやすみ,TVA,2020,12,COMPLETED,Doga Kobo,"Sshhh! Princess Syalis is trying to get a good night's sleep. Some shut-eye. Forty winks. Catch some Z's. Long ago in olden times when people and demons lived together in—well, disharmony, really—a demon king kidnaps a human princess and imprisons her in his castle. Bereft, the princess's subjects beat their chests in anguish…until a hero arises to spearhead Project Rescue Our Princess! While waiting for her knight in shining armor, what's an imprisoned princess to do...? Teddy-bear guards with bat wings are all very well, but her dungeon cell is bo-o-o-ring! So, she decides to wile away the long hours by sleeping. Now if only she could get comfortable…and didn't suffer from insomnia...



(Source: VIZ Media)",https://s4.anilist.co/file/anilistcdn/media/anime/cover/large/bx111428-JGrnjBDHLGQb.png,https://s4.anilist.co/file/anilistcdn/media/anime/banner/111428-jGHk7h5pg6ab.jpg,3.9,,,,,,,,,,,,,,,Comedy;Fantasy;Slice of Life,Doga Kobo,,,,,,,,,,,,
The World God Only Knows II,神のみぞ知るセカイⅡ,TVA,2011,12,COMPLETED,Manglobe,"Katsuragi is back, and together with Elsie the hunt for loose souls continues on. This time however, they are joined by Elsie's friend and fellow Demon, Haqua.



(Source: Anime News Network)",https://s4.anilist.co/file/anilistcdn/media/anime/cover/large/bx10080-KdDI4cgYn3pq.jpg,https://s4.anilist.co/file/anilistcdn/media/anime/banner/10080-GFqdyW2wC0Yq.jpg,3.8,,,,,,,,,,,,,,,Comedy;Romance;Supernatural,Manglobe,,,,,,,,,,,,
Clevatess,クレバテス-魔獣の王と赤子と屍の勇者,TVA,2025,12,COMPLETED,Lay-duce,"The story centers on the titular Clevatess, the lord of Dark Beasts, who wields both uncanny intellect and destructive power. Frustrated by the 13 heroes tasked to destroy him, he has decided to be rid of humanity once and for all. However, he has been charged with one nuisance: he revived a hero he personally slayed and adopts an orphaned humanoid baby—the last hope to save a dying world. The world stands upon the brink of Armageddon, with the obligation of raising one child holding it all back. Now bound together, what fate awaits this unlikely trio?



(Source: Anime News Network, Crunchyroll, edited)



Note: The first episode aired with a runtime of ~46 minutes as opposed to the standard 24 minute long episode.",https://s4.anilist.co/file/anilistcdn/media/anime/cover/large/bx178869-qiEz0gQD8H5N.png,https://s4.anilist.co/file/anilistcdn/media/anime/banner/178869-ZFn0hKphaLtk.jpg,3.9,,,,,,,,,,,,,,,Action;Drama;Fantasy,Lay-duce,,,,,,,,,,,,
Go! Go! Loser Ranger!,戦隊大失格,TVA,2024,12,COMPLETED,Yostar Pictures,"When the Monster Army invaded Earth thirteen years ago, the Divine Dragon Rangers rose up to stop them! With the war raging on, these great heroes are mankind’s last hope!



...or are they?



In truth, the invaders were subjugated within a year, forced to continue to crank out a monster a week for the Rangers to crush in front of their adoring fans! But one monster has had enough. Something has to change! He’ll rebel against the might of the Dragon Rangers and destroy them all...from the inside!



(Source: Kodansha USA)",https://s4.anilist.co/file/anilistcdn/media/anime/cover/large/bx158417-Ii0DOFwNim0A.jpg,https://s4.anilist.co/file/anilistcdn/media/anime/banner/158417-9oit16KQM4l7.jpg,3.6,,,,,,,,,,,,,,,Action;Comedy;Drama;Sci-Fi,Yostar Pictures,,,,,,,,,,,,
Sekirei,セキレイ,TVA,2008,12,COMPLETED,Seven Arcs,"Minato Sahashi is extremely intelligent, yet due to his inability to cope under pressure has failed the college entrance exam twice. As a result he has been branded an idiot and loser by many. One day after talking to his yet again disappointed mother he comes into contact with a girl named Musubi who was under attack. The girl runs but takes him with her and soon finds that Minato, while unknown to him, is an Ashikabi, one of the mysterious set of masters that have the genetic trait that can become partners with some of the 108 cute girls, buxom women, and bishounen called ""Sekirei"". The reason for the partnership allows the Sekirei to use all their power to win in the competition held by the mysterious MBI corporation.



(Source: Anime News Network)",https://s4.anilist.co/file/anilistcdn/media/anime/cover/large/bx4063-ZP7agutiaOCf.png,https://s4.anilist.co/file/anilistcdn/media/anime/banner/4063-nuc7512yA0nx.jpg,3.2,,,,,,,,,,,,,,,Action;Comedy;Ecchi,Seven Arcs,,,,,,,,,,,,
Arakawa Under the Bridge,荒川アンダー ザ ブリッジ,TVA,2010,13,COMPLETED,Shaft,"Ko Ichinomiya's family motto is ""Never be indebted to anyone,"" but after losing his pants and falling into the Arakawa River, he quickly finds himself in debt to his savior, the cutely insane Nino (who happens to live under the bridge). To repay her, he vows to help her with her desire to ""experience love."" Along the way he'll meet the river's other residents, including a hot-blooded kappa, a Sister in drag, and a literal rock star. Sorry, Ko—when you fell into that river, I guess you really got in over your head! 


(Source: NIS America)",https://s4.anilist.co/file/anilistcdn/media/anime/cover/large/bx7647-NQEKHruZT5ch.jpg,https://s4.anilist.co/file/anilistcdn/media/anime/banner/7647-sq4QqwtIjEF1.jpg,3.7,,,,,,,,,,,,,,,Comedy;Romance,Shaft,,,,,,,,,,,,
Gushing Over Magical Girls,魔法少女にあこがれて,TVA,2024,13,COMPLETED,Asahi Production,"Hiiragi Utena is a major fangirl of the magical girls protecting her city, so when she has the chance to become one herself, she leaps at the chance to join their technicolor ranks… but when she transforms, she learns she isn’t fated to be a daring do-gooder, but rather a villain on the side of evil! At first she tries to quit her new gig as the leader of the local baddies, but she quickly realizes she enjoys it and is a total natural at tormenting the magical girls she loves so much. With both a bang and a whimper, Hiragi’s journey as a magical-girl-tormenting sadist has begun!



(Source: HIDIVE)",https://s4.anilist.co/file/anilistcdn/media/anime/cover/large/bx162780-brAdNEROhZdG.jpg,https://s4.anilist.co/file/anilistcdn/media/anime/banner/162780-rZ0KpsfCg2IA.jpg,3.7,,,,,,,,,,,,,,,Comedy;Ecchi;Mahou Shoujo;Slice of Life,Asahi Production,,,,,,,,,,,,
Berserk (2016),ベルセルク,TVA,2016,12,COMPLETED,Millepensee,"Spurred by the flame raging in his heart, the Black Swordsman Guts continues his seemingly endless quest for revenge. Standing in his path are heinous outlaws, delusional evil spirits, and a devout child of god. Even as it chips away at his life, Guts continues to fight his enemies, who wield repulsive and inhumane power, with nary but his body and sword—his strength as a human. What lies at the end of his travels? The answer is shrouded in the ""night."" Strain your eyes and stare into the dark! 



(Source: Crunchyroll)",https://s4.anilist.co/file/anilistcdn/media/anime/cover/large/bx21560-6iifjdssfebJ.jpg,https://s4.anilist.co/file/anilistcdn/media/anime/banner/21560-YHMcjOm7YkbG.jpg,2.8,,,,,,,,,,,,,,,Action;Adventure;Drama;Fantasy;Horror;Supernatural,Millepensee,,,,,,,,,,,,
Brynhildr in the Darkness,極黒のブリュンヒルデ,TVA,2014,13,COMPLETED,ARMS,"The original manga revolves around high school boy Ryōta Murakami, who cannot forget his female childhood friend whom he let die in an accident. Feeling that he must fulfill their promise of proving the existence of aliens, he has continuously looked up at the sky as a member of the astronomy club. One day, a girl named Neko Kuroha who looks exactly like his childhood friend appears as a transfer student. It turns out that she is a magic-user that has run away from a research lab. 



(Source: Anime News Network)",https://s4.anilist.co/file/anilistcdn/media/anime/cover/large/bx20534-86ssOm8XsDd1.jpg,https://s4.anilist.co/file/anilistcdn/media/anime/banner/20534-IPOwlIZFPvdY.jpg,3.2,,,,,,,,,,,,,,,Drama;Fantasy;Mystery;Sci-Fi,ARMS,,,,,,,,,,,,
One Week Friends,一週間フレンズ。,TVA,2014,12,COMPLETED,Brain's Base,"The story revolves around Yuki, a boy who wants to become friends with his classmate and desk neighbor Kaori. However, she gently declines his friendship, saying, “But, my... Memories of my friends disappear in a week...” Even so, Yuki wants to become her friend, and so the two become friends over and over again as the weeks pass.",https://s4.anilist.co/file/anilistcdn/media/anime/cover/large/bx20527-6idifxd10b2Q.png,https://s4.anilist.co/file/anilistcdn/media/anime/banner/20527-NIgzVL6kd3p2.jpg,3.6,,,,,,,,,,,,,,,Comedy;Drama;Romance;Slice of Life,Brain's Base,,,,,,,,,,,,
The Heroic Legend of Arslan,アルスラーン戦記 (TV),TVA,2015,25,COMPLETED,LIDENFILMS,"The manga’s story: In the prosperous kingdom of Pars lies the Royal Capital of Ecbatana, a city of splendor and wonder, ruled by the undefeated and fearsome King Andragoras. Arslan is the young and curious prince of Pars who, despite his best efforts, doesn't seem to have what it takes to be a proper king like his father.


At the age of 14, Arslan goes to his first battle and loses everything as the blood-soaked mist of war gives way to scorching flames, bringing him to face the demise of his once glorious kingdom. However, it is Arslan's destiny to be a ruler, and despite the trials that face him, he must now embark on a journey to reclaim his fallen kingdom.


(Source: Anime News Network)",https://s4.anilist.co/file/anilistcdn/media/anime/cover/large/bx20935-jCAXBOuei2T8.jpg,https://s4.anilist.co/file/anilistcdn/media/anime/banner/n20935-WGAGPNZHbbEy.jpg,3.6,,,,,,,,,,,,,,,Action;Adventure;Drama;Fantasy,LIDENFILMS,,,,,,,,,,,,
MAGICAL GIRL SITE,魔法少女サイト,TVA,2018,12,COMPLETED,production doA,"Asagiri Aya is a young girl who has fallen victim to bullies at her school. Looking for a way to escape her troubles, she looks to the internet for distraction, when a mysterious website called ""Magical Girl Site"" appears. Simply viewing the page is all it takes to hurtle Aya headlong into the deadly world of the Magical Girl Apocalypse. There, it’s fight or die, against a seemingly endless array of savagely adorable, frilly-skirted killing machines, each armed with magical powers and an unquenchable thirst for blood and chaos. 



(Source: Seven Seas Entertainment)",https://s4.anilist.co/file/anilistcdn/media/anime/cover/large/bx100010-FCSVBvRZ6Ifl.png,https://s4.anilist.co/file/anilistcdn/media/anime/banner/100010-WZMK7JXMAi2i.jpg,3.0,,,,,,,,,,,,,,,Action;Drama;Horror;Mahou Shoujo;Psychological;Supernatural,production doA,,,,,,,,,,,,
PandoraHearts,パンドラハーツ,TVA,2009,25,COMPLETED,Xebec,"Oz Vessalius, heir to one of the duke houses, has just turned fifteen. His life is rich and carefree, darkened only by the constant absence of his father. At his coming-of-age ceremony, however, everything changes. For no reason that he can discern, he's cast into the prison known as the ""Abyss"", only to be saved by a ""chain"" known as Alice, the bloodstained black rabbit. It is unknown why was he cast into Abyss, how does Alice factor into it all, and what does the organization known as ""Pandora"" want with him.


(Source: Anime News Network)",https://s4.anilist.co/file/anilistcdn/media/anime/cover/large/bx5530-ukD9JNrN47aA.jpg,https://s4.anilist.co/file/anilistcdn/media/anime/banner/5530-VsVYMKkehtiy.jpg,3.6,,,,,,,,,,,,,,,Adventure;Fantasy;Supernatural,Xebec,,,,,,,,,,,,
Flying Witch,ふらいんぐうぃっち,TVA,2016,12,COMPLETED,J.C.STAFF,"Traditionally, when a witch turns 15, she's supposed to go out into the world alone to study magic. Makoto's parents, however, believe that their directionally-challenged daughter should get a high school degree. Instead of being sent out on her own, Makoto and her cat Chito find themselves traveling from the bustling city of Yokohama to Aomori Prefecture, where they'll stay with relatives until Makoto finishes school. It's going to be a big adjustment, and it only gets more complicated since ""normal"" people aren't supposed to know that witches exist… something that she tends to forget.



(Source: Sentai Filmworks)",https://s4.anilist.co/file/anilistcdn/media/anime/cover/large/bx21284-vQcCLIWt1o5O.png,https://s4.anilist.co/file/anilistcdn/media/anime/banner/21284-zGFiawIXPmE8.jpg,3.7,,,,,,,,,,,,,,,Slice of Life;Supernatural,J.C.STAFF,,,,,,,,,,,,
NEW GAME!!,NEW GAME!!,TVA,2017,12,COMPLETED,Doga Kobo,"The second season of New Game!.



Aoba Suzukaze starts another year designing characters at Eagle Jump, and she can’t wait to meet the newbie recruits…if any are hired. But before she can even unlock her senpai status, she finds herself in a lead designer position for the company’s newest game! Following in her manager’s footsteps, Aoba’s gotta get good if she wants her skills to compete with Ko Yagami’s. Working hard alongside some interesting new coworkers, only time will tell if Aoba gets her best ending.



(Source: Funimation)",https://s4.anilist.co/file/anilistcdn/media/anime/cover/large/bx98292-jY1lqjOBBQs4.jpg,https://s4.anilist.co/file/anilistcdn/media/anime/banner/n98292-QChutdQfKyme.jpg,3.8,,,,,,,,,,,,,,,Comedy;Slice of Life,Doga Kobo,,,,,,,,,,,,
My Girlfriend is Shobitch,僕の彼女がマジメ過ぎる処女ビッチな件,TVA,2017,10,COMPLETED,diomedéa,"With nothing left to lose, ordinary high school student Haruka Shinozaki confesses to beautiful, diligent class representative Akiho Kousaka and to his surprise she accepts. Kousaka takes dating as seriously as she does everything else, but does not quite get it. She pragmatically suggests activities that are too sexual.



(Source: KADOKAWA)",https://s4.anilist.co/file/anilistcdn/media/anime/cover/large/bx98951-EeoDeSyF97ZS.jpg,https://s4.anilist.co/file/anilistcdn/media/anime/banner/n98951-nVqUIswq0oD5.jpg,2.9,,,,,,,,,,,,,,,Comedy;Ecchi;Romance,diomedéa,,,,,,,,,,,,
Place to Place,あっちこっち,TVA,2012,12,COMPLETED,AIC,"Everyone has a circle of friends they hang out with. But even within a small group there are smaller groups of friends, best friends and, here's where it gets complicated, boyfriends and girlfriends. Sometimes relationships just develop in a way where you're not exactly sure what you are to the other person. Which is the problem Tsumiki has when it comes to Io. Io's as tall and easygoing as Tsumiki is short in both temper and stature, but he also seems to be totally clueless about how she's starting to feel. Yet, at times, he's almost too affectionate. It's just confusing and irritating. And their prankster friends Mayoi and Sakaki aren't much help. Especially Mayoi, as it gives her one more thing to tease Tsumiki over. Hime, the fifth member of their usual gang of five isn't much better, because she's not really well connected to reality anyway. Which leaves Tsumiki stuck in a quandary. Are she and Io just best friends? And is it worth risking that for what Tsumiki wants?


(Source: Sentai Filmworks)",https://s4.anilist.co/file/anilistcdn/media/anime/cover/large/bx12291-NKo7qYW674Wo.jpg,https://s4.anilist.co/file/anilistcdn/media/anime/banner/12291-ZCo0XM1RShUw.png,3.6,,,,,,,,,,,,,,,Comedy;Romance;Slice of Life,AIC,,,,,,,,,,,,
Urusei Yatsura (2022) Seasons 1 & 2,うる星やつら (2022),TVA,2022,23,COMPLETED,david production,"When an alien race known as the Oni invade Earth, the chronically unlucky and unapologetically lecherous Ataru Moroboshi is selected as humanity’s representative in a duel for the fate of the planet! His opponent is Lum, the Oni’s very pretty princess, and it’s only thanks to Ataru’s unscrupulous behavior that he’s able to scrape out a win in a treacherous game of tag against her. Ataru thinks he’s had his lucky break at last, but when Lum takes a shine to him off the battlefield, the conflict follows him home as Lum invades not only planet Earth, but also the womanizing Ataru’s love life!



(Source: HIDIVE)



Note: Sentai has labeled the 1st and 2nd cour of this season as ""Seasons 1 & 2"". They have labeled the 3rd and 4th cours of the 2nd season as “Seasons 3 & 4”",https://s4.anilist.co/file/anilistcdn/media/anime/cover/large/bx143277-snjd4UzsUl8M.jpg,https://s4.anilist.co/file/anilistcdn/media/anime/banner/143277-jdO4kFWTkU6N.jpg,3.6,,,,,,,,,,,,,,,Comedy;Romance;Sci-Fi;Supernatural,david production,,,,,,,,,,,,
Hitoribocchi no Marumaruseikatsu,ひとりぼっちの○○生活,TVA,2019,12,COMPLETED,C2C,"Hitori Bocchi suffers from extreme social anxiety, she’s not good at talking to people, takes pretty extreme actions, is surprisingly adept at avoiding people, her legs cramp when she overexerts herself, gets full of herself when alone, will vomit when exposed to extreme tension and often comes up with plans. Now she is entering middle school and her only friend, Yawara Kai, is attending a different school. This leaves Bocchi alone, surrounded by new classmates with whom she must make friends before Kai will talk to her again.



(Source: Doki)",https://s4.anilist.co/file/anilistcdn/media/anime/cover/large/bx101386-ZJN6JFf9gKrV.png,https://s4.anilist.co/file/anilistcdn/media/anime/banner/101386-Y1SeQi4BsBaO.jpg,3.6,,,,,,,,,,,,,,,Comedy;Slice of Life,C2C,,,,,,,,,,,,
The Dungeon of Black Company,迷宮ブラックカンパニー,TVA,2021,12,COMPLETED,SILVER LINK.,"Work sucks and Kinji was avoiding it beautifully by investing every penny. Good plan ’til he found himself in a new world…with DEBT! Now under the rule of an evil mining company, avoiding work is gonna be a tough grind. Does he have what it takes to pull off the ultimate workaround on this gig?



(Source: Funimation)",https://s4.anilist.co/file/anilistcdn/media/anime/cover/large/bx120608-gjCnIszBGe9k.jpg,https://s4.anilist.co/file/anilistcdn/media/anime/banner/120608-mZ6scjROkAEi.jpg,3.5,,,,,,,,,,,,,,,Comedy;Fantasy,SILVER LINK.,,,,,,,,,,,,
Handyman Saitou in Another World,便利屋斎藤さん、異世界に行く,TVA,2023,12,COMPLETED,C2C,"Handyman Saitou has never felt special in his life. When he’s dropped into a medieval fantasy world, he gathers a party of unique beings to survive. Surrounded by a heavy warrior, a spell-forgetting wizard, and even a divine fairy princess, he yearns to be helpful. But after Saitou saves everyone during a raid, it’s clear that having a handyman on an adventure isn’t just useful, it’s essential!


(Source: Crunchyroll)",https://s4.anilist.co/file/anilistcdn/media/anime/cover/large/bx144092-8EKzzZQofFlW.jpg,https://s4.anilist.co/file/anilistcdn/media/anime/banner/144092-EMQdMWbZ94Sl.jpg,3.6,,,,,,,,,,,,,,,Adventure;Comedy;Fantasy;Slice of Life,C2C,,,,,,,,,,,,
Akebi’s Sailor Uniform,明日ちゃん100万部,TVA,2023,1,COMPLETED,,,https://s4.anilist.co/file/anilistcdn/media/anime/cover/medium/b166053-edLFhuF8VrVm.jpg,,,,,,,,,,,,,,,,,,,,,,,,,,,,,,
Hi Score Girl,ハイスコアガール,TVA,2018,12,COMPLETED,J.C.STAFF,"The year is 1991 and 6th grader Yaguchi Haruo only has video games to live for. He's not popular in school and he's neither handsome, funny, nice nor even friendly. The only thing he has going for him is that he is good at video games. One day at the local arcade, he plays Oono Akira, a fellow classmate but who's popular, smart, pretty and a rich girl that absolutely destroys him at Street Fighter II. Not only does he lose to her 30 times in a row, he can’t beat her at any game. Haruo can’t seem to shake Akira off as she follows him from arcade to arcade everyday after school and beats him every time. As weird as it sounds, the odd couple begins a strange bond and friendship.",https://s4.anilist.co/file/anilistcdn/media/anime/cover/large/bx20574-cUPxastH5vAm.jpg,https://s4.anilist.co/file/anilistcdn/media/anime/banner/20574-wSZyxGOlW4Io.jpg,3.8,,,,,,,,,,,,,,,Comedy;Drama;Romance,J.C.STAFF,,,,,,,,,,,,
Battle Game in 5 Seconds,出会って5秒でバトル,TVA,2021,12,COMPLETED,Vega Entertainment,"A new kind of battle of abilities for a new generation is about to begin! It all started on a regular morning like any other. Akira Shiroyanagi is a high school kid who loves nothing more than konpeito candy and games. One day, he ends up in a fight due to a mysterious girl named Mion. Mion then tells the people she had gathered that they no longer officially exist in any records. They were given powers and were about to be test subjects. Akira makes up his mind to use his powers to climb up the ranks and then crush this organization.



(Source: Crunchyroll)",https://s4.anilist.co/file/anilistcdn/media/anime/cover/large/bx126047-C3ivEjzfigA0.jpg,https://s4.anilist.co/file/anilistcdn/media/anime/banner/126047-inrmD1NrxfZe.jpg,3.3,,,,,,,,,,,,,,,Action;Drama;Supernatural,Vega Entertainment,,,,,,,,,,,,
Slam Dunk,SLAM DUNK,TVA,1993,101,COMPLETED,Toei Animation,"Hanamichi Sakuragi, an entering Shohoku high school freshman holds a record for being rejected by 50 girls during middle school. His nearly 2 meters height and bright red hair causes most students to write him off as a delinquent. 


One day, a girl named Haruko Akagi approaches Hanamichi without any fear. When she asks Hanamichi: ""do you like basketball?"" Hanamichi falls head over heels for the girl of his dreams. Without missing a beat, Hanamichi tells her he loves basketball, and the two head to the gymnasium where Hanamichi learns about the slam dunk. He also learns of Rukawa, one of the country&rsquo;s top basketball prospects, also a freshman at Shohoku.


(Source: Funimation)",https://s4.anilist.co/file/anilistcdn/media/anime/cover/large/bx170-cmD8A0vZsp6g.jpg,https://s4.anilist.co/file/anilistcdn/media/anime/banner/170-hCgzytQLmZdX.jpg,4.2,,,,,,,,,,,,,,,Comedy;Drama;Slice of Life;Sports,Toei Animation,,,,,,,,,,,,
ONIMAI: I'm Now Your Sister!,お兄ちゃんはおしまい！,TVA,2023,12,COMPLETED,Studio Bind,"Mahiro Oyama was just a normal erotic-game loving dude…until he woke up one morning as a woman! Turns out his mad-scientist little sister, Mihari, tried out one of her new experiments on him…with a disastrous outcome, as far as Mahiro’s concerned! But Mihari is as determined to study him as he is determined to go back to his shut-in, game-playing life, and one thing’s for sure…life is going to get a whole lot weirder from here on out! 



(Source: Kodansha USA)",https://s4.anilist.co/file/anilistcdn/media/anime/cover/large/bx147864-EBt29GeJ6G2P.png,https://s4.anilist.co/file/anilistcdn/media/anime/banner/147864-wb2Qj3djHXEa.jpg,3.8,,,,,,,,,,,,,,,Comedy;Ecchi;Slice of Life,Studio Bind,,,,,,,,,,,,
"The 100 Girlfriends Who Really, Really, Really, Really, REALLY Love You Season 2",君のことが大大大大大好きな100人の彼女 第2期,TVA,2025,12,COMPLETED,Bibury Animation Studios,"The second season of Kimi no Koto ga Dai Dai Dai Dai Daisuki na 100-nin no Kanojo.


Rentaro meets new soulmates, balancing comedic chaos and heartfelt moments as his relationships deepen.



(Source: Crunchyroll News)",https://s4.anilist.co/file/anilistcdn/media/anime/cover/large/bx172258-n23TSWk54aXv.jpg,https://s4.anilist.co/file/anilistcdn/media/anime/banner/172258-w0t3aHFqywwp.jpg,4.0,,,,,,,,,,,,,,,Comedy;Ecchi;Romance,Bibury Animation Studios,,,,,,,,,,,,
Children of the Whales,クジラの子らは砂上に歌う,TVA,2017,12,COMPLETED,J.C.STAFF,"Chakuro is the 14-year-old archivist of the Mud Whale, a nigh-utopian island that floats across the surface of an endless sea of sand. Nine in ten of the inhabitants of the Mud Whale have been blessed and cursed with the ability to use saimia, special powers that doom them to an early death.


Chakuro and his friends have stumbled across other islands, but they have never met, seen, or even heard of a human who wasn't from their own. One day, Chakuro visits an island as large as the Mud Whale and meets a girl who will change his destiny.",https://s4.anilist.co/file/anilistcdn/media/anime/cover/large/bx98449-CxVQsAWFPpMa.jpg,https://s4.anilist.co/file/anilistcdn/media/anime/banner/98449-70WzX4yNEWJZ.jpg,3.5,,,,,,,,,,,,,,,Adventure;Drama;Fantasy;Mystery;Romance;Sci-Fi,J.C.STAFF,,,,,,,,,,,,
Rent-a-Girlfriend Season 3,彼女、お借りします 第3期,TVA,2023,12,COMPLETED,TMS Entertainment,"The third season of Kanojo, Okarishimasu.



Kazuya begins producing a movie with Chizuru, and when things start to become close, a new girlfriend enters the mix! 


(Source: Crunchyroll)",https://s4.anilist.co/file/anilistcdn/media/anime/cover/large/bx154745-xBr65cJsL3uW.jpg,https://s4.anilist.co/file/anilistcdn/media/anime/banner/154745-mYTlDofOWUI6.jpg,3.4,,,,,,,,,,,,,,,Comedy;Drama;Romance,TMS Entertainment,,,,,,,,,,,,
TOUGEN ANKI,桃源暗鬼,TVA,2025,24,COMPLETED,Studio Hibari,"The bloodlines of “Oni” and “Momotarou” have been passed down among certain humans for generations.



Long ago, the Oni, aware of their own ferocity, lived in seclusion. However, their peace was shattered by an invasion led by Momotarou.
Over thousands of years, these two factions formed the “Momotarou Agency” and the “Oni Agency,” respectively, and have been locked in conflict ever since.



The protagonist, Shiki Ichinose, suddenly learns of his Oni lineage following an unexpected attack by Momotarou. This revelation sets Shiki on a path to discover the destiny that lies within his blood — a meeting with the Oni dwelling within him.



—A new generation of dark heroics begins here in this tale of demons!




(Source: Official Site)",https://s4.anilist.co/file/anilistcdn/media/anime/cover/large/bx177474-oHil1yLWldfl.jpg,https://s4.anilist.co/file/anilistcdn/media/anime/banner/177474-ZIPsMWa6RO0i.jpg,3.4,,,,,,,,,,,,,,,Action;Mystery;Supernatural,Studio Hibari,,,,,,,,,,,,
Mission: Yozakura Family,夜桜さんちの大作戦,TVA,2024,27,COMPLETED,SILVER LINK.,"Taiyou Asano is a super shy high school student and the only person he can talk to is his childhood friend, Mutsumi Yozakura. It turns out that Mutsumi is the daughter of the ultimate spy family! Even worse, Mutsumi is being harassed by her overprotective, nightmare of a brother, Kyouichirou. What drastic steps will Taiyou have to take to save Mutsumi?! A spy family comedy - the mission begins!



(Source: MANGA Plus)",https://s4.anilist.co/file/anilistcdn/media/anime/cover/large/bx158898-O3egiBNkxLQO.png,https://s4.anilist.co/file/anilistcdn/media/anime/banner/158898-5yUfRg9D8Fs5.jpg,3.7,,,,,,,,,,,,,,,Action;Comedy;Romance,SILVER LINK.,,,,,,,,,,,,
A Certain Scientific Accelerator,とある科学の一方通行【アクセラレータ】,TVA,2019,12,COMPLETED,J.C.STAFF,"The espers of Academy City are classified into six levels, where ""Level 0"" lacks power while ""Level 5"" possesses an overwhelming amount. Of the several million espers residing in Academy City, only seven of them have attained Level 5, and ranked highest among them is the one known as Accelerator.



Toaru Kagaku no Accelerator focuses on the strongest Level 5 after he protects the cheerful Last Order at the price of much of his power. Recovering at the hospital, Accelerator has led a relatively quiet life until he ends up saving the life of Estelle Rosenthal, a mysterious girl carrying a photo of Last Order. Unfortunately, Accelerator now finds himself dragged into a new conflict in the form of a sinister organization called Disciplinary Action which plots to use Last Order for a dangerous mission. Now that they have set their plan into motion and are in pursuit of the young girl, it's up to the world's most powerful esper and his newfound companion to protect Last Order and defend Academy City in the process.



(Source: MAL Rewrite)",https://s4.anilist.co/file/anilistcdn/media/anime/cover/large/bx104463-nlo4ndS9Mt0P.jpg,https://s4.anilist.co/file/anilistcdn/media/anime/banner/104463-v7vEFcEgze0l.jpg,3.5,,,,,,,,,,,,,,,Action;Sci-Fi,J.C.STAFF,,,,,,,,,,,,
Yamada's First Time: B Gata H Kei,B型H系,TVA,2010,12,COMPLETED,Hal Film Maker,"Yamada, first name withheld, is a 15-year-old girl who has just entered Takizawa High School.  Easily considered exceptionally beautiful, she has only one problem with her own body, she thinks her vagina looks weird and is very self-conscious about it.  


Upon entering high school, her dream was to have casual sex with 100 men but therein lies the problem, she believes an experienced partner will tease her about the way her vagina looks or simply the fact that she's a virgin.  She stumbles upon the solution in the form of Kosuda Takashi, a fellow virgin, whom she believes will help ease the transition to more experienced partners.


There's only one small problem, Yamada doesn't know anything about sex or the ancient art of seduction, meaning her quest to conquer Kosuda will be a difficult one.",https://s4.anilist.co/file/anilistcdn/media/anime/cover/large/nx7817-6kYE5LRNoL97.jpg,https://s4.anilist.co/file/anilistcdn/media/anime/banner/n7817-ktqkezf9CKH8.jpg,3.2,,,,,,,,,,,,,,,Comedy;Ecchi;Romance,Hal Film Maker,,,,,,,,,,,,
Sakura Trick,桜Trick,TVA,2014,12,COMPLETED,Studio DEEN,"Haruka and Yuu have been best friends forever and they've always sat next to each other in class since… well, since they were just girls in junior high anyway. But on their first day of high school, they're stunned to learn that the new seating plan has them on opposite sides of the classroom! So, since everyone knows that long distance relationships won't work unless the parties involved put extra effort into it, they decide they need to do something extra special to permanently seal their friendship. However, deciding to kiss each other awakens a whole new level of feelings, and it doesn't help that some of their classmates seem to be 'involved"" in similar circumstances. So what's a girl to do when her best girl friend suddenly seems more like a girlfriend? It's a life lesson that the school curriculum isn't normally prepared to teach, except maybe in French class, and our two young heroines are about to get a private education you'll never forget!


(Source: Sentai Filmworks)",https://s4.anilist.co/file/anilistcdn/media/anime/cover/large/bx20047-QcFqHoZNuCIH.png,https://s4.anilist.co/file/anilistcdn/media/anime/banner/20047-pmEmtKb0elL2.jpg,3.3,,,,,,,,,,,,,,,Comedy;Romance;Slice of Life,Studio DEEN,,,,,,,,,,,,
Welcome to Demon School! Iruma-kun Season 3,魔入りました！入間くん 第3シリーズ,TVA,2022,21,COMPLETED,Bandai Namco Pictures,"The third season of Mairimashita! Iruma-kun.



This time it's the jungle!



Human boy Suzuki Iruma becomes ""grandson"" to the great demon Sullivan and begins attending demon school where ""Grandpa"" serves as chairman. Winning friends -- and rising in demon rank, too -- Iruma thrives in his new environment, overcoming the harrowing ordeals thrown his way! In the new season, further challenges await... it's harvest season, and time for the annual test where students wade into the expansive and extremely dangerous (!) jungle to compete for food!! Classmates become rivals, and what erupts is a gargantuan battle of brawn and wits?



(Source: NHK)",https://s4.anilist.co/file/anilistcdn/media/anime/cover/large/bx139092-q521Du1fkosV.jpg,https://s4.anilist.co/file/anilistcdn/media/anime/banner/139092-gcuDazzfT0uC.jpg,3.9,,,,,,,,,,,,,,,Comedy;Fantasy;Supernatural,Bandai Namco Pictures,,,,,,,,,,,,
A Certain Scientific Railgun T,とある科学の超電磁砲T,TVA,2020,25,COMPLETED,J.C.STAFF,"The third season of Toaru Kagaku no Railgun.


The Daihasei Festival has begun, and that of course means that Tokiwadai Middle School—a prestigious all-girls' middle school—is competing too. Despite the participation of the ""Ace of Tokiwadai,"" Mikoto Misaka, the other students who are participating are still putting their utmost effort into winning, no matter how impossible the feat may seem against her might.


However, not all is fun and games. Due to the festival, Academy City opens to the outside world, and various factions have begun plotting ways to infiltrate the city. Misaka appears to be on their radar, and as the festival proceeds, people lurking from the shadows begin to emerge...


Toaru Kagaku no Railgun T brings back the Tokiwadai Ace and her friends as they dive deeper into the dark side of Academy City. From terrorist attacks to ruthless underground projects, anything is possible in this city.


(Source: MAL Rewrite)",https://s4.anilist.co/file/anilistcdn/media/anime/cover/large/bx104462-KrVWRvPcR7ci.jpg,https://s4.anilist.co/file/anilistcdn/media/anime/banner/104462-ZOXmV3cAQt8G.jpg,4.0,,,,,,,,,,,,,,,Action;Sci-Fi,J.C.STAFF,,,,,,,,,,,,
MARRIAGETOXIN,マリッジトキシン,TVA,2026,13,ONGOING,bones film,"For centuries, the deadly arts have been perfected by those known as the Masters.
Among them, the Poison Masters of the Five Great Families hold the most fearsome power and influence. 
Hikaru Gero, heir to the Poison Masters’ Gero Family, has lived his entire life in the underworld, far removed from love or marriage.
But when the Gero Family head decrees that Hikaru’s sister must bear an heir to preserve the bloodline—by force if necessary—Hikaru resolves to protect her at all costs.
It is then that Hikaru encounters Mei Kinosaki, a brilliant marriage swindler who becomes the target of his latest job.
Realizing that the only way of solving the family succession problem and protecting his sister is through marriage, Hikaru impulsively asks Mei for help in finding a bride.



(Source: EMOTION Label Channel)",https://s4.anilist.co/file/anilistcdn/media/anime/cover/large/bx199547-LAaG3cmKCGhr.jpg,https://s4.anilist.co/file/anilistcdn/media/anime/banner/199547-7230SVo56b42.jpg,3.8,,,,,,,,,,,,,,,Action;Comedy;Drama;Romance,bones film,,,,,,,,,,,,
My Hero Academia: Vigilantes,ヴィジランテ -僕のヒーローアカデミア ILLEGALS-,TVA,2025,13,COMPLETED,bones film,"Kouichi Haimawari is a dull college student who aspires to be a hero but has given up on his dream. Although 80% of the world’s population has superhuman powers called Quirks, few are chosen to become heroes and protect people. Everything changes for Kouichi when he and Pop☆Step are saved by the vigilante Knuckleduster and get recruited to become vigilantes themselves!



(Source: Crunchyroll)",https://s4.anilist.co/file/anilistcdn/media/anime/cover/large/bx185736-Ci6AiGwjKKtp.jpg,https://s4.anilist.co/file/anilistcdn/media/anime/banner/185736-Ick7OABzBWoi.jpg,3.8,,,,,,,,,,,,,,,Action;Adventure;Drama;Fantasy,bones film,,,,,,,,,,,,
xxxHOLiC,XXX ホリック,TVA,2006,24,COMPLETED,Production I.G,"Watanuki Kimihiro can see spirits and other assorted supernatural creatures, which is quite a bothersome ability he strongly dislikes. On the way home one day, while plagued by some spirits, he is inexplicably compelled to enter a strange house. There, he encounters Yuuko, a mysterious woman who claims to be able to rid him of the ability to see and attract the troublesome creatures – for a price. She demands for him to work at her ""store"" that grants wishes to people, and thus begins Watanuki's adventures through weird and wonderful events.",https://s4.anilist.co/file/anilistcdn/media/anime/cover/large/bx861-rbZNhIXwS4JE.png,https://s4.anilist.co/file/anilistcdn/media/anime/banner/861-9LoNqdFERLvT.jpg,3.8,,,,,,,,,,,,,,,Comedy;Drama;Horror;Mystery;Psychological;Supernatural,Production I.G,,,,,,,,,,,,
Silver Spoon,銀の匙,TVA,2013,11,COMPLETED,A-1 Pictures,"Yugo Hachiken dreams of life separated from his family, so he takes the initiative by enrolling in an agriculture school. He thinks, with his talent in studying, no problems will arise no matter what kind of school he attends. He is proven wrong very quickly. Raised as a city boy, he is forced to uncover the inconvenient truth about agricultural life. Enjoy the story of Hachiken, as he tries to keep up with his new friends, farmers' heirs, who are already accustomed to the harsh world of farming. With no clear goals or understanding of farming life, how will Hachiken survive this new, cruel reality? The story of a sweat, tear, and mud-stained youth begins!",https://s4.anilist.co/file/anilistcdn/media/anime/cover/large/bx16918-0biAxYFR29mw.png,https://s4.anilist.co/file/anilistcdn/media/anime/banner/16918-c2JbTcNvQpor.jpg,4.0,,,,,,,,,,,,,,,Comedy;Slice of Life,A-1 Pictures,,,,,,,,,,,,
Attack on Titan: Junior High,進撃！巨人中学校,TVA,2015,12,COMPLETED,Production I.G,The school comedy story is set in a junior high school and centers on the original manga's characters such as Eren and Mikasa as they battle with Titans. The spin-off incorporates gags while using Shingeki no Kyojin's story and notable scenes as its basis.,https://s4.anilist.co/file/anilistcdn/media/anime/cover/medium/b21281-GwCKcZii6fVf.jpg,https://s4.anilist.co/file/anilistcdn/media/anime/banner/n21281-NJqGktD33FWm.jpg,3.5,,,,,,,,,,,,,,,Comedy;Fantasy;Slice of Life,Production I.G,,,,,,,,,,,,
Motto To Love Ru,もっと To LOVEる -とらぶる-,TVA,2010,12,COMPLETED,Xebec,"Did Riko Yuuki’s life go to hell in a handbasket when a naked alien princess from the planet Deviluke suddenly appeared in his bathtub and he found himself betrothed into the universe’s most dysfunctional romantic relationship? No, but only because he never got a damned handbasket. Even if the luscious Princess Lala is finally starting to admit her real feelings for her earthling scum significant other, there are so many other things constantly going wrong that Riko’s doing well just to survive.



Whether it’s due to bounty hunters, a defective transporter, body switches, alien skunks, mighty morphing power bathrooms, a sleepover that goes horribly, horribly wrong, or, that worst galactic scourge of all, Valentine’s Day, each day seems determined to prove why you should never, ever, marry a monster from outer space!


(Source: Sentai Filmworks)",https://s4.anilist.co/file/anilistcdn/media/anime/cover/medium/9181.jpg,https://s4.anilist.co/file/anilistcdn/media/anime/banner/9181-Nr6s4p9nE0gN.jpg,3.5,,,,,,,,,,,,,,,Comedy;Ecchi;Romance;Sci-Fi,Xebec,,,,,,,,,,,,
Rosario + Vampire Capu2,ロザリオとバンパイア Capu2,TVA,2008,13,COMPLETED,GONZO,"A year has passed since Tsukune was sent to the Youkai academy. Tsukune has gotten used to life there, or so he thought. As a second year, him and the girls are looked up to by the juniors. On the first day back to school, a sudden encounter with Shuzen Kokoa, takes a turn for the worst. What Adventures or should we say, misadventures await our human, vampire and friends?",https://s4.anilist.co/file/anilistcdn/media/anime/cover/medium/4214.jpg,https://s4.anilist.co/file/anilistcdn/media/anime/banner/4214-J0YeC9OWUXp6.jpg,3.2,,,,,,,,,,,,,,,Comedy;Ecchi;Fantasy;Romance,GONZO,,,,,,,,,,,,
Fuuka,風夏,TVA,2017,12,COMPLETED,diomedéa,"The story centers on a young man named Yuu Haruna who has just switched schools. He's a bit shy, and he's constantly glued to his smartphone so he can check Twitter. He meets a girl named Fuuka Akitsuki, who doesn't even have a cell phone, is free-spirited, and naturally fascinates others. Yuu recently has been getting back in touch via Twitter with his childhood friend Koyuki Hinashi, who is now a popular singer. One day Yuu invites Fuuka to one of Koyuki's concerts, and there the three meet for the first time. The story follows the love triangle between a love that started through electronics, and a love that didn't start through electronics.



(Source: Anime News Network)",https://s4.anilist.co/file/anilistcdn/media/anime/cover/large/bx21887-CAq64M7WMgY5.jpg,https://s4.anilist.co/file/anilistcdn/media/anime/banner/21887-j33YYBSpirLa.jpg,3.0,,,,,,,,,,,,,,,Drama;Ecchi;Music;Romance,diomedéa,,,,,,,,,,,,
Is the Order a Rabbit?,ご注文はうさぎですか？,TVA,2014,12,COMPLETED,WHITE FOX,"Coming to a new town to start high school can be intimidating, and that's especially true for Cocoa, who can't find the place she's supposed to be staying when she arrives. When she stops at a cafe to ask for directions, however, it turns out that she's already where she needs to be! You see, the Rabbit House is both a restaurant and a boarding house, and Cocoa will be working there along with the owner's granddaughter, Chino and the strangely military-obsessed Rize. It's a great place to work, business is hopping, and Cocoa's fits right in with her new coworkers, as well as the girls from two other rival cafes. Still, there is something just a little odd about the Rabbit House. Besides the fact that Rize usually carries a Glock and a knife hidden on her, there's also a mystery involving the shop's pet rabbit, Tippy. And then there are those girls who sometimes seem to be able to communicate without talking…



(Source: Sentai Filmworks)",https://s4.anilist.co/file/anilistcdn/media/anime/cover/large/bx20517-SNNUtav2knou.jpg,https://s4.anilist.co/file/anilistcdn/media/anime/banner/20517.jpg,3.6,,,,,,,,,,,,,,,Slice of Life,WHITE FOX,,,,,,,,,,,,
The World is Still Beautiful,それでも世界は美しい,TVA,2014,12,COMPLETED,Studio Pierrot,"Nike, the fourth princess of the Rain Dukedom and one who holds the power to call forth the rain, travels to the Sun Kingdom to marry Sun King Livius for her country, despite her own reluctance. She soon discovers that the King, who conquered the world in only three years after his ascendance to the throne, is still a child!! Furthermore, for trivial reasons, he has demanded that Nike call forth the rain…!?",https://s4.anilist.co/file/anilistcdn/media/anime/cover/large/bx20599-QFFdBLjLlPJf.jpg,https://s4.anilist.co/file/anilistcdn/media/anime/banner/20599-ywzkzyHqFe5o.png,3.6,,,,,,,,,,,,,,,Adventure;Fantasy;Romance,Studio Pierrot,,,,,,,,,,,,
SERVAMP,SERVAMP,TVA,2016,12,COMPLETED,Brain's Base,"Mahiru Shirota dislikes difficult things, preferring to live a simple life. But after rescuing a cat he names Kuro, life takes a turn for the complex. Kuro turns out to be a servamp—a servant vampire, named Sleepy Ash and the two form a contract. Kissing his simple life goodbye, Mahiru is pulled into the world of vampires, the seven deadly Servamps, and war. Life couldn’t be more complicated!



(Source: Crunchyroll)",https://s4.anilist.co/file/anilistcdn/media/anime/cover/large/bx21269-NU0MR6HcefqO.jpg,https://s4.anilist.co/file/anilistcdn/media/anime/banner/n21269-JFAnULpCiQQu.jpg,3.3,,,,,,,,,,,,,,,Action;Supernatural,Brain's Base,,,,,,,,,,,,
Why Raeliana Ended Up at the Duke’s Mansion,彼女が公爵邸に行った理由,TVA,2023,12,COMPLETED,TYPHOON GRAPHICS,"Living inside a fairy tale may sound like a dream, but for this heroine, it’s more of a nightmare. After her mysterious death, Rinko is reborn as Raeliana—a loved and wealthy character in a novel. But she knows the ending: her murder at the hands of her fiancé. So, she hatches a plan to stay alive, one that involves a devilish duke and a phony engagement. Can she rewrite her story?



(Source: Crunchyroll)",https://s4.anilist.co/file/anilistcdn/media/anime/cover/large/bx151847-OnTYbvb4y4mp.jpg,https://s4.anilist.co/file/anilistcdn/media/anime/banner/151847-S1pTlfRY2DqB.jpg,3.7,,,,,,,,,,,,,,,Comedy;Fantasy;Mystery;Romance,TYPHOON GRAPHICS,,,,,,,,,,,,
The World God Only Knows: Goddesses,神のみぞ知るセカイ 女神篇,TVA,2013,12,COMPLETED,Manglobe,"Keima and Elsie confronted with a new task: to find the six Goddesses known as the Jupiter Sisters. 



Each Sister lays dormant within the heart of a girl they previously helped, making each encounter much more difficult, while also running against time for the demon faction called ""Vintage"" intends to capture the Goddesses and take over the world.",https://s4.anilist.co/file/anilistcdn/media/anime/cover/large/bx16706-qMfhkWuHkWhX.jpg,https://s4.anilist.co/file/anilistcdn/media/anime/banner/16706-MEAYNPENsc7z.jpg,3.9,,,,,,,,,,,,,,,Comedy;Romance;Supernatural,Manglobe,,,,,,,,,,,,
MUSHI-SHI The Next Passage,蟲師 続章,TVA,2014,10,COMPLETED,Artland,"They existed long before anyone can remember. They are simple and strange in nature, not resembling any other plant or animal in this world. In ancient times, people revered these bizarre creatures and called them ""Mushi.""



People once again began to believe in the existence of these ""Mushi"" when they began affecting their lives in inexplicable ways.



The one who connects the world of ""Mushi"" to the world of humans—they were called the ""Mushi-shi.""



All life exists not to hinder others in this world.



They are simply there to live as they were meant to.



(Source: Aniplex of America)",https://s4.anilist.co/file/anilistcdn/media/anime/cover/large/bx20595-HcUeaAnvaUhM.jpg,https://s4.anilist.co/file/anilistcdn/media/anime/banner/n20595-y2Snh07wJ00v.jpg,4.3,,,,,,,,,,,,,,,Adventure;Fantasy;Mystery;Psychological;Slice of Life;Supernatural,Artland,,,,,,,,,,,,
Pop Team Epic,ポプテピピック,TVA,2018,12,COMPLETED,Kamikaze Douga,"Poputepipikku turns absurdist comedy up to eleven with its pop culture references and surreal hilarity. With two bonafide high school girl protagonists—the short and exceptionally quick to anger Popuko, and the tall and unshakably calm Pipimi—they throw genres against the wall and don't wait to see what sticks. Parody is interlaced with drama, action, crudeness, and the show's overarching goal—to become a real anime.",https://s4.anilist.co/file/anilistcdn/media/anime/cover/large/nx98549-XfLyPhrP5Ors.jpg,https://s4.anilist.co/file/anilistcdn/media/anime/banner/98549-AFXSfj3tDo6y.png,3.5,,,,,,,,,,,,,,,Comedy,Kamikaze Douga,,,,,,,,,,,,
Uzaki-chan Wants to Hang Out! Season 2,宇崎ちゃんは遊びたい！ω（だぶる）,TVA,2022,13,COMPLETED,ENGI,The second season of Uzaki-chan wa Asobitai!.,https://s4.anilist.co/file/anilistcdn/media/anime/cover/large/bx124395-9GeigGh1Ae2f.png,https://s4.anilist.co/file/anilistcdn/media/anime/banner/124395-288D9DRXMv04.jpg,3.5,,,,,,,,,,,,,,,Comedy;Ecchi;Romance;Slice of Life,ENGI,,,,,,,,,,,,
The Witch and the Beast,魔女と野獣,TVA,2024,12,COMPLETED,Yokohama Animation Lab,"It all started with the 17 ""Origins,"" whose powers were passed down to individuals who still exist around the world today. A man carrying a coffin and a girl with the eyes of a beast appear in a town. The girl was once cursed by a witch and now searches for her in order to undo the curse. Is the witch who appears before them the quarry they've been searching for? And how can the curse be undone? This quest for revenge against an evil witch begins rolling when the beast captures the witch. This magnificent and intense dark fantasy begins now!



(Source: Crunchyroll)",https://s4.anilist.co/file/anilistcdn/media/anime/cover/large/bx153818-FWvl0RL6vDbq.png,https://s4.anilist.co/file/anilistcdn/media/anime/banner/153818-3NkluPookK0W.jpg,3.6,,,,,,,,,,,,,,,Action;Adventure;Drama;Fantasy,Yokohama Animation Lab,,,,,,,,,,,,
Mother of the Goddess’ Dormitory,女神寮の寮母くん。,TVA,2021,10,COMPLETED,Asread,"Down-on-his-luck Koushi Nagumo wanders the streets unemployed, homeless, and in search of his next meal. His fortunes improve after a chance meeting with a vivacious young woman whose proposition seemingly solves nearly all his problems. Thanks to her, Koushi enters the welcoming halls of a dormitory at a women’s college… only this particular assignment is no stuffy, sleepy affair. The Goddess’ Dormitory is known for housing the college’s most unruly students! If he wants to keep a roof over his head, Koushi must become the “Dormitory Mother” charged with maintaining order and good discipline. But doing his job and keeping his sanity are no small feat with characters as endearingly eccentric and untamable as these!



(Source: Sentai Filmworks)",https://s4.anilist.co/file/anilistcdn/media/anime/cover/large/bx117989-WG5tan8Gxwa6.jpg,https://s4.anilist.co/file/anilistcdn/media/anime/banner/117989-Pr5Yx1LHKY6R.jpg,3.1,,,,,,,,,,,,,,,Comedy;Ecchi;Romance;Slice of Life,Asread,,,,,,,,,,,,
Himouto! Umaru-chan R,干物妹! うまるちゃん R,TVA,2017,12,COMPLETED,Doga Kobo,"High-school beauty Umaru seems like the perfect teen wunderkind, but she's hiding a shocking double life. As soon as she gets home, she becomes a junk-food-inhaling, soda-guzzling, video-game-addicted slob. The only one who sees this unsavory side of Umaru is her beleaguered older brother Taihei, who does his best to keep up with his work while trying to get his little sister to behave like a decent member of society. As she makes new friends and gets into a number of wacky situations, Umaru will continue to fight for her right to stay up all night binging potato chips and anime.

(Source: Anime News Network)",https://s4.anilist.co/file/anilistcdn/media/anime/cover/large/bx98572-zJQd23nzJips.jpg,https://s4.anilist.co/file/anilistcdn/media/anime/banner/98572-cSJYhHQmQXLY.jpg,3.5,,,,,,,,,,,,,,,Comedy;Slice of Life,Doga Kobo,,,,,,,,,,,,
His and Her Circumstances,彼氏彼女の事情,TVA,1998,26,COMPLETED,Gainax,"Miyazawa Yukino is the perfect student. Kind, intelligent, pretty and modest, it's unbelievable that such a person could exist. Little did everyone know Yukino's perfection was just a facade. An act to fulfill her desire for praise and admiration. Her life took a turn however, as a newcomer to their school Arima Soichiro topped the exam rankings. Arima is more than just intelligent, he's also kind, handsome and modest, an unbelievable person who can actually exist. Even worse luck, Arima found out Yukino's secret, blackmailing her to help him out. Their odd relationship soon develops into friendship and eventually into love. But can their love prevail through the many problems that come their way?",https://s4.anilist.co/file/anilistcdn/media/anime/cover/large/bx145-vcSv07afgy6c.png,https://s4.anilist.co/file/anilistcdn/media/anime/banner/145-RQJdx77yqxnq.jpg,3.8,,,,,,,,,,,,,,,Comedy;Drama;Romance;Slice of Life,Gainax,,,,,,,,,,,,
Dark Gathering,ダークギャザリング,TVA,2023,25,COMPLETED,OLM,"After a devastating encounter with a restless spirit, ghost-fearing psychic Keitarou Gentouga became a shut-in to avoid additional spectral catastrophes. But no man is a haunted island, and Keitarou eventually reintegrates with society by getting a part-time job as a tutor to the child prodigy Yayoi Houzuki. Yayoi isn’t just an academic genius, though. She’s a talented psychic medium hell-bent on finding the malevolent spirit behind her mother’s disappearance, and she’s gravely determined to drag Keitarou into her terrifying world of grotesque supernatural phenomenon.



(Source: HIDIVE)",https://s4.anilist.co/file/anilistcdn/media/anime/cover/large/bx152802-ENRcnqD5axhQ.jpg,https://s4.anilist.co/file/anilistcdn/media/anime/banner/152802-7iZxNsDwWjVs.jpg,3.8,,,,,,,,,,,,,,,Adventure;Horror;Supernatural,OLM,,,,,,,,,,,,
Dr. STONE SCIENCE FUTURE Cour 3,Dr.STONE SCIENCE FUTURE 3クール,TVA,2026,13,ONGOING,TMS Entertainment,The third and final cour of the fourth season of Dr.STONE.,https://s4.anilist.co/file/anilistcdn/media/anime/cover/large/bx199221-TReDQMNhslHu.jpg,https://s4.anilist.co/file/anilistcdn/media/anime/banner/199221-b3W0FfJd4zMy.jpg,4.1,,,,,,,,,,,,,,,Action;Adventure;Comedy;Sci-Fi,TMS Entertainment,,,,,,,,,,,,
A Galaxy Next Door,おとなりに銀河,TVA,2023,12,COMPLETED,Asahi Production,"Ever since their father died, Ichirou Kuga has struggled to support his two younger siblings on nothing but a small inheritance and his passion for drawing manga. But it’s becoming harder to keep up with his growing responsibilities and deadlines, especially after his last two assistants quit to follow their dreams. 

 

Just as he’s nearing his breaking point, the beautiful and scarily competent Shiori Goshiki applies to become his new assistant. But there’s something almost otherworldly about Goshiki, and soon Kuga finds his reality turned upside down when she suddenly declares them engaged to marry!


(Source: Crunchyroll)",https://s4.anilist.co/file/anilistcdn/media/anime/cover/large/bx148098-MI9Rm8JVhSh0.jpg,https://s4.anilist.co/file/anilistcdn/media/anime/banner/148098-j5DZ26vPguDu.jpg,3.5,,,,,,,,,,,,,,,Comedy;Romance,Asahi Production,,,,,,,,,,,,
"Actually, I Am",実は私は,TVA,2015,13,COMPLETED,TMS Entertainment,"The romantic comedy centers around Asahi Kuromine, who has a crush on a cute girl named Yōko Shiragami. Shiragami just happens to be a vampire. Asahi cannot keep a secret, but he is determined to keep Shiragami's secret anyways.



(Source: Anime News Network)",https://s4.anilist.co/file/anilistcdn/media/anime/cover/large/bx21033-6RAkCuvCPbFJ.jpg,https://s4.anilist.co/file/anilistcdn/media/anime/banner/21033-5WaIbIprnQ1z.jpg,3.2,,,,,,,,,,,,,,,Comedy;Fantasy;Romance,TMS Entertainment,,,,,,,,,,,,
Cells at Work! CODE BLACK,はたらく細胞BLACK,TVA,2021,13,COMPLETED,LIDENFILMS,"A rookie Red Blood Cell has been bustling about, frantically making oxygen deliveries all around the body! But his workplace is on the brink of going Code Black!! Drinking, smoking, stress, sleep deprivation... Struggling to survive a life not unlike the brutal corporate world, what must these overworked cells be thinking at the end of the day? This is a tale about the inside of your body...



(Source: Funimation)



Notes:

- The episodes were streamed two days ahead of the Japanese broadcast on Funimation beginning on Jan 8, 2021 at 2:30 JST. The regular TV broadcast started on Jan 10, 2021 at 0:00 JST.

- Episodes 3 and 4 were broadcast in Japan as a one hour special episode on Jan 19, 2021 at 1:40 JST.",https://s4.anilist.co/file/anilistcdn/media/anime/cover/large/bx117533-Niown8l6NAWk.jpg,https://s4.anilist.co/file/anilistcdn/media/anime/banner/117533-QncrEV8PjWUc.jpg,3.6,,,,,,,,,,,,,,,Action;Drama;Sci-Fi,LIDENFILMS,,,,,,,,,,,,
Taboo Tattoo,タブー・タトゥー,TVA,2016,12,COMPLETED,J.C.STAFF,"The manga which this will be based off follows Justice Akazuka (nickname Seigi), a young man who is good at martial arts. Seigi rescues a homeless old man on the street one day from some thugs, and the man gives Seigi an object that imprints a tattoo on his palm. However, it is not an ordinary tattoo, but a special weapon that gives Seigi supernatural powers such as warping space-time. Seigi then meets a female American agent named Ijii, whose duty is to recover the tattoos. Seigi decides to help her and gets wrapped up in a cross-national conspiracy.



(Source: Anime News Network)",https://s4.anilist.co/file/anilistcdn/media/anime/cover/large/bx21031-9UQTsZfReeP6.jpg,https://s4.anilist.co/file/anilistcdn/media/anime/banner/21031-l9ryVOqGrJ6c.jpg,2.6,,,,,,,,,,,,,,,Action;Comedy;Ecchi,J.C.STAFF,,,,,,,,,,,,
Ace of the Diamond,ダイヤのA,TVA,2013,75,COMPLETED,Production I.G,"With a stray pitch that completely missed the batter, Eijun Sawamura loses his final middle school baseball game. Frustrated by this defeat, Eijun and his teammates vow to reach the national tournament once they are in high school. But everything changes when a scout unexpectedly invites him to Tokyo's prestigious Seidou High School after seeing the potential in his unusual pitching style. Encouraged by his teammates, Eijun accepts the offer, ready to improve his skills and play at a much more competitive level of baseball.



However, now surrounded by a large number of skilled players, Eijun struggles to find his place on the team. He declares that he will one day become the team's ace, but that's only if fellow first year Satoru Furuya doesn't take the title first, with his breakneck fastballs that earn him a coveted spot on the starting roster. With the addition of these talented new players to an already powerful lineup, the Seidou baseball team aims to become the best in Japan, facing off against a number of formidable foes that stand in their way.



(Source: MAL Rewrite)",https://s4.anilist.co/file/anilistcdn/media/anime/cover/large/bx18689-LRIiRcgTJS1f.jpg,https://s4.anilist.co/file/anilistcdn/media/anime/banner/n18689-WxipDJ2OR7ph.jpg,4.0,,,,,,,,,,,,,,,Sports,Production I.G,,,,,,,,,,,,
Maken-Ki! Battling Venus,マケン姫っ！,TVA,2011,12,COMPLETED,AIC Spirits,"Based on the manga series by Hiromitsu Takeda, this romantic comedy is about Takeru Ohyama, a typical perverted teenage boy. His new school doesn't require entrance exams, and it just turned co-ed! Unfortunately, his dreams of a happy high school life are dashed when he finds out the school is much more than it seems. All of the students wield a special item&mdash;a Maken&mdash;to unleash their magical abilities in duels! Can Takeru find a Maken that works for him? Even while trying to fit in at a new school and dealing with all kinds of girl problems?


(Source: FUNimation)",https://s4.anilist.co/file/anilistcdn/media/anime/cover/medium/9936.jpg,https://s4.anilist.co/file/anilistcdn/media/anime/banner/9936-TxE1ElPknoOw.png,3.0,,,,,,,,,,,,,,,Action;Ecchi,AIC Spirits,,,,,,,,,,,,
The Demon Girl Next Door,まちカドまぞく,TVA,2019,12,COMPLETED,J.C.STAFF,"When Yuuko Yoshida wakes up one morning to discover that she’s sprouted horns and a tail, she learns something that her mother has been meaning to tell her. You know that battle between the Light and Dark that’s been going on since the dawn of time? Well, Yuuko’s family are the bad guys.



So now, Yuuko has to defeat a local magical girl to win back some of her family’s vanquished power so they can afford to go to the all-you-can-eat pancake restaurant. And, of course, it turns out that the Magical Girl goes to Yuuko’s school, but Momo’s really nice and keeps rescuing Yuuko, which is pretty embarrassing and leaves Yuuko rather conflicted… but… all you can eat pancakes?



(Source: Sentai Filmworks)",https://s4.anilist.co/file/anilistcdn/media/anime/cover/large/bx107490-OaUP9KSAJQt9.png,https://s4.anilist.co/file/anilistcdn/media/anime/banner/107490-wQ8rfnjOa7TO.jpg,3.8,,,,,,,,,,,,,,,Comedy;Fantasy;Mahou Shoujo;Slice of Life,J.C.STAFF,,,,,,,,,,,,
Code:Breaker,CØDE:BREAKER,TVA,2012,13,COMPLETED,Kinema Citrus,"Riding the bus one day, Sakurakouji Sakura looks out the window to see people being burned alive with a blue fire and a boy her age who's unharmed and standing over the people.


She comes back to the site the next day and there are no corpses or evidence of any kind of murder, just a small fire. She then goes to class to find there's a new transfer student, Oogami Rei, who looks exactly like the boy she saw before and wears a black glove only on his left hand.


Oogami is a Code Breaker, one who ""does not exist"". He is a seemingly cold-blooded killer who follows the principle of ""an eye for an eye"", to ""use evil against evil"". Convinced that killing is not right, Sakurakouji sets out to stop him and penetrate his icy heart.",https://s4.anilist.co/file/anilistcdn/media/anime/cover/large/bx11703-PDxEAtWBd1mF.jpg,https://s4.anilist.co/file/anilistcdn/media/anime/banner/11703-9WItP5MNS5CP.jpg,3.1,,,,,,,,,,,,,,,Action;Comedy;Supernatural,Kinema Citrus,,,,,,,,,,,,
Dimension W,ディメンション ダブリュー,TVA,2016,12,COMPLETED,Studio 3Hz,"In the year 2071, the world's energy problems seem solved by a network of cross-dimensional electric-field inductors- ""coils"" -that extract energy from a seemingly infinite source. That source is the W dimension, a fourth plane that exists beyond the X, Y, and Z dimensions.



In this world, unofficial ""illegal"" coils harness powers that the police can't hope to counter. Dealing with these coils is the job of coil-hating repo man Kyoma, whose run-in with the unique coil android Mira leads the two to form a reluctant partnership.



(Source: FUNimation)",https://s4.anilist.co/file/anilistcdn/media/anime/cover/large/bx21256-ErFGk90Kr5Ab.jpg,https://s4.anilist.co/file/anilistcdn/media/anime/banner/21256-WcNAvVlal0aX.png,3.4,,,,,,,,,,,,,,,Action;Sci-Fi,Studio 3Hz,,,,,,,,,,,,
WATATEN!: an Angel Flew Down to Me,私に天使が舞い降りた！,TVA,2019,12,COMPLETED,Doga Kobo,"Miyako is a shy college student who is also an otaku. One day she happens to meet some angelic grade school kids! When Miyako sees her little sister's new friend Hana-chan, Miyako's heart won't stop racing! Miyako tries to get along with them but struggles... A sketch comedy all about trying to get along with the super cute girl is about to begin!



(Source: Crunchyroll)",https://s4.anilist.co/file/anilistcdn/media/anime/cover/large/bx102680-75Mgrnn65PAg.png,https://s4.anilist.co/file/anilistcdn/media/anime/banner/102680-9HjorTfUT9TV.jpg,3.5,,,,,,,,,,,,,,,Comedy;Slice of Life,Doga Kobo,,,,,,,,,,,,
Love of Kill,殺し愛,TVA,2022,12,COMPLETED,Platinum Vision,"Two assassins face off. The cool bounty hunter Chateau and the mysterious and powerful Ryang-ha. Chateau and Ryang-ha become enemies after this fight—at least, they should have, but for some reason Ryang-ha takes a liking to Chateau and begins following her around.



Little by little, Chateau develops a cooperative partnership with Ryang-ha, which gets her caught up in the struggle against the organizations hunting him down. Furthermore, that battle is related to her past as well. Two mismatched assassins weave together a twisted ""Assassin X Assassin"" thriller. The strange gears of fate begin to move.



(Source: Crunchyroll)



Note: The first episode had an early premiere at AnimeNYC 2021.",https://s4.anilist.co/file/anilistcdn/media/anime/cover/large/bx127050-kJ3pIbJzLDYT.png,https://s4.anilist.co/file/anilistcdn/media/anime/banner/127050-pDk8hohEt6bd.jpg,3.4,,,,,,,,,,,,,,,Action;Psychological;Romance,Platinum Vision,,,,,,,,,,,,
Golden Kamuy Season 2,ゴールデンカムイ 第二期,TVA,2018,12,COMPLETED,Geno Studio,"The high-stakes search for gold continues in the harsh wilderness of Hokkaido! More and more people seek the treasure map, and the race to find its living pieces is brutal as all get-out. War veteran Sugimoto and his guide to the wilds, Asirpa, are hot on the trail, and as long as they stick together through thick and thin—chitatap and miso—they’ve got a shot at finding that gold.",https://s4.anilist.co/file/anilistcdn/media/anime/cover/large/nx102977-gUejfwQWpnzX.png,https://s4.anilist.co/file/anilistcdn/media/anime/banner/102977-kqlenTvimAZj.jpg,4.0,,,,,,,,,,,,,,,Action;Adventure;Comedy,Geno Studio,,,,,,,,,,,,
Planetes,プラネテス,TVA,2003,26,COMPLETED,Sunrise,"In the year 2075, mankind has reached a point where journeying between Earth, the moon and the space stations is part of daily life. However, the progression of technology in space has also resulted in the problem of the space debris, which can cause excessive and even catastrophic damage to spacecrafts and equipment. This is the story of Technora's Debris Collecting section, its EVA worker, Hachirota ""Hachimaki"" Hoshino, and the newcomer to the group, Ai Tanabe.



(Source: Anime News Network)",https://s4.anilist.co/file/anilistcdn/media/anime/cover/large/bx329-4xwXdazRA7Ph.png,https://s4.anilist.co/file/anilistcdn/media/anime/banner/329-BwJy0rauT2k4.jpg,4.0,,,,,,,,,,,,,,,Drama;Romance;Sci-Fi;Slice of Life,Sunrise,,,,,,,,,,,,
2.5 Dimensional Seduction,2.5次元の誘惑,TVA,2024,24,COMPLETED,J.C.STAFF,"“I have no interest in real girls!” 



So claims Okumura, the president of the school’s manga club. He’s your typical otaku, obsessed with a sexy (fictional) 2D manga character known as Lilliel. Then the new school year starts, and a (real!) 3D girl named Lilysa whose passion is cosplay joins the club. Lilysa convinces Okumura to become her photographer–and guess who her favorite manga character is? Not only that, but Lilysa is into modeling the fetishy stuff! The boundaries between 2D and 3D start to blur as this hot-blooded romantic comedy unfolds.



(Source: Seven Seas Entertainment)",https://s4.anilist.co/file/anilistcdn/media/anime/cover/large/bx158559-yCnnnedsSCie.jpg,https://s4.anilist.co/file/anilistcdn/media/anime/banner/158559-plsSIyvRIiOc.jpg,3.6,,,,,,,,,,,,,,,Comedy;Ecchi;Romance;Slice of Life,J.C.STAFF,,,,,,,,,,,,
KOWLOON GENERIC ROMANCE,九龍ジェネリックロマンス,TVA,2025,13,COMPLETED,Arvo Animation,"Welcome to Kowloon Walled City: a dystopian townscape where the people are brimming with nostalgia, and where the past, present, and future converge. Amid the hidden emotions and extraordinary daily lives of the men and women working in its confines, a tale of romance begins to unfold for real estate agent Reiko Kujirai—one that feels as familiar as Kowloon itself… 



(Source: Yen Press)",https://s4.anilist.co/file/anilistcdn/media/anime/cover/large/bx182814-UTKRUUm7Jah5.jpg,https://s4.anilist.co/file/anilistcdn/media/anime/banner/182814-EdVCOqd78Thb.jpg,3.6,,,,,,,,,,,,,,,Drama;Mystery;Romance;Sci-Fi;Slice of Life,Arvo Animation,,,,,,,,,,,,
Life With an Ordinary Guy Who Reincarnated Into a Total Fantasy Knockout,異世界美少女受肉おじさんと,TVA,2022,12,COMPLETED,OLM,"Childhood friends Tachibana Hinata and Jinguuji Tsukasa were living the everyday life of office workers. Then, on the way home from a mixer, they were sent flying into another world by a mysterious being. Once there, Jinguuji sees his best friend has been turned into a beautiful blonde-haired, blue-eyed girl...?!



The adorableness of Tachibana’s female form completely flummoxes Tachibana. But these two are each others’ best friends. To keep their relationship from being destroyed, they must defeat the Demon Lord as quickly as possible and return to their original forms.



(Source: Crunchyroll)",https://s4.anilist.co/file/anilistcdn/media/anime/cover/large/bx134252-6pwG0YdI20aQ.jpg,https://s4.anilist.co/file/anilistcdn/media/anime/banner/134252-26WirUhhw2Ch.jpg,3.5,,,,,,,,,,,,,,,Adventure;Comedy;Fantasy;Romance,OLM,,,,,,,,,,,,
Ranma1/2 (2024),らんま1/2 (2024),TVA,2024,12,COMPLETED,MAPPA,"A new anime adaptation of Rumiko Takahashi's Ranma 1/2.



Ranma Saotome and Akane Tendou of Tendou Dojo are betrothed to each other by their parents. But Ranma faces a unique problem…



Ever since he fell into the cursed springs of Jusenkyo while training in China, his body has acquired the peculiar trait of transforming into a girl when doused with cold water and reverting to a boy with hot water.



Get ready for the slapstick, action-packed rom com featuring Ranma, Akane, and a vibrant cast of unique characters!


(Source: Ranma 1/2 PR Official Site, edited)",https://s4.anilist.co/file/anilistcdn/media/anime/cover/large/bx178533-b88OLxm50jcH.jpg,https://s4.anilist.co/file/anilistcdn/media/anime/banner/178533-LrfKdOUWOLyS.jpg,4.0,,,,,,,,,,,,,,,Action;Comedy;Ecchi;Romance;Slice of Life,MAPPA,,,,,,,,,,,,
Princess Jellyfish,海月姫,TVA,2010,11,COMPLETED,Brain's Base,"Plain, timid and obsessed with jellyfish, Tsukimi is a far cry from her idea of a princess. Her tepid life as a jobless illustrator comes complete with roommates who harbor diehard hobbies that solidify their status as hopeless social rejects. These wallflowers run a tight, nun-like ship, but their no-men-allowed-not-no-one-not-no-how bubble is unwittingly burst after Tsukimi brings home a rescued sea jelly and a beauty queen... who's actually a guy.



When the threat of losing their cozy convent inspires this glamour boy to turn the neurotic entourage into a portrait of success, will Tsukimi take her chance to bloom, or will she end up a hot mess?



(Source: Funimation)",https://s4.anilist.co/file/anilistcdn/media/anime/cover/large/bx8129-VasAsXbiixR1.jpg,https://s4.anilist.co/file/anilistcdn/media/anime/banner/8129-05MS7XxhADKM.jpg,3.9,,,,,,,,,,,,,,,Comedy;Romance;Slice of Life,Brain's Base,,,,,,,,,,,,
Bakuman. 2,バクマン。2,TVA,2011,25,COMPLETED,J.C.STAFF,"After the decision to serialize Moritaka and Akito has been made, they are introduced to Miura, their new manager. At first, the two thought it was a joke, but Hattori gives them a pep talk before leaving. While Miura doesn't seem like a bad person, he is given to rudeness and seems to be worried about the duo's future. In addition, the duo are given three assistants to work on their manuscript, and with the assistance of Ogawa, an experienced assistant, their work progresses well. 


At the start of the new year, Moritaka and Akito both attend Shonen Jack's New Year Party. There, they meet Hiramaru Kazuya, said to be a genius of a whole different level from Eiji.",https://s4.anilist.co/file/anilistcdn/media/anime/cover/large/bx10030-EsnaZOM25Jcc.png,https://s4.anilist.co/file/anilistcdn/media/anime/banner/10030-QiRMSckmsboa.jpg,4.0,,,,,,,,,,,,,,,Comedy;Drama;Romance;Slice of Life,J.C.STAFF,,,,,,,,,,,,
Grand Blue Dreaming Season 2,ぐらんぶる Season 2,TVA,2025,12,COMPLETED,Zero-G,"The second season of Grand Blue.



University is back in session for Iori, and so are the booze-fueled parties! Between diving club shenanigans, a surprise from his sister, and wild tests of courage, normal college life is anything but. Dive back into the madness with Iori and his beloved crew of lively splash artists.



(Source: Crunchyroll)",https://s4.anilist.co/file/anilistcdn/media/anime/cover/large/bx182309-IfrR8sgHIczv.jpg,https://s4.anilist.co/file/anilistcdn/media/anime/banner/182309-kvcHexJjshIV.jpg,4.2,,,,,,,,,,,,,,,Comedy;Slice of Life;Sports,Zero-G,,,,,,,,,,,,
The Qwaser of Stigmata,聖痕のクェイサー,TVA,2010,24,COMPLETED,Hoods Entertainment,"When Mafuyu Oribe and her adopted sister Tomo rescue a strange wounded man, they have no idea what they're getting involved with or what the consequences will be. Alexander Nikolaevith Hell is an Iron Qwaser, one of many opposing factions of super-warriors who can each draw upon the power of an element and wield it as an almost unstoppable array of weapons. And unfortunately for Mafuyu, Alexander's faction is there to gather the mystical relics known collectively as the High Circuit, which puts her friends, family and school at ground zero in a battle for the fate of all mankind! But there's an even more disturbing twist, as Qwasers require a special liquid diet to manifest their powers, one provided by the women who serve as a Qwaser's partner. And THAT means that the nursing Mafuyu's already given Alexander isn't the only kind of nursing he needs! 


(Source: Sentai Filmworks)",https://s4.anilist.co/file/anilistcdn/media/anime/cover/large/bx6500-RQxUgnApAqqn.png,https://s4.anilist.co/file/anilistcdn/media/anime/banner/6500.jpg,2.8,,,,,,,,,,,,,,,Action;Ecchi;Supernatural,Hoods Entertainment,,,,,,,,,,,,
AJIN: Demi-Human 2,亜人 2,TVA,2016,13,COMPLETED,POLYGON PICTURES,"The second season of Ajin.



Kei’s done running, but his decision to fight comes just as Satou launches a second wave of terror. Angered by the government’s refusal to admit the truth about live experiments conducted on captive Ajin, the Ajin terrorist makes a kill list of key individuals connected to Ajin research. He then vows to assassinate them one by one if his demands aren’t met. Now, Kei must learn to control his IBM and recruit other Ajins to his side if he wishes to stop the immortal madman.



(Source: Sentai Filmworks)",https://s4.anilist.co/file/anilistcdn/media/anime/cover/large/bx21799-0WB0vWJJ7mFX.jpg,https://s4.anilist.co/file/anilistcdn/media/anime/banner/21799-asmkGM9T92R8.jpg,3.6,,,,,,,,,,,,,,,Action;Horror;Mystery;Supernatural,POLYGON PICTURES,,,,,,,,,,,,
My Bride is a Mermaid,瀬戸の花嫁,TVA,2007,26,COMPLETED,GONZO,"Michishio Nagasumi's life couldn't be any more normal. In an odd twist of events, during his summer vacation he ends up almost drowning in the sea. Luckily, the cute mermaid Seto San appears to save him. However, San is from a yakuza mermaid family and according to their law, if a human is to catch sight of a mermaid, either he or the mermaid must die. The only other way is for Nagasumi to be taken in as a family member, marrying San. In attempts to save both of their lives, Nagasumi asks for San's hand in marriage. Nagasumi's summer vacation reaped more then what he would expect, as he must now protect San from others finding her secret out.",https://s4.anilist.co/file/anilistcdn/media/anime/cover/large/bx2104-8nyExxxIKd3P.jpg,https://s4.anilist.co/file/anilistcdn/media/anime/banner/2104-kAmCZ6O27DoA.jpg,3.6,,,,,,,,,,,,,,,Comedy;Romance,GONZO,,,,,,,,,,,,
Gantz,GANTZ,TVA,2004,13,COMPLETED,GONZO,"Thought your life was bad? Sometimes, death is worse. There is no salvation, peace, nor god waiting to receive you into their care. But wait, a god? Maybe you are talking about that big black ball stuck in the room with you. Now you are thrown into a game, fighting green aliens and robot monsters for the chance to survive.


When Kei Kurono is killed, he thus finds himself caught in such a game; a test of his skills, morals and will to survive. His life is not his own, his death spat and trampled upon over and over again. What happens if he does not listen? God knows.


A word of warning: Gantz is not for the faint-hearted, but neither is it as simple as it looks. Gore, rape and violence is rampant, as are portrayals of greed, violence, and all the ugliness that one sees in society today. 


[Written by MAL Rewrite]",https://s4.anilist.co/file/anilistcdn/media/anime/cover/large/bx384-5vHimZPju1Wr.jpg,https://s4.anilist.co/file/anilistcdn/media/anime/banner/384-cPVc0l550dsW.jpg,3.2,,,,,,,,,,,,,,,Action;Drama;Ecchi;Horror;Psychological;Sci-Fi;Supernatural,GONZO,,,,,,,,,,,,
The Idaten Deities Know Only Peace,平穏世代の韋駄天達,TVA,2021,11,COMPLETED,MAPPA,"It has been 800 years since the incredibly fast and powerful gods of battle known as the Idaten had sealed away the demons after an intense battle. Now, that battle is just considered a myth or a fairytale. While the current generation of Idaten who have never even had to fight are enjoying their peaceful lives, someone awakened the demons once again! Armed forces, ingenuity. politics, and intrigue. If you've got it, use everything you can! This three-way battle royale with no rules and no limits is about to begin!!



(Source: Crunchyroll)",https://s4.anilist.co/file/anilistcdn/media/anime/cover/large/bx122434-HmMGLaGk2v4j.jpg,https://s4.anilist.co/file/anilistcdn/media/anime/banner/122434-kr1Kd7jvfSF5.jpg,3.7,,,,,,,,,,,,,,,Action;Adventure;Fantasy,MAPPA,,,,,,,,,,,,
Paradise Kiss,パラダイス・キス,TVA,2005,12,COMPLETED,MADHOUSE,"Hayasaka Yukari is a typical high-school student who listens to her parents and attends school every day. As she starts to question her way of life, she encounters a group of fashion design students who have a clothing label known as ""Paradise Kiss."" The group needs to find a model to showcase their designs in an up-coming fashion show and decides to pick Yukari. Initially reluctant to be associated with this seemingly eccentric group, she eventually realizes they are really nice people. Furthermore, their passion and enthusiasm to follow their ideals make Yukari realize she has not been enjoying her life and thus motivates her to pursue her own dreams. The story follows Yukari as she gets involved in the group and eventually falls in love with the leader, George.",https://s4.anilist.co/file/anilistcdn/media/anime/cover/large/bx322-4OvRw6V7JTiK.png,https://s4.anilist.co/file/anilistcdn/media/anime/banner/322-tkZyVRGr7FGN.jpg,3.9,,,,,,,,,,,,,,,Comedy;Drama;Romance;Slice of Life,MADHOUSE,,,,,,,,,,,,
The Ancient Magus' Bride Season 2,魔法使いの嫁 SEASON2,TVA,2023,12,COMPLETED,Studio Kafka,"The second season of Mahoutsukai no Yome. 


Chise was able to accept Elias and herself, if not necessarily everything about her situation. After Cartaphilus fell back into a slumber that would not last forever, Chise was able to go back to her regular life. Then she receives an invitation from a mutual aid organization for mages called the College. Under the British Library exists a secret society of mages. Encounters and interactions with people are about to open some new doors. This is a story about saving yourself to save another. 


(Source: Crunchyroll) 



Note: Episode 1 of season two premiered in a preview screening event together with ""Fuyu no Okorimono"" at Tachikawa Cinema City's Cinema Two in Tokyo on March 11, 2023.",https://s4.anilist.co/file/anilistcdn/media/anime/cover/large/bx154364-vz0w1E1mnqhG.png,https://s4.anilist.co/file/anilistcdn/media/anime/banner/154364-CZpzzUnEgL1m.jpg,3.9,,,,,,,,,,,,,,,Drama;Fantasy;Romance;Slice of Life;Supernatural,Studio Kafka,,,,,,,,,,,,
S.A: Special A,スペシャル・エー,TVA,2008,24,COMPLETED,GONZO,"Hikari Hanazono has always been second to Kei Takishima. When they were six years old, their pro-wrestling loving fathers introduced them to each other. Assuming that she was the best in wrestling, young Hikari challenged Kei to a wrestling match only to be thoroughly defeated by him. 


Ever since that fateful incident, Hikari swore to beat Kei in school grades, sporting events - anything. To do this, she has enrolled in the same school as Kei since elementary. Now she attends Hakusenkan, an ultra elite school, that costs her carpenter father a lot of money. 


Hikari and Kei are the top two students in the school, with Kei holding firmly to that number one position. While Hikari considers Kei to be a rival and important friend, she is completely unaware that Kei loves her. The story primarily focuses on Hikari and her constant attempts to defeat her one and only rival, Kei, and how she finds love in their rivalry.",https://s4.anilist.co/file/anilistcdn/media/anime/cover/large/nx3470-L3BUDBujYi7G.jpg,https://s4.anilist.co/file/anilistcdn/media/anime/banner/3470.jpg,3.5,,,,,,,,,,,,,,,Comedy;Drama;Romance;Slice of Life,GONZO,,,,,,,,,,,,
Riddle Story of Devil,悪魔のリドル,TVA,2014,12,COMPLETED,diomedéa,"The story is set at Myoujou Academy, a private girls' boarding school. The 10th year's Kurogumi class has 12 assassins with their sights on one target, Haru Ichinose. Tokaku Azuma is a recent transfer student who is also targeting Ichinose, but she gradually develops feelings for Ichinose.



(Source: Anime News Network)",https://s4.anilist.co/file/anilistcdn/media/anime/cover/large/bx19429-DqVIQgPV0STD.jpg,https://s4.anilist.co/file/anilistcdn/media/anime/banner/19429-DYDMCJI1HklJ.jpg,3.2,,,,,,,,,,,,,,,Action;Drama,diomedéa,,,,,,,,,,,,
Blue Exorcist -Shimane Illuminati Saga-,青の祓魔師 島根啓明結社篇,TVA,2024,12,COMPLETED,Studio VOLN,"New TV anime series of Ao no Exorcist.



At True Cross Academy, Rin Okumura unknowingly comes across the first signs that something is amiss; ordinary people have been gaining the ability to perceive the invisible creatures that roam the human realm, Assiah. While Rin sees this as an opportunity to make a new friend, his twin brother, Yukio, is more burdened than ever. Swamped with his education, exorcist duties, and teaching position, Yukio has remained silent about his awakened powers, unable to understand their scale or significance.


While Rin and his friends prepare for the annual Exorcist Certification Exam, the True Cross Order has uncovered the first artificial gate to the demonic realm of Gehenna. Witnessing its size and the advanced technology that made it possible, the exorcists realize they are now dealing with the Illuminati, an extremely wealthy and powerful organization. Moreover, the inscrutable Illuminati have planted three spies in the True Cross Order—and one may be hiding among the aspiring exorcists sworn to protect mankind from the demonic threat.



(Source: MAL Rewrite)",https://s4.anilist.co/file/anilistcdn/media/anime/cover/large/bx158931-QAQMtWKunvy3.jpg,https://s4.anilist.co/file/anilistcdn/media/anime/banner/158931-3cXdwPkUplE8.jpg,3.5,,,,,,,,,,,,,,,Action;Fantasy;Supernatural,Studio VOLN,,,,,,,,,,,,
Peach Boy Riverside,ピーチボーイリバーサイド,TVA,2021,12,COMPLETED,Asahi Production,"Saltherine Aldarake, princess of the Kingdom of Aldarake, dreams of traveling the world—a dangerous dream in a land where monsters roam the countryside as they please, and humans live behind high, strong walls. But when a chance meeting with traveler Mikoto gives hope to her dream, he shatters it soon after, as he reveals himself to be none other than Momotaro, ruthless demon-slayer. Though horrified by the gore Momotaro leaves behind, Saltherine is convinced more than ever that she needs to learn about the world beyond her walls, and journeys out...following the steps of the mysterious, charismatic, terrifying boy she met that day...



(Source: Kodansha USA)",https://s4.anilist.co/file/anilistcdn/media/anime/cover/large/bx122441-5qlQC5Ka8k9W.png,https://s4.anilist.co/file/anilistcdn/media/anime/banner/122441-nKGOnvqkpAxm.jpg,3.0,,,,,,,,,,,,,,,Adventure;Fantasy,Asahi Production,,,,,,,,,,,,
When Will Ayumu Make His Move?,それでも歩は寄せてくる,TVA,2022,12,COMPLETED,SILVER LINK.,"Ayumu Tanaka just fell in love at first sight with Urushi Yaotome, the head of the illegitimate Shogi Club, and joined the Shogi Club! But Ayumu has vowed not to confess his feelings until he can best Urushi, and he has a long way to go before he can stand up to her strategic brilliance. As Ayumu strives to beat his crush and confess, love becomes a battlefield both on and off the shogi board while audiences wonder, “When will Ayumu make his move!?” 


(Source: Sentai Filmworks)",https://s4.anilist.co/file/anilistcdn/media/anime/cover/large/bx128223-TOQovu2MXr8k.jpg,https://s4.anilist.co/file/anilistcdn/media/anime/banner/128223-8lbPZo25hVhf.jpg,3.5,,,,,,,,,,,,,,,Comedy;Romance;Slice of Life,SILVER LINK.,,,,,,,,,,,,
Medaka Box,めだかボックス,TVA,2012,12,COMPLETED,Gainax,"When newly elected Student Council President Medaka Kurokami institutes her idea for a suggestion box where people can submit problems that need to be solved, she's expecting things like rescuing lost puppies and giving advice. What she and her best friend Zenkichi find instead, however, are the first hints of an unbelievable secret, and their school, Hakoniwa Academy, and Medaka herself are somehow at the very center of the growing maelstrom! As what seemed like an innocent past time turns into a dangerous game, Medaka and her recruits to the Student Council discover new depths to both themselves and their own unexpected abilities. And then things get really out of control! 


(Source: Sentai Filmworks)",https://s4.anilist.co/file/anilistcdn/media/anime/cover/large/bx11761-7YQ8cqZp65qy.jpg,https://s4.anilist.co/file/anilistcdn/media/anime/banner/11761-JgxoG3ybbDVy.jpg,3.4,,,,,,,,,,,,,,,Action;Comedy,Gainax,,,,,,,,,,,,
No Guns Life,ノー・ガンズ・ライフ,TVA,2019,12,COMPLETED,MADHOUSE,"After the war, there are many ""Extends"" in the city, people whose bodies were modified to make them into dangerous weapons. Inui Juuzou is one of them, and he has no memories of his life and body before his head was transformed into a gun. Strangely enough, his head-gun is designed so that only someone behind him can pull the trigger. Juuzou makes a living by taking on cases involving Extends in the city, and he is assisted by Mary, an intelligent young woman that he has taken under his protection.",https://s4.anilist.co/file/anilistcdn/media/anime/cover/large/bx108478-yHMnmQCtHSDb.jpg,https://s4.anilist.co/file/anilistcdn/media/anime/banner/108478-1maWWL3g3vzO.jpg,3.3,,,,,,,,,,,,,,,Action;Drama;Sci-Fi,MADHOUSE,,,,,,,,,,,,
Hajime no Ippo: The Fighting! New Challenger,はじめの一歩 New Challenger,TVA,2009,26,COMPLETED,MADHOUSE,"Ippo Makunouchi continues his boxing career and his goal on knowing the meaning of being strong, and the desire on fighting his idol Ichiro Miyata once again. Along him are pro boxers Takamura, Aoki and Kimura that each one of them aspire to their own dreams.



(Source: Anime News Network)",https://s4.anilist.co/file/anilistcdn/media/anime/cover/large/bx5258-Qn6GBiSY57iT.jpg,https://s4.anilist.co/file/anilistcdn/media/anime/banner/5258-sVUejsZEekdD.jpg,4.2,,,,,,,,,,,,,,,Comedy;Drama;Sports,MADHOUSE,,,,,,,,,,,,
Gintama.: Silver Soul Arc,銀魂. 銀ノ魂篇,TVA,2018,12,COMPLETED,Bandai Namco Pictures,"Utsuro's ultimate plan is revealed: spark a universal war that will ultimately lead to the destruction of Earth, allowing him to finally die but taking the universe down with him. Gintoki and others must team up with old allies and former enemies to not only defeat him but also the victims of the immortal's plans, a gathering army of vengeful Amanto who may no longer listen to reason.",https://s4.anilist.co/file/anilistcdn/media/anime/cover/large/bx100784-7fWdiduBFr95.jpg,https://s4.anilist.co/file/anilistcdn/media/anime/banner/100784-jDLVx9EAO0HF.jpg,4.3,,,,,,,,,,,,,,,Action;Comedy;Drama;Sci-Fi,Bandai Namco Pictures,,,,,,,,,,,,
Ahiru no Sora,あひるの空,TVA,2019,50,COMPLETED,diomedéa,"He may be short in stature, but Sora Kurumatani can soar and score on the basketball court! With a passion for the sport he inherited from his mother, Sora vows to her that he’ll take top prize at a high school basketball tournament… but there’s one problem. His new school’s basketball club has turned into a hangout for delinquents! Will Sora’s sheer tenacity and amazing three-point shooting change their minds and get the club up and running again?



(Source: Sentai Filmworks)",https://s4.anilist.co/file/anilistcdn/media/anime/cover/large/bx101239-iGhniUbzVgpn.jpg,https://s4.anilist.co/file/anilistcdn/media/anime/banner/101239-3xMk1BuT06HX.jpg,3.5,,,,,,,,,,,,,,,Drama;Sports,diomedéa,,,,,,,,,,,,
Joshiraku,じょしらく,TVA,2012,13,COMPLETED,J.C.STAFF,"Marii, Kigurumi, Tetora, Gankyou, and Kukuru deserve a round of applause for keeping the art of Rakugo alive! What’s their secret? Witty, absurd banter of course! These five friends always have something to talk about, no matter how silly the topic.



(Source: VRV)",https://s4.anilist.co/file/anilistcdn/media/anime/cover/large/bx12679-b7caRVFG2qkk.png,https://s4.anilist.co/file/anilistcdn/media/anime/banner/12679-cXrmdF0XMJC9.jpg,3.6,,,,,,,,,,,,,,,Comedy;Slice of Life,J.C.STAFF,,,,,,,,,,,,
Rurouni Kenshin (2023),るろうに剣心 －明治剣客浪漫譚－(2023),TVA,2023,24,COMPLETED,LIDENFILMS,"Re-adaptation of the main manga series.



One hundred and forty years ago in Kyoto, with the coming of the American ""Black Ships,"" there arose a warrior who, felling men with his bloodstained blade, gained the name Hitokiri, manslayer! His killer blade helped close the turbulent Bakumatsu era and slashed open the progressive age known as Meiji. Then he vanished, and with the flow of years, became legend.



(Source: VIZ Media)",https://s4.anilist.co/file/anilistcdn/media/anime/cover/large/bx142877-FrXXLsgXYQAp.jpg,https://s4.anilist.co/file/anilistcdn/media/anime/banner/142877-iMtNuzJHmkd2.jpg,3.7,,,,,,,,,,,,,,,Action;Drama;Romance,LIDENFILMS,,,,,,,,,,,,
Shaman King,シャーマンキング,TVA,2001,64,COMPLETED,Xebec,"Shamans possess mysterious powers that allow them to commune with gods, spirits, and even the dead…and Manta Oyamada's about to learn all about them, because his class just welcomed a new transfer student: Yoh Asakura, a boy from way off in Izumo…and a shaman in training!



(Source: Kodansha USA)",https://s4.anilist.co/file/anilistcdn/media/anime/cover/large/bx154-hSYv4EtcBE1p.png,https://s4.anilist.co/file/anilistcdn/media/anime/banner/154-3rztL7uTSDqM.jpg,3.7,,,,,,,,,,,,,,,Action;Adventure;Comedy;Drama;Supernatural,Xebec,,,,,,,,,,,,
Honey Lemon Soda,ハニーレモンソーダ,TVA,2025,12,COMPLETED,J.C.STAFF,"In middle school, Uka Ishimori was nicknamed “Stone.”



In order to change herself, she enrolled in Hachimitsu High School, known for its culture of student liberty. Seated in at the desk next to her in the same class is Kai Miura, a coolly freewheeling boy with lemon-colored hair. In truth, Uka met Kai once in middle school, and decided to attend Hachimitsu based on a single word he said to her.To Uka, the popular Kai is a distant presence.



Yet somehow, Kai starts to look after Uka. With Kai encouraging her, Uka gradually begins to fit in with her classmates…



But...Uka’s world is gradually changing with Kai’s presence. —



Now, I am in the center of the endlessly spreading light.



(Source: Crunchyroll)",https://s4.anilist.co/file/anilistcdn/media/anime/cover/large/bx175443-QpmlCJt47Rp9.jpg,https://s4.anilist.co/file/anilistcdn/media/anime/banner/175443-g0uKvQh9uFe1.jpg,3.5,,,,,,,,,,,,,,,Romance,J.C.STAFF,,,,,,,,,,,,
Initial D 2nd Stage,頭文字[イニシャル]D SECOND STAGE,TVA,1999,13,COMPLETED,Pastel,"Following his victory over RedSuns leader Ryosuke Takahashi, AE86 driver Takumi Fujiwara is challenged by the Lancer EVO-based ""Emperor,"" a group known for taking decals of racing teams they defeat, cutting them up and placing them on their cars like a fighter plane kill board. Takumi's undefeated streak is on the line as his AE86 is virtually no match against the more powerful and more agile four-wheel-drive EVOs of the Emperor team. 


(Source: Anime News Network)",https://s4.anilist.co/file/anilistcdn/media/anime/cover/medium/b186-eygBSoYwLCYt.jpg,https://s4.anilist.co/file/anilistcdn/media/anime/banner/n186-R2K9rwXRPhi9.jpg,4.0,,,,,,,,,,,,,,,Action;Drama;Sports,Pastel,,,,,,,,,,,,
School Rumble,スクールランブル,TVA,2004,26,COMPLETED,Studio Comet,"Tsukamoto Tenma is an ordinary 2nd year high school student who has fallen in love with one of her classmates, Karasuma Ooji. However, currently she is unable to confess her feelings to him. To make things worse, she found out that Karasuma is transferring to another school in a year. On the other hand, Tenma's other classmate, Harima Kenji (who is a delinquent) is also in love with Tenma. Not being able to confess his feelings, Harima gets depressed day by day.


(Source: Anime News Network)",https://s4.anilist.co/file/anilistcdn/media/anime/cover/large/bx24-FY8Y08LrROKE.png,https://s4.anilist.co/file/anilistcdn/media/anime/banner/24-THD6AYmlVPIb.jpg,3.8,,,,,,,,,,,,,,,Comedy;Romance;Slice of Life,Studio Comet,,,,,,,,,,,,
To Love Ru Darkness 2,To LOVEる -とらぶる- ダークネス2nd,TVA,2015,12,COMPLETED,Xebec,The second season of To Love-Ru Darkness.,https://s4.anilist.co/file/anilistcdn/media/anime/cover/large/bx20995-IQsfCe4Zy2aj.jpg,https://s4.anilist.co/file/anilistcdn/media/anime/banner/20995-V2HYjLqxqWHx.png,3.5,,,,,,,,,,,,,,,Comedy;Ecchi;Romance;Sci-Fi,Xebec,,,,,,,,,,,,
Nodame Cantabile,のだめカンタービレ,TVA,2007,23,COMPLETED,J.C.STAFF,"Shinichi Chiaki is a first class musician whose dream is to play among the elites in Europe. Coming from a distinguished family, he is an infamous perfectionist; not only is he highly critical of himself, but of others as well. The only thing stopping Chiaki from leaving for Europe is his fear of flying. As a result, he's grounded in Japan.


During his 4th year at Japan's top music university, Chiaki happens to meet Noda Megumi; or as she refers to herself, Nodame. On the surface, she seems to be an unkempt girl with no direction in life. However, when Chiaki hears Nodame play the piano for the first time, he is in awe at the kind of music she plays. To Chiaki's dismay, Nodame moves into the apartment next to his and finds out that she is head over heels in love with him.


Nodame Cantabile tells the story of Chiaki and Nodame, as they not only learn to deal with each other, but learn lessons from one another as they strive for the top of the musical world.


[Written by MAL Rewrite]",https://s4.anilist.co/file/anilistcdn/media/anime/cover/large/nx1698-VhVaiOLkcGCp.jpg,https://s4.anilist.co/file/anilistcdn/media/anime/banner/n1698-YhbmezYfngCk.jpg,4.0,,,,,,,,,,,,,,,Comedy;Drama;Music;Romance;Slice of Life,J.C.STAFF,,,,,,,,,,,,
Hajime No Ippo: The Fighting! - Rising -,はじめの一歩 Rising,TVA,2013,25,COMPLETED,MADHOUSE,"Ippo continues to defend his Japanese Featherweight title from an ever stronger pool of challengers. Meanwhile, Takamura challenges for his second WBC title in the middleweight class, and Aoki challenges for the Japanese Lightweight title.",https://s4.anilist.co/file/anilistcdn/media/anime/cover/large/bx19647-cIy7ShTL6e9h.jpg,https://s4.anilist.co/file/anilistcdn/media/anime/banner/19647-yJfiQb4GchCg.jpg,4.2,,,,,,,,,,,,,,,Comedy;Drama;Sports,MADHOUSE,,,,,,,,,,,,
Bakuman. 3,バクマン。3,TVA,2012,25,COMPLETED,J.C.STAFF,"Moritaka Mashiro and Akito Takagi have come a long way since they started making manga in middle school, but trials still await them as they head towards their goal of getting an anime adaptation for one of their manga. As they continue to grow as artists and as people, they will be faced with new friends, new rivals, and new hurdles to overcome.


(Source: Anime News Network)",https://s4.anilist.co/file/anilistcdn/media/anime/cover/large/bx12365-G5nFzWm2mIwz.png,https://s4.anilist.co/file/anilistcdn/media/anime/banner/12365-icejvUdmnD8D.jpg,4.2,,,,,,,,,,,,,,,Comedy;Drama;Romance;Slice of Life,J.C.STAFF,,,,,,,,,,,,
Clean Freak! Aoyama kun,潔癖男子! 青山くん,TVA,2017,12,COMPLETED,Studio Hibari,"Aoyama, the handsome young soccer genius that's a representative of Japan. His play style is ""cleanliness."" He doesn't tackle and doesn't head the ball. If he's doing a throw-in, he'll only do it if he's wearing gloves.



(Source: Anime News Network, edited)",https://s4.anilist.co/file/anilistcdn/media/anime/cover/large/nx98205-C94S2Cqj4lL2.jpg,https://s4.anilist.co/file/anilistcdn/media/anime/banner/98205-mvb46YOkikOB.jpg,3.4,,,,,,,,,,,,,,,Comedy;Sports,Studio Hibari,,,,,,,,,,,,
UQ Holder!,UQ Holder! ～魔法先生ネギま!2～,TVA,2017,12,COMPLETED,J.C.STAFF,"In the decade since the world became aware of the existence of magic, the world has undergone massive upheaval. However, a boy named Touta lives in seclusion in a rural town far removed from these changes. His ordinary life is highlighted by his magic-using female teacher and his supportive friends. When his tranquil daily life is disrupted, he embarks on a unique adventure.



(Source: Anime News Network)",https://s4.anilist.co/file/anilistcdn/media/anime/cover/large/nx21855-4Dpxr8GQ4BKy.jpg,,3.3,,,,,,,,,,,,,,,Action;Fantasy;Sci-Fi,J.C.STAFF,,,,,,,,,,,,
Air Gear,エア・ギア,TVA,2006,25,COMPLETED,Toei Animation,"Minami Itsuki never thought about seriously riding Air Treck motorized roller blades, until he got his butt handed to him by a street gang of Storm Riders. That day, he discovered in a locked up room, a pair of AT's and a box of stickers belonging to the Sleeping Forest street gang. One thing leads to another, and Ikki dons the wheels and begins to ride. As his reputation builds in the AT street fighting/racing world, he begins to develop his own gang and participate in more fights, gaining more and more territory.",https://s4.anilist.co/file/anilistcdn/media/anime/cover/medium/b857-0pbF6kMJpUeL.png,https://s4.anilist.co/file/anilistcdn/media/anime/banner/857-1N95wHWuA5gk.jpg,3.5,,,,,,,,,,,,,,,Action;Comedy;Ecchi;Sports,Toei Animation,,,,,,,,,,,,
Flowers of Evil,惡の華,TVA,2013,13,COMPLETED,ZEXCS,"Kasuga Takao is a boy who loves reading books, particularly Baudelaire's Les Fleurs du Mal. A girl at his school, Saeki Nanako, is his muse and his Venus, and he admires her from a distance. One day, he forgets his copy of Les Fleurs du Mal in the classroom and runs back alone to pick it up. In the classroom, he finds not only his book, but Saeki's gym uniform. On a mad impulse, he steals it.


Now everyone knows ""some pervert"" stole Saeki's uniform, and Kasuga is dying with shame and guilt. Furthermore, the weird, creepy, and friendless girl of the class, Nakamura, saw him take the uniform. Instead of revealing it was him, she recognizes his kindred deviant spirit and uses her knowledge to take control of his life. Will it be possible for Kasuga to get closer to Saeki, despite Nakamura's meddling and his dark secret? What exactly does Nakamura intend to do with him?


(Source: MangaHelpers)",https://s4.anilist.co/file/anilistcdn/media/anime/cover/large/bx16201-rYR0GXDBve8Y.jpg,https://s4.anilist.co/file/anilistcdn/media/anime/banner/16201-64JGqbNltJhq.jpg,3.4,,,,,,,,,,,,,,,Drama;Psychological;Romance,ZEXCS,,,,,,,,,,,,
Honey and Clover,ハチミツとクローバー,TVA,2005,24,COMPLETED,J.C.STAFF,"Takemoto Yuuta, Mayama Takumi, and Morita Shinobu are college students who share the small apartment. Even though they live in poverty, the three of them are able to obtain pleasure through small things in life. The story follows these characters' life stories as poor college students, as well as their love lives when a short but talented 18 year old girl called Hanamoto Hagumi appears.



(Source: Anime News Network)",https://s4.anilist.co/file/anilistcdn/media/anime/cover/large/bx16-S9k8qahNXoYP.jpg,https://s4.anilist.co/file/anilistcdn/media/anime/banner/16-jmEaCBBN5WRS.jpg,3.8,,,,,,,,,,,,,,,Comedy;Drama;Romance;Slice of Life,J.C.STAFF,,,,,,,,,,,,
MUSHI-SHI The Next Passage 2,蟲師 続章 2,TVA,2014,10,COMPLETED,Artland,"Second season of Mushishi Zoku Shou.



Ghostly, primordial beings known as Mushi continue to cause mysterious changes in the lives of humans. The travelling Mushishi, Ginko, persists in trying to set right the strange and unsettling situations he encounters. Time loops, living shadows, and telepathy are among the overt effects of interference from Mushi, but more subtle symptoms that take years to be noticed also rouse Ginko's concern as he passes from village to village.",https://s4.anilist.co/file/anilistcdn/media/anime/cover/large/bx20751-O3XJ9u30y7Qj.png,https://s4.anilist.co/file/anilistcdn/media/anime/banner/n20751-ipj6JyHGCuol.jpg,4.3,,,,,,,,,,,,,,,Adventure;Fantasy;Mystery;Psychological;Slice of Life;Supernatural,Artland,,,,,,,,,,,,
Kingdom,キングダム,TVA,2012,38,COMPLETED,Studio Pierrot,"When low-born servant boys Piao and Xin set out to become the world’s greatest war generals, they quickly find themselves caught up in a violent struggle between two noblemen plotting to overthrow the King. After Piao is killed protecting the rightful ruler of the kingdom of Qin, Xin sets out on a campaign for revenge that leads him straight into the fire of war.



Now, with a target on his back and an army of enemies standing in his way, it will be up to a boy with no name and a young king without a throne to return order to their war-torn country in this historical action-drama based on the Tezuka Award-winning manga, Kingdom.



(Source: Funimation)



Note: The first episode aired with a runtime of 50 minutes as opposed to the standard 25 minute runtime.",https://s4.anilist.co/file/anilistcdn/media/anime/cover/large/bx12031-1nVQa5nXPt48.png,,3.7,,,,,,,,,,,,,,,Action;Drama,Studio Pierrot,,,,,,,,,,,,
My Roommate is a Cat,同居人はひざ、時々、頭のうえ。,TVA,2019,12,COMPLETED,Zero-G,"Mystery writer Mikazuki Subaru, who isn't good at dealing with people, finds them to be a disturbance when it comes to building his imaginary world. One day, he chances upon a stray cat and feels inspiration strike, so he brings the cat home as his muse.



Can watching the inexplicable behaviors of a cat form material for a novel?",https://s4.anilist.co/file/anilistcdn/media/anime/cover/large/nx103874-kAyuVMwwF5pp.jpg,https://s4.anilist.co/file/anilistcdn/media/anime/banner/n103874-cfY9dLq4DgHV.jpg,3.8,,,,,,,,,,,,,,,Comedy;Slice of Life,Zero-G,,,,,,,,,,,,
Yakuza Fiancé: Raise wa Tanin ga Ii,,,,,,,,,,,,,,,,,,,,,,,,,,,,,,,,,,,,,,
Seton Academy: Join the Pack!,群れなせ！シートン学園,TVA,2020,12,COMPLETED,Studio Gokumi,"Seton Academy, a school where animals of all species gather to live and learn together. A sacred garden of learning, where students hone their primal instincts and the laws are of the jungle. Where species pit against species in a daily struggle for survival... Now enter the animal-hating human Jin Mazama, and the lonely wolf Ranka Okami. When man meets wolf in an encounter for the ages, this food chain is about to be shook. “Species shmecies! If we’ve shared face-licks, you’re a friend to me! Welcome to the pack!”



(Source: Crunchyroll)",https://s4.anilist.co/file/anilistcdn/media/anime/cover/large/bx112293-UXFSGOfRbBe8.png,https://s4.anilist.co/file/anilistcdn/media/anime/banner/112293-dgnTgHiXyAIc.jpg,3.4,,,,,,,,,,,,,,,Comedy;Ecchi;Romance,Studio Gokumi,,,,,,,,,,,,
You are Ms. Servant,君は冥土様。,TVA,2024,12,COMPLETED,Felix Film,"This is the story of a maid who is all alone in the world, but who finally finds a family.



Told from young that her only worth is as a killer, Yuki had known nothing else except cold efficiency and following orders. Now that she has a chance to leave her past behind, she arrives at the doorstep of Hitoyoshi Yokoya, asking to be employed… as a maid?! Thus begins the journey of a former assassin learning what it means to be ‘normal’!



(Source: Shogakukan)",https://s4.anilist.co/file/anilistcdn/media/anime/cover/large/bx172190-i1IqizIUcKkN.jpg,https://s4.anilist.co/file/anilistcdn/media/anime/banner/172190-xtxZrIvVMauR.jpg,3.5,,,,,,,,,,,,,,,Comedy;Romance;Slice of Life,Felix Film,,,,,,,,,,,,
Kemono Michi: Rise Up,旗揚！けものみち,TVA,2019,12,COMPLETED,ENGI,"The story follows masked wrestler Genzou Shibata, who likes all kinds of animals and creatures. One day he is summoned to another world, where a princess asks him to help kill magical beasts, but he gets mad and puts her in a German suplex. Instead, he begins life as a pet shop owner in the other world.



(Source: Anime News Network)",https://s4.anilist.co/file/anilistcdn/media/anime/cover/large/bx107339-3mKBCMAUN896.png,https://s4.anilist.co/file/anilistcdn/media/anime/banner/107339-Ph3vd3csS9M6.jpg,3.2,,,,,,,,,,,,,,,Comedy;Fantasy;Slice of Life,ENGI,,,,,,,,,,,,
Ron Kamonohashi's Forbidden Deductions,鴨乃橋ロンの禁断推理,TVA,2023,13,COMPLETED,diomedéa,"Ron Kamonohashi was once regarded as a genius at the top detective training academy. But after a fatal mistake, he was expelled and forbidden to become a detective. Years later, police officer Totomaru Isshiki knocks on Ron’s door seeking help on a serial murder case. He finds Ron, now a messy-haired recluse, who agrees. Together, this mismatched detective team begins solving their first mystery!



(Source: Crunchyroll)",https://s4.anilist.co/file/anilistcdn/media/anime/cover/large/bx158926-u3Sb0d0jagoI.jpg,https://s4.anilist.co/file/anilistcdn/media/anime/banner/158926-6t6YLlgrFM2f.jpg,3.7,,,,,,,,,,,,,,,Drama;Mystery,diomedéa,,,,,,,,,,,,
Freezing,フリージング,TVA,2011,12,COMPLETED,A.C.G.T.,"Set in a slightly futuristic world where Earth has been invaded and is at war with aliens from another dimension called the Nova, the story follows the adventures of a Japanese boy named Kazuya Aoi who enrolls for training at a special school for genetically modified girls called Pandoras who battle the aliens, and their male partners, called Limiters, who use a special power called ""freezing"" to limit their opponent's mobility. The protagonist makes the acquaintance of an unusual older girl named Satellizer el Bridget who appears to be the most powerful Pandora in her class, but has not yet chosen a male partner to be her Limiter, and in spite of the warnings of all his friends, he decides to be her Limiter.


(Source: Wikipedia)",https://s4.anilist.co/file/anilistcdn/media/anime/cover/medium/9367.jpg,https://s4.anilist.co/file/anilistcdn/media/anime/banner/9367-AkSQiGvwA5eV.jpg,3.1,,,,,,,,,,,,,,,Action;Drama;Ecchi;Romance;Sci-Fi,A.C.G.T.,,,,,,,,,,,,
Chihayafuru 2,ちはやふる 2,TVA,2013,25,COMPLETED,MADHOUSE,"Now in their second year of high school, Chihaya and her friends share all the fun and worries that come with welcoming underclassmen to the team as they face tough rival schools. The passion of the Mizusawa Karuta Club burns hotter than ever, but with the same refreshing, youthful mood carrying over from the first season.


(Source: Crunchyroll)",https://s4.anilist.co/file/anilistcdn/media/anime/cover/large/bx14397-k2mzAGlUthAb.jpg,https://s4.anilist.co/file/anilistcdn/media/anime/banner/14397-pJUA9iF0p4JY.jpg,4.2,,,,,,,,,,,,,,,Drama;Romance;Slice of Life;Sports,MADHOUSE,,,,,,,,,,,,
The Foolish Angel Dances with the Devil,愚かな天使は悪魔と踊る,TVA,2024,12,COMPLETED,Children's Playground Entertainment,"Determined to protect his demon world from heavenly angels, demon Masatora Akutsu heads to earth in search of a charismatic human to rally his kin. Masquerading as a high schooler for his recruitment mission, he’s captivated by the lovely Lily Amane. But he’s in for a wild celestial surprise, because she’s his archnemesis—an angel—and she’s set on reforming his demonic ways!



(Source: Crunchyroll)",https://s4.anilist.co/file/anilistcdn/media/anime/cover/large/bx164244-cOP5eMVqVIew.jpg,https://s4.anilist.co/file/anilistcdn/media/anime/banner/164244-Xd5RWTHAZ6wI.jpg,3.4,,,,,,,,,,,,,,,Comedy;Romance;Supernatural,Children's Playground Entertainment,,,,,,,,,,,,
The Legendary Hero is Dead!,勇者が死んだ！,TVA,2023,12,COMPLETED,LIDENFILMS,"In a world of monsters and magic, Sion, the local hero, is on his way to save the world from demons. Well, that was the plan until he fell into a pit dug by a sleazy villager, Touka, and died! After hiding the accident, Touka goes to bed as usual but wakes up feeling…different. Somehow he’s in Sion’s body! Now, the fate of the world is in his hands. What could go wrong?



(Source: Crunchyroll)",https://s4.anilist.co/file/anilistcdn/media/anime/cover/large/bx148109-cwAINDGwAHB2.jpg,https://s4.anilist.co/file/anilistcdn/media/anime/banner/148109-dVFhmQTxQ1IQ.jpg,3.1,,,,,,,,,,,,,,,Action;Adventure;Comedy;Ecchi;Fantasy,LIDENFILMS,,,,,,,,,,,,
Tsugumomo,つぐもも,TVA,2017,12,COMPLETED,Zero-G,"One day Kagami Kazuya, an ordinary boy, encounters Kiriha, a beautiful girl in a kimono. It turns out Kiriha is a tsukumogami, a spirit, whose true identity is the precious obi Kazuya carries around as a memory of his late mother. All kinds of bizarre things unfold in this supernatural action comedy! 



(Source: Funimation)",https://s4.anilist.co/file/anilistcdn/media/anime/cover/large/nx97625-t6a6xQjttcCU.jpg,https://s4.anilist.co/file/anilistcdn/media/anime/banner/97625-ki1TWghC4fxL.jpg,3.4,,,,,,,,,,,,,,,Action;Comedy;Ecchi;Supernatural,Zero-G,,,,,,,,,,,,
FAIRY TAIL 100 YEARS QUEST,FAIRY TAIL 100 YEARS QUEST,TVA,2024,25,COMPLETED,J.C.STAFF,"Natsu, Lucy, Happy, Erza, and the whole Fairy Tail Guild are back in action! And they’ve decided to tackle the “100 Years Quest”—a job no one’s dared take on since the founding of the guild more than a century ago. A mysterious town, a baffling spirit, a ghastly new enemy … and a brand new continent to explore. When you’re with real friends, the adventures never stop!



(Source: Kodansha USA)",https://s4.anilist.co/file/anilistcdn/media/anime/cover/large/bx139095-xXcToL6L4vuv.jpg,https://s4.anilist.co/file/anilistcdn/media/anime/banner/139095-Y5aSDeQfZkZF.jpg,3.8,,,,,,,,,,,,,,,Action;Adventure;Comedy;Fantasy,J.C.STAFF,,,,,,,,,,,,
The Café Terrace and Its Goddesses,,,,,,,,,,,,,,,,,,,,,,,,,,,,,,,,,,,,,,
Gals Can't Be Kind to Otaku!?,オタクに優しいギャルはいない!?,TVA,2026,12,ONGOING,TMS Entertainment,"Meet Takuya Seo, an otaku who sits behind the popular gals in class, Ijichi and Amane. Since they're people from different ""castes,"" you wouldn't expect them to have much in common. But when their worlds collide over a borrowed eraser, Takuya slips up about his favorite anime, and Amane...is rather quick to correct him. She says she's not a fan, but her familiarity with the series suggests otherwise. Could she be...a fellow geek?!



(Source: Yen Press)",https://s4.anilist.co/file/anilistcdn/media/anime/cover/large/bx199588-M2vtWicvqNbU.jpg,https://s4.anilist.co/file/anilistcdn/media/anime/banner/199588-I4HoR4YjnpqD.jpg,3.8,,,,,,,,,,,,,,,Comedy;Romance,TMS Entertainment,,,,,,,,,,,,
Smoking Behind the Supermarket with You,スーパーの裏でヤニ吸うふたり,TVA,2026,,UPCOMING,Asahi Production,"At age forty-five, office worker Sasaki has had enough of the corporate grind. His only solace is smoking-and the friendly smile of supermarket cashier Yamada. When Sasaki can't find Yamada after a particularly trying day, a striking woman invites him to smoke with her. The despondent man thinks he's made a new smoking buddy in the cool, teasing Tayama, but Sasaki doesn't realize he already knows her!



(Source: Square Enix)



Note: Episodes 1-6 had an early release by ABEMA and Crunchyroll on June 3rd, 2026 in a mini-episode batch format that splits 6 episodes into 12, ahead of the TV broadcast which starts on July 9th, 2026.",https://s4.anilist.co/file/anilistcdn/media/anime/cover/large/bx196187-cXhET893v3Ag.png,https://s4.anilist.co/file/anilistcdn/media/anime/banner/196187-Z9dV6uotmKjM.jpg,,,,,,,,,,,,,,,,Comedy;Romance;Slice of Life,Asahi Production,,,,,,,,,,,,
Hitori no Shita - The Outcast,一人之下,TVA,2016,12,COMPLETED,Pandanium,"The protagonist, Zhang Chulan, leads a very common college student's life until he finds himself caught up in a terrible incident that happened in a small village. As he was walking through a graveyard, Zhang Chulan is assaulted by jianshi. Thinking that it was over for him, a mysterious girl carrying a sword suddenly saves him and disappears.
This strange encounter is going to change drastically the fate of our hero.



(Source: Shanghai Emon)",https://s4.anilist.co/file/anilistcdn/media/anime/cover/large/bx21840-e2qT7G7TYaCX.png,https://s4.anilist.co/file/anilistcdn/media/anime/banner/21840-mqwp2es0BKbr.png,3.2,,,,,,,,,,,,,,,Action;Adventure;Supernatural,Pandanium,,,,,,,,,,,,
ARIA The ANIMATION,ARIA The ANIMATION,TVA,2005,13,COMPLETED,Hal Film Maker,"Drift peacefully into Neo Venezia, a city on the planet Aqua (formerly known as Mars). By the 24th century, humans have found a way to colonize the previously uninhabitable planet. As futuristic as that sounds, Neo Venezia is still teeming with rustic beauty; gondolas on wide canals and waterways are the main mode of transportation. The city itself is a faithful replication of Manhome's (the planet formerly known as Earth) Venice.



To make sure that residents and tourists alike get the most from Neo Venezia's many wonders, companies offering guided tours via gondola were formed, one of which is named Aria Company.



This is the workplace of Akari Mizunashi, a free spirited teenager from Manhome who is now a novice Undine (the title given to tour guides). Join Akari as she becomes intimately acquainted with other Undine, tourists, Neo Venezia's residents, and even the city itself, learning many valuable life lessons along the way, such as the wonderful truth that there are such things as manmade miracles.",https://s4.anilist.co/file/anilistcdn/media/anime/cover/large/bx477-CdKPHW7rGbUP.png,https://s4.anilist.co/file/anilistcdn/media/anime/banner/477.jpg,3.8,,,,,,,,,,,,,,,Fantasy;Sci-Fi;Slice of Life,Hal Film Maker,,,,,,,,,,,,
Teasing Master Takagi-san Season 3,からかい上手の高木さん３,TVA,2022,12,COMPLETED,Shin-Ei Animation,"The third season of Karakai Jouzu no Takagi-san.



Nishikata hasn’t endured years of pranks for nothing. Every battle of wits with Takagi brings him one step closer to turning the tables and making her blush, and now Nishikata waits for the perfect opportunity to win adorable, glorious revenge.



(Source: HIDIVE)",https://s4.anilist.co/file/anilistcdn/media/anime/cover/large/bx138424-97Nz1P7M3O2d.png,https://s4.anilist.co/file/anilistcdn/media/anime/banner/138424-DGPPFxUinNmt.jpg,4.1,,,,,,,,,,,,,,,Comedy;Romance;Slice of Life,Shin-Ei Animation,,,,,,,,,,,,
I Have a Crush at Work,この会社に好きな人がいます,TVA,2025,12,COMPLETED,BLADE,"Yui Mitsuya and Masugu Tateishi aren't just any coworkers-they totally have the hots for each other. His helpful yet humble attitude makes her giddy, and her cuteness leaves him grinning like a fool. Problem is, they're trying to keep their new relationship under wraps to avoid making things awkward at work. But seeing how they can't keep their hands off each other, they run the risk of spilling their little secret with each passing day at the office.



(Source: Kodansha US)",https://s4.anilist.co/file/anilistcdn/media/anime/cover/large/bx179696-1MAqXYVXT7IT.jpg,https://s4.anilist.co/file/anilistcdn/media/anime/banner/179696-F96hLlVTFe3B.jpg,3.7,,,,,,,,,,,,,,,Comedy;Romance;Slice of Life,BLADE,,,,,,,,,,,,
Gintama.: Silver Soul Arc - Second Half War,銀魂. 銀ノ魂篇2,TVA,2018,14,COMPLETED,Bandai Namco Pictures,The second season of the Silver Soul arc.,https://s4.anilist.co/file/anilistcdn/media/anime/cover/large/bx101925-gcA84dgcSj2w.png,https://s4.anilist.co/file/anilistcdn/media/anime/banner/101925-eyVjqcyh4Gsu.jpg,4.3,,,,,,,,,,,,,,,Action;Comedy;Drama;Sci-Fi,Bandai Namco Pictures,,,,,,,,,,,,
Non Non Biyori Repeat,のんのんびより りぴーと,TVA,2015,12,COMPLETED,SILVER LINK.,"Even though there are still only five students who attend the remote Asahigaoka Branch School, each one of the girls already has a lifetime of wonderful experiences in the carefree Japanese countryside. Some memories may belong to just one person, like Hotaru’s recollections of her first day in Asahigaoka before she’d had a chance to meet her new friends. Other memories bring an otherwise sleepy town to life for Komari, Natsumi, Renge, or even Suguru.



(Source: Sentai Filmworks)",https://s4.anilist.co/file/anilistcdn/media/anime/cover/large/bx20694-Brxd5Unqa5fP.png,https://s4.anilist.co/file/anilistcdn/media/anime/banner/20694-LDqiSEBXz784.png,4.0,,,,,,,,,,,,,,,Slice of Life,SILVER LINK.,,,,,,,,,,,,
Seitokai Yakuindomo Season 2,生徒会役員共＊,TVA,2014,13,COMPLETED,GoHands,The second season of Seitokai Yakuindomo.,https://s4.anilist.co/file/anilistcdn/media/anime/cover/large/bx20448-nJph1HFaaL2u.jpg,https://s4.anilist.co/file/anilistcdn/media/anime/banner/20448-EzLC468PXSiN.jpg,3.8,,,,,,,,,,,,,,,Comedy;Slice of Life,GoHands,,,,,,,,,,,,
Junji Ito Collection,伊藤潤二「コレクション」,TVA,2018,12,COMPLETED,Studio DEEN,Anime adaptation of stories from both the 11-volume Ito Junji Kessaku-shuu series and the Fragments of Horror book.,https://s4.anilist.co/file/anilistcdn/media/anime/cover/large/nx99940-pxsliSVHi0sj.jpg,https://s4.anilist.co/file/anilistcdn/media/anime/banner/99940-A6OUzUuwTFxw.jpg,3.1,,,,,,,,,,,,,,,Drama;Horror;Mystery;Psychological;Supernatural,Studio DEEN,,,,,,,,,,,,
Servant x Service,サーバント×サービス,TVA,2013,13,COMPLETED,A-1 Pictures,"Frustrating, insufficient, and irritating is how most citizens would describe civil servants. However, three new employees are about to discover what really happens behind the scenes. Lucy Yamagami, bent on revenge against the civil servant who allowed her comically long name to be put on her birth certificate; Yutaka Hasebe, an easygoing guy always on the lookout for a place to slack off; and Saya Miyoshi, a nervous first-time worker, are about to experience the underwhelming satisfaction of being government employees.



They are supposed to be trained by Taishi Ichimiya, but he has no idea how to do so, even though he has worked there for eight years. With an incompetent senior colleague and unfavorable confrontations with clients, the trio starts to lose faith in their chosen occupation but encourage each other to do their best.",https://s4.anilist.co/file/anilistcdn/media/anime/cover/large/bx18119-L4l1JsqrzATj.png,https://s4.anilist.co/file/anilistcdn/media/anime/banner/18119-E1t5vS9XHovZ.jpg,3.7,,,,,,,,,,,,,,,Comedy;Romance;Slice of Life,A-1 Pictures,,,,,,,,,,,,
Big Order,ビッグオーダー,TVA,2016,10,COMPLETED,Asread,"Ten years ago, a fairy by the name of Daisy appeared and asked the child Eiji Hoshimiya what his one and only wish was. Although his wish remains a mystery, the consequences were catastrophic. In an event called the ""Great Destruction,"" the world started to fall apart as everything collapsed and countless people died.


Now, Eiji is a high school student whose only concern is his sick sister. He does not remember what he wished for; all that he remembers is that his wish caused the Great Destruction. In the years since that event, thousands of other people have also received abilities to make their heart's desire come true. These people called ""Orders"" are believed to be evil and are hated by the general public. However, some of these Orders are after Eiji's life in vengeance for those that he killed. Will Eiji be able to survive the numerous assassination attempts? And the biggest mystery of all: what did he wish for, and what were his intentions in wishing for something that caused so much desolation? 


(Source: MAL Rewrite)",https://s4.anilist.co/file/anilistcdn/media/anime/cover/large/bx21445-zXBAdDpNylRR.jpg,,2.4,,,,,,,,,,,,,,,Action;Supernatural,Asread,,,,,,,,,,,,
Ranma ½,らんま1/2,TVA,1989,18,COMPLETED,Studio DEEN,"After taking a surprise dip in a cursed spring while on a training journey in China, martial artist Ranma Saotome and his father, Genma, aren't quite themselves anymore. Now Ranma turns into a girl whenever he's splashed with cold water, and Genma turns into a panda!



Their new forms cause nothing but confusion at the Tendou dojo, where Soun Tendo is waiting to introduce one of his three daughters to Ranma - as his fiancee! Turns out Genma and Soun arranged the match long ago, but the girl, Akane, and the boy, Ranma, aren't exactly crazy about the idea, or each other! Or are they? Watch the gender switching, jealous rages, and martial arts battles unfold all over again!



(Source: VIZ Media)



Note: Episodes 7-9 of Ranma 1/2: Nettou-hen were originally meant to be seen between episodes 13 and 14 of this series.",https://s4.anilist.co/file/anilistcdn/media/anime/cover/large/bx210-qgahLDYT0t9b.png,https://s4.anilist.co/file/anilistcdn/media/anime/banner/210-apebEUbenwLc.jpg,3.8,,,,,,,,,,,,,,,Action;Comedy;Ecchi;Romance;Slice of Life,Studio DEEN,,,,,,,,,,,,
Wagnaria!!2,WORKING'!!,TVA,2011,13,COMPLETED,A-1 Pictures,"The second season of Working!!



Life goes on at the Wagnaria family restaurant as its peculiar employees try to provide a good service despite their individual eccentricities.



(Source: Anime News Network)",https://s4.anilist.co/file/anilistcdn/media/anime/cover/large/bx10521-dx9L5dLNJXun.jpg,https://s4.anilist.co/file/anilistcdn/media/anime/banner/10521-DmsoEtDbMAc6.jpg,3.8,,,,,,,,,,,,,,,Comedy;Slice of Life,A-1 Pictures,,,,,,,,,,,,
A Condition Called Love,花野井くんと恋の病,TVA,2024,12,COMPLETED,East Fish Studio,"Hotaru Hinase is a first-year in high school that has a great family and wonderful friends, but not much luck when it comes to romance.
One day, she happens to see the hot boy from the class next door, Hananoi, get dumped. Seeing Hananoi standing in the middle of a park all alone, Hotaru decides to hand him an umbrella.


That little act causes Hananoi to ask her out soon after.



What does love even mean? What does it mean to be in love? Hotaru is flustered at suddenly being asked out by Hananoi, who has an endless amount of love for the person he loves and wants to do everything he can for them. This is a story about first love between a girl who doesn't understand romantic love and a boy that may be a bit too heavy-handed when it comes to love.



(Source: Kodansha USA)",https://s4.anilist.co/file/anilistcdn/media/anime/cover/large/bx165855-uJ0Hq5EFUlz8.jpg,https://s4.anilist.co/file/anilistcdn/media/anime/banner/165855-ay6PFZVPIivw.jpg,3.3,,,,,,,,,,,,,,,Drama;Romance,East Fish Studio,,,,,,,,,,,,
Descending Stories: Showa Genroku Rakugo Shinju,昭和元禄落語心中,TVA,2016,13,COMPLETED,Studio DEEN,"The story revolves around a mature prisoner who was released on good behavior during Japan's Shouwa Genroku era (1960s to early 1970s). He is called Yotarou by others, a term that means an ""anti-hero"" or a ""dim-witted man."" When he returns to society, he starts a new life in rakugo (comic storytelling). Touched by Yakumo's role as the ""grim reaper,"" he asks the master to take him in as an apprentice. Most of the season delves into Yakumo's own past during World War II and the years afterward.



(Source: Anime News Network)



Note: The first episode aired with a runtime of 48 minutes as opposed to the standard 24 minute long episode.",https://s4.anilist.co/file/anilistcdn/media/anime/cover/large/bx20972-95dyLz6lkCZ8.jpg,https://s4.anilist.co/file/anilistcdn/media/anime/banner/20972-xSI4gHlmzPpK.jpg,4.2,,,,,,,,,,,,,,,Drama,Studio DEEN,,,,,,,,,,,,
"Please Put Them On, Takamine-san",履いてください、鷹峰さん,TVA,2025,12,COMPLETED,LIDENFILMS,"Takane Takamine is the goddess of her high school. With perfect grades, athletic prowess, and unrivaled beauty, this student council president is the apple of everyone's eye-including Koushi Shirota, a below-average student with no friends or social prospects whatsoever. But he'll soon find out the secret behind Takamine's unbelievable success-her underwear! When she strips, she can undo any of her past actions, and now that Koushi knows, Takamine won't let him off so easy...



(Source: Yen Press)",https://s4.anilist.co/file/anilistcdn/media/anime/cover/large/bx179965-EwqzG3xSyxwc.jpg,,2.9,,,,,,,,,,,,,,,Comedy;Ecchi;Romance;Slice of Life,LIDENFILMS,,,,,,,,,,,,
Kaiji - Against All Rules,逆境無頼カイジ 破戒録篇,TVA,2011,26,COMPLETED,MADHOUSE,"Several months after the events of the first season, Kaiji, with his appendages reattached and his debt now run up to 9.5 million yen, is still desperately seeking the elusive big score that will cancel all of his markers. Unbeknownst to him, Hyodo’s company, the Teiai Corporation, is actively searching for Kaiji, and have sent Kaiji’s old “friend” Endoh, who entered him in the high stakes games in the past, to find him. 


The two meet when Kaiji chances to walk in front of Endoh’s car at a stop light, and thinking that he has found the answer to his prayers, Kaiji gets in the car with him. While Kaiji and Endoh are “happy” to see one another, and both want to see Kaiji’s debt repaid, their means to that goal couldn’t be more different.


Instead of leading Kaiji to the big score, Endoh delivers him drugged and docile to the Teiai Corporation’s secret underground labor camp where Kaiji will have an opportunity to repay his debt… with 15 years of hard labor. 


(Source: Sea Slugs)",https://s4.anilist.co/file/anilistcdn/media/anime/cover/large/nx10271-Aep4woDDbXdU.jpg,https://s4.anilist.co/file/anilistcdn/media/anime/banner/10271-ecaOzC2DntBL.jpg,4.1,,,,,,,,,,,,,,,Psychological;Thriller,MADHOUSE,,,,,,,,,,,,
The Ramparts of Ice,氷の城壁,TVA,2026,,ONGOING,Studio KAI,"Socially inept, Higawa Koyuki maintains a wall between herself and other people. She spends her time in high school alone, until she meets Amamiya Minato, a boy who keeps trying to close the distance between them for some reason?!



The loner Koyuki, the popular Miki, the boundary-less Minato, and the kind basketball player Youta. This is the story about four complicated and confused young people and their mixed up lives!



(Source: Margaret, translated)",https://s4.anilist.co/file/anilistcdn/media/anime/cover/large/bx186497-uwPrNPphXvjP.jpg,https://s4.anilist.co/file/anilistcdn/media/anime/banner/186497-naXtQFMHJaR1.jpg,4.0,,,,,,,,,,,,,,,Comedy;Drama;Romance;Slice of Life,Studio KAI,,,,,,,,,,,,
Medaka Kuroiwa is Impervious to My Charms,黒岩メダカに私の可愛いが通じない,TVA,2025,12,COMPLETED,SynergySP,"Gorgeous from head to toe! The perfect figure! To Kawai Mona, winning hearts comes as naturally as breathing... but the arrival of Kuroiwa Medaka, a new transfer student who won't even give her a second look, turns her school life upside-down! She's lived her whole life being fawned over, so why is he any different? Mona tries everything she can think of to win Medaka over, even getting a bit extreme at times! This new rom-com starring a queen bee and a celibate boy is about to burst onto the scene!



(Source: Crunchyroll)",https://s4.anilist.co/file/anilistcdn/media/anime/cover/large/bx177552-7XiOf3dGXmNs.jpg,https://s4.anilist.co/file/anilistcdn/media/anime/banner/177552-iLWNEFS7t8HM.jpg,3.2,,,,,,,,,,,,,,,Comedy;Ecchi;Romance,SynergySP,,,,,,,,,,,,
One Outs,ワンナウツ,TVA,2008,25,COMPLETED,MADHOUSE,"The story begins when Hiromichi Kojima, the star batter of the fictional Lycaons in Japan's Pacific League, heads to the southern Japanese island of Okinawa to train and bring himself out of a slump. There, he meets Toua Tokuchi, a 134-kmph (83 miles per hour) pitcher and the undisputed king of a gambling form of baseball called ""One Out."" At Kojima's urging, Tokuchi signs up with the Lycaons under an unusual contract: he gets 5,000,000 yen (about US$46,000) for every out he pitches, but loses 50,000,000 yen (US$460,000) for every point he gives up. 


(Source: Anime News Network)",https://s4.anilist.co/file/anilistcdn/media/anime/cover/large/bx5040-9ruuekq2LZKJ.png,https://s4.anilist.co/file/anilistcdn/media/anime/banner/5040-DGZoPmQP7bV9.jpg,4.0,,,,,,,,,,,,,,,Psychological;Sports,MADHOUSE,,,,,,,,,,,,
Dragon Ball Z Kai: The Final Chapters,ドラゴンボール改 (2014),TVA,2014,69,COMPLETED,Toei Animation,Remastered version of the Majin Boo arc that adheres more to the manga's story.,https://s4.anilist.co/file/anilistcdn/media/anime/cover/large/bx20635-gUYy4KZfYRb0.jpg,https://s4.anilist.co/file/anilistcdn/media/anime/banner/20635-2eB3QP44dM1M.jpg,3.8,,,,,,,,,,,,,,,Action;Adventure;Comedy,Toei Animation,,,,,,,,,,,,
Tales of Wedding Rings,結婚指輪物語,TVA,2024,12,COMPLETED,Staple Entertainment,"Satou is a high school boy in love with his best friend Hime, an unearthly beauty from another realm. So when she moves back to her home world to get married, Satou doesn’t think twice—he follows her and crashes the wedding. Then, after a kiss from Hime, he suddenly becomes the new groom! But here, Hime is a Ring Princess and her husband is destined to be the Ring King: a hero of immense power.



(Source: Crunchyroll)",https://s4.anilist.co/file/anilistcdn/media/anime/cover/large/bx160389-2f6SosbyUpxX.jpg,https://s4.anilist.co/file/anilistcdn/media/anime/banner/160389-zQYpBIU4tnd8.jpg,3.0,,,,,,,,,,,,,,,Adventure;Comedy;Ecchi;Fantasy;Romance,Staple Entertainment,,,,,,,,,,,,
To Your Eternity Season 3,不滅のあなたへ Season 3,TVA,2025,22,COMPLETED,Drive,"The story of Fushi the immortal enters the modern era.



Following the battles in Renril, Fushi, like a tree, spreads his roots throughout the world, fighting to eliminate the Nokkers. Hundreds of years later, having completed his mission, he awakens in the modern era. He enjoys a life of peace, free of enemy threats and surrounded by precious friends, new and old. But ominous shadows grow near yet again. Enemies that enter into the fissures of the mind. And Fushi learns of the true goals of his creator, the Beholder.



Faced with new trials, the time approaches for Fushi to make the ultimate decision.



(Source: NHK PR, edited)",https://s4.anilist.co/file/anilistcdn/media/anime/cover/large/bx162669-FLYUTftoXgMh.jpg,https://s4.anilist.co/file/anilistcdn/media/anime/banner/162669-SvOE44IccAT0.jpg,3.7,,,,,,,,,,,,,,,Adventure;Drama;Fantasy;Psychological;Supernatural,Drive,,,,,,,,,,,,
Ranking of Kings: The Treasure Chest of Courage,王様ランキング 勇気の宝箱,TVA,2023,10,COMPLETED,WIT STUDIO,"Get ready for a new collection of stories from Ranking of Kings!


(Source: Crunchyroll)",https://s4.anilist.co/file/anilistcdn/media/anime/cover/large/bx153452-6aGeSxRw2cxY.jpg,https://s4.anilist.co/file/anilistcdn/media/anime/banner/153452-9AJWlPmKwnLd.jpg,3.7,,,,,,,,,,,,,,,Action;Adventure;Drama;Fantasy,WIT STUDIO,,,,,,,,,,,,
Yu☆Gi☆Oh!,遊☆戯☆王,TVA,1998,27,COMPLETED,Toei Animation,"Yuugi is a somewhat frail young boy who happens to be a big fan of gaming of any kind. But when he solves an ancient egyptian puzzle he is granted all the powers of darkness. Now when confronted with danger and injustice, he transforms into a much darker and dangerous form, and proceeds to dish out the justice and punishment for those who so richly deserve it.


(Source: AnimeNfo)",https://s4.anilist.co/file/anilistcdn/media/anime/cover/large/bx550-aXb7NoghEGab.png,https://s4.anilist.co/file/anilistcdn/media/anime/banner/550-JX3A2cJDr5At.jpg,3.5,,,,,,,,,,,,,,,Action;Comedy;Fantasy,Toei Animation,,,,,,,,,,,,
Kono Oto Tomare!: Sounds of Life Season 2,この音とまれ！2,TVA,2019,13,COMPLETED,Platinum Vision,"The second season of Kono Oto Tomare!



Despite their best efforts during the Kanto Region Music Festival, the Koto Club is hit with the harsh reality of their poor performance. In the face of disappointment, they still decide to hone their skills and set sight on their next target.",https://s4.anilist.co/file/anilistcdn/media/anime/cover/large/bx108891-RTZQkwjWsFi9.jpg,https://s4.anilist.co/file/anilistcdn/media/anime/banner/108891-C3mfowQMhxma.jpg,4.2,,,,,,,,,,,,,,,Drama;Music;Romance;Slice of Life,Platinum Vision,,,,,,,,,,,,
Gintama.: Slip Arc,銀魂. ポロリ編,TVA,2017,13,COMPLETED,Bandai Namco Pictures,"Consists of episodes animated from unused manga chapters, before returning to the Silver Soul Arc on January 8, 2018. Porori is an Onomatopoeia for something (mainly water) falling.",https://s4.anilist.co/file/anilistcdn/media/anime/cover/large/bx99714-0pCKHe4XYIz7.jpg,https://s4.anilist.co/file/anilistcdn/media/anime/banner/99714-mPAF6Pk56mKc.jpg,4.1,,,,,,,,,,,,,,,Action;Comedy;Drama;Sci-Fi,Bandai Namco Pictures,,,,,,,,,,,,
LOVE STAGE!!,LOVE STAGE!!,TVA,2014,10,COMPLETED,J.C.STAFF,"Though his family is packed with famous celebrities, Izumi Sena is just your average guy. Currently a college student, he's a huge otaku with aspirations of becoming a manga creator. But one day he gets roped into filming a TV commercial and meets hot young actor Ryoma Ichijo. Not only does Ryoma remember Sena from a commercial they were in together as children, but he’s also been carrying a torch all these years for the girl he thinks starred opposite him! What will he do when he finds out she is really a he?


(Source: SuBLime Manga)",https://s4.anilist.co/file/anilistcdn/media/anime/cover/large/nx20520-x753cpAR4JvF.png,https://s4.anilist.co/file/anilistcdn/media/anime/banner/n20520-VILcZ5aq4poU.jpg,3.4,,,,,,,,,,,,,,,Comedy;Romance,J.C.STAFF,,,,,,,,,,,,
Golden Kamuy Season 3,ゴールデンカムイ 第三期,TVA,2020,12,COMPLETED,Geno Studio,"Separated from Sugimoto, Asirpa now travels toward the Russian border, focused on discovering more about her and her father’s involvement with the coded tattoos. But Sugimoto is determined to find and protect Asirpa! Along the way, he’ll discover new people, new cultures rich with history, and an unforgiving terrain. Will Sugimoto and Asirpa survive their journeys and reunite?



(Source: Funimation)",https://s4.anilist.co/file/anilistcdn/media/anime/cover/large/bx110355-yXOXm5tr8kgr.png,https://s4.anilist.co/file/anilistcdn/media/anime/banner/110355-NjeP9BVLSWG4.jpg,4.2,,,,,,,,,,,,,,,Action;Adventure;Comedy,Geno Studio,,,,,,,,,,,,
I'm Standing on a Million Lives Season 2,100万の命の上に俺は立っている 第2シーズン,TVA,2021,12,COMPLETED,Maho Film,The second season of 100-man no Inochi no Ue ni Ore wa Tatteiru.,https://s4.anilist.co/file/anilistcdn/media/anime/cover/large/bx127366-nQRRRvVbPIDt.jpg,,3.3,,,,,,,,,,,,,,,Action;Drama;Fantasy,Maho Film,,,,,,,,,,,,
Taisho Otome Fairy Tale,大正オトメ御伽話,TVA,2021,12,COMPLETED,SynergySP,"Shima Tamahiko is a self-proclaimed pessimist who hates the world, and with good reason—he’s been exiled to the countryside by his wealthy family because of his disability. But his lonely life is turned upside down by the arrival of Tachibana Yuzuki, his arranged bride. Her cheerfulness slowly heals Shima’s heart in this slice of life romance set during the Taisho era.



(Source: Funimation)",https://s4.anilist.co/file/anilistcdn/media/anime/cover/large/bx127412-dpHXV2X9tskV.jpg,https://s4.anilist.co/file/anilistcdn/media/anime/banner/127412-0xcienOq4Tls.jpg,3.8,,,,,,,,,,,,,,,Comedy;Drama;Romance;Slice of Life,SynergySP,,,,,,,,,,,,
KOKKOKU,刻刻,TVA,2018,12,COMPLETED,Geno Studio,"Juri Yukawa lives with her NEET father and brother, her retired grandfather, her sister and her young nephew. One day, her nephew and brother are kidnapped for ransom. Having only 30 minutes to meet the demands of the kidnappers, Juri, who realizes there is not enough time to prepare the money, decides to head for their rescue by herself with knife in hand when her grandfather uses a mysterious stone passed on in the Yukawa family to stop time. In a world where everyone and everything are inert, Juri and her father and grandfather run to rescue the two. But at the kidnappers' hideout, they soon realize they are not the only ones who can move about in this still world...",https://s4.anilist.co/file/anilistcdn/media/anime/cover/large/bx100332-5saXfqfB8nvF.jpg,https://s4.anilist.co/file/anilistcdn/media/anime/banner/100332-YwLWtHAyqobZ.jpg,3.3,,,,,,,,,,,,,,,Action;Drama;Mystery;Psychological;Supernatural;Thriller,Geno Studio,,,,,,,,,,,,
ACCA: 13-Territory Inspection Dept.,ACCA 13区監察課,TVA,2017,12,COMPLETED,MADHOUSE,"""ACCA"" is a giant unified syndicate residing in a kingdom split into 13 autonomous regions. ACCA was formed back when there was threat of a coup d'etat, and it has continued to protect the peace of civilians for almost one hundred years. Jean Otus, the vice-chairman of the inspections department at ACCA headquarters, is one of the most cunning men in the syndicate's history with the nickname ""Jean the Cigarette Peddler."" Whimsically puffing his cigarettes, he wanders through the 13 districts, checking to see if there is any foul play afoot.


(Source: Crunchyroll)",https://s4.anilist.co/file/anilistcdn/media/anime/cover/large/bx21823-0XTjZ0Rtm7va.jpg,https://s4.anilist.co/file/anilistcdn/media/anime/banner/21823-ZTH4ucO2AHMQ.png,3.8,,,,,,,,,,,,,,,Drama;Mystery;Slice of Life,MADHOUSE,,,,,,,,,,,,
Love Lab,恋愛ラボ,TVA,2013,13,COMPLETED,Doga Kobo,"The Fujisaki Girls Academy is known for their school body being composed of very proper students. The most prominent one of them is Maki, the student president who is admired by her classmates for her calm and polite demeanor. On the other hand, Kurahashi Riko is also admired but for having a very forward and boyish personality. Riko accidentally walks into Maki while she's practicing kissing with a pillow and learns that she isn't what everyone thinks she is. Riko is forced into keeping Maki's secret and join her in practicing all aspects of romance like holding hands and more.",https://s4.anilist.co/file/anilistcdn/media/anime/cover/large/bx16353-vtAcsGobmaSA.png,https://s4.anilist.co/file/anilistcdn/media/anime/banner/16353-L2p2ZzL7mjoy.jpg,3.5,,,,,,,,,,,,,,,Comedy;Romance,Doga Kobo,,,,,,,,,,,,
The Shiunji Family Children,紫雲寺家の子供たち,TVA,2025,12,COMPLETED,Doga Kobo,"The Shiunji family with their seven children reside in a mansion within Tokyo’s Setagaya ward. The eldest son, Arata, is tired of being pushed around by his five sisters and daydreams of a life without them. That is, until Arata’s father reveals a shocking truth—Arata isn’t biologically related to his sisters! The siblings’ relationships will be tested as they navigate life in this new light.



(Source: Crunchyroll)",https://s4.anilist.co/file/anilistcdn/media/anime/cover/large/bx174802-ILahIZlNWN3R.jpg,https://s4.anilist.co/file/anilistcdn/media/anime/banner/174802-Fuvjhv3vKyOR.jpg,3.5,,,,,,,,,,,,,,,Comedy;Romance,Doga Kobo,,,,,,,,,,,,
Yowamushi Pedal,弱虫ペダル,TVA,2013,38,COMPLETED,TMS Entertainment,"Otaku Sakamichi Onoda has just entered high school and plans to join the anime club. In middle school, Onoda didn’t have any friends with whom he could talk about anime, games, Akihabara and other otaku things, and he is hoping he can make such friends in the anime club, but he finds out it's been disbanded. In order to reestablish the club he tries to find 4 other people who would like to join.


Since he was a little boy, Onoda has ridden his mamachari—a bulky bicycle with a step-through frame mainly used for short rides, such as for casual fun or to pick up groceries—to go to Akihabara every week to check out or buy otaku things. Fellow freshman Shunsuke Imaizumi and bicyclist, while training, notices a boy (Onoda) riding his mamchari up a steep road.


Freshman and road racing cyclist, Shokichi Naruko visits Akihabara to get some Gundam plastic models for his younger brothers and meets Onoda who catches his attention because of the his cycling skill on the mamachari and later find out they go to the same school. Later on, both Naruko and Imaizumi try to convince him to join the bicycle racing club, but will he?",https://s4.anilist.co/file/anilistcdn/media/anime/cover/large/bx18179-YG0tghcQBxGe.png,https://s4.anilist.co/file/anilistcdn/media/anime/banner/18179-WCCATFM18Jzo.jpg,3.9,,,,,,,,,,,,,,,Comedy;Drama;Sports,TMS Entertainment,,,,,,,,,,,,
Heaven's Lost Property: Forte,そらのおとしものf（フォルテ）,TVA,2010,12,COMPLETED,AIC A.S.T.A.,"Sakurai Tomoki has settled into his life with the two angeloids, Ikaros and Nymph, and is enjoying himself immensely.  However, he keeps having weird dreams and asks all of his friends to help him investigate the cause.


Nymph conjures up a device that enables people, but not angeloids, to enter other people's dreams.  The device malfunctions at first but eventually they get to what was supposed to be Tomoki's dream but discover that something is very wrong with it.


Later, a meteor comes crashing down from the skies at the site of the large cherry blossom tree where Tomoki first discovered Ikaros.  An extremely well endowed blonde angeloid with a huge sword emerges from the meteor and sets off in search of Tomoki!",https://s4.anilist.co/file/anilistcdn/media/anime/cover/large/bx8407-lgUv2tUNTONy.png,https://s4.anilist.co/file/anilistcdn/media/anime/banner/8407-qNBaS8YsnpLK.jpg,3.5,,,,,,,,,,,,,,,Comedy;Ecchi;Romance;Sci-Fi;Slice of Life;Supernatural,AIC A.S.T.A.,,,,,,,,,,,,
Good Luck Girl!,貧乏神が!,TVA,2012,13,COMPLETED,Sunrise,"At the expense of the people and things around her, Sakura has absorbed so much ""happiness energy"" that she has caused an energy imbalance in the world. In order to return balance to the world, the Poverty God, Momiji, sets out to take away Sakura's ability to absorb this energy. Will Momiji be able to put a stop to Sakura's absorbing abilities, or will the God succumb to her happiness? 


(Source: FUNimation)",https://s4.anilist.co/file/anilistcdn/media/anime/cover/large/bx13535-3TFMnKs0CDls.jpg,https://s4.anilist.co/file/anilistcdn/media/anime/banner/13535-fTHz6dawMSsT.jpg,3.7,,,,,,,,,,,,,,,Adventure;Comedy;Supernatural,Sunrise,,,,,,,,,,,,
Wagnaria!!3,WORKING!!!,TVA,2015,13,COMPLETED,A-1 Pictures,"The third season of Working!! 



The eccentric employees of everybody's favorite family restaurant will be going wild once again!



(Source: Aniplex USA, edited)",https://s4.anilist.co/file/anilistcdn/media/anime/cover/large/bx20819-w8PLekO22Sc8.jpg,https://s4.anilist.co/file/anilistcdn/media/anime/banner/20819-c6rR4iliUOSB.jpg,3.9,,,,,,,,,,,,,,,Comedy;Romance;Slice of Life,A-1 Pictures,,,,,,,,,,,,
InuYasha: The Final Act,犬夜叉 完結編,TVA,2009,26,COMPLETED,Sunrise,"Inuyasha, Kagome, Miroku, Sango, Shippou and their neko-mata friend Kirara, are now in the final leg of their quest to put an end to the elusive demon, Naraku and all of the chaos and evil he has caused, and to ultimately undo the unfortunate karma of the Jewel of Four Souls. Their journey, however, will not be easy as their remaining enemies put out all the stops to make sure that they do not accomplish their goal.


This TV Anime depicts Volumes 36-56 (end) of the Inuyasha manga. The story continues from the last moment seen in Inuyasha's original anime. Inuyasha, Kagome, Sango, Miroku and Shippou are now in the definitive quest to beat Naraku and the evil he has created and absorbed, they don't lose hope since their future depends on it, but the path isn't easy nor short so they will go through life threatening situations and must put their friendship and love on the line with wisdom to know who their friends and foes are to succeed.



(Source: Anime News Network)",https://s4.anilist.co/file/anilistcdn/media/anime/cover/large/bx6811-DUsNLwQAOB7o.png,https://s4.anilist.co/file/anilistcdn/media/anime/banner/6811-dEHuP8TFsD7W.jpg,4.0,,,,,,,,,,,,,,,Action;Adventure;Comedy;Fantasy;Romance,Sunrise,,,,,,,,,,,,
KINMOZA!,きんいろモザイク,TVA,2013,12,COMPLETED,Studio Gokumi,"The story begins with Oomiya Shinobu, a 15-year-old, seemingly pure Japanese girl who actually did a homestay in Great Britain. Even after coming back to Japan, she still misses her time overseas. One day, an airmail letter arrives from Alice, the girl in Shinobu's host family in Great Britain. The letter reads: Shinobu, I'm coming to Japan! The Japanese/British girls' mixed comedy follows the lives of Shinobu, Alice, and other girls from both Japan and Great Britain.


(Source: Anime News Network)",https://s4.anilist.co/file/anilistcdn/media/anime/cover/large/bx16732-LwehgtKf737X.png,https://s4.anilist.co/file/anilistcdn/media/anime/banner/16732-u35WwavOnNdH.jpg,3.5,,,,,,,,,,,,,,,Comedy;Slice of Life,Studio Gokumi,,,,,,,,,,,,
Natsume's Book of Friends Season 2,続 夏目友人帳,TVA,2009,13,COMPLETED,Brain's Base,"The second season of Natsume Yuujinchou.


As with its prequel, Zoku Natsume Yuujinchou is about Natsume Takashi, a boy who has had the ability to see youkai since he was young, and his bodyguard youkai, Madara, nicknamed Nyanko-sensei. Natsume attempts to return names written in his Book of Friends, which he inherited from his grandmother Reiko, to youkai in his village. Throughout these adventures, he meets some youkai that are friendly, some that want to steal the Book of Friends, and some that want to kill him. Natsume learns about himself and his relationship with youkai along the way.


(Source: MAL Rewrite)",https://s4.anilist.co/file/anilistcdn/media/anime/cover/large/bx5300-t9N4PoOkPAdS.jpg,https://s4.anilist.co/file/anilistcdn/media/anime/banner/5300-sEIrQMgijOo7.jpg,4.2,,,,,,,,,,,,,,,Drama;Fantasy;Slice of Life;Supernatural,Brain's Base,,,,,,,,,,,,
Squid Girl,侵略!イカ娘,TVA,2010,12,COMPLETED,diomedéa,"Foolish land-born air breathers! Behold the terror from the depths, the tentacled conqueror of humanity: Squid Girl! With your pollution and stuff you really deserve it, so prepare for menacing, inky doom! 


Squid Girl has come from the depths of the sea to conquer humanity for its pollution of the ocean. Within moments of arriving on the surface world, our easily distracted, little invertebrate is promptly bullied into working for the Aizawa sisters as a waitress, supplying their restaurant with squid ink. If poor Squid Girl can't handle two pushy Japanese girls, how will she ever subjugate the human race? 


(Source: Media Blasters)",https://s4.anilist.co/file/anilistcdn/media/anime/cover/large/bx8557-S9DplekRj7mo.png,https://s4.anilist.co/file/anilistcdn/media/anime/banner/8557-3mpgWYbYIOQg.jpg,3.6,,,,,,,,,,,,,,,Comedy;Slice of Life,diomedéa,,,,,,,,,,,,
"Science Fell in Love, So I Tried to Prove It r=1-sinθ",理系が恋に落ちたので証明してみた。r=1-sinθ（ハート）,TVA,2022,12,COMPLETED,Zero-G,The second season of Rikei ga Koi ni Ochita no de Shoumei shitemita.,https://s4.anilist.co/file/anilistcdn/media/anime/cover/large/bx125124-FHz4ND4kJzqu.jpg,https://s4.anilist.co/file/anilistcdn/media/anime/banner/125124-vy2NeaHmlE0J.jpg,3.5,,,,,,,,,,,,,,,Comedy;Romance,Zero-G,,,,,,,,,,,,
Kenichi: The Mightiest Disciple,史上最強の弟子 ケンイチ,TVA,2006,50,COMPLETED,TMS Entertainment,"From wimp to warrior. Sort of…



Yeah, Kenichi’s a total wimp. He’s always getting picked on and doesn’t have a lot of friends to stick up for him. The guy needs motivation if he hopes to graduate in one piece. Well, Miu’s the perfect motivation. She’s hot, she accepts him, and she just so happens to live at a dojo with six martial arts masters. You could say fate has led Kenichi to their door, or you could say he was just following the hottie. Either way, he’s about to get whipped into serious shape. If he can survive some hard-core training, he might survive another day at school. He might even score with Miu. Yeah, you could call Kenichi a wimp. But let’s go with underdog instead.



(Source: Discotek)",https://s4.anilist.co/file/anilistcdn/media/anime/cover/large/bx1559-7ZlyZxtBNo8g.jpg,https://s4.anilist.co/file/anilistcdn/media/anime/banner/1559-5SRwJ2TlstL3.jpg,3.9,,,,,,,,,,,,,,,Action;Comedy,TMS Entertainment,,,,,,,,,,,,
Vampire Knight: Guilty,ヴァンパイア騎士,TVA,2008,13,COMPLETED,Studio DEEN,"As a direct continuation of the first season, Zero comes back after his disappearance from the academy. Despite her relief, Yuuki, whose past is still shrouded in mystery, wonders what exactly happened to Zero during the separation. As Zero continues having the strange vision that appeared since the day he drank Kaname&rsquo;s blood, he visits the now awakened Maria Kurenai in an attempt to find answers. She only provides him with a cryptic answer that suggests who the true enemy really might be.


In the meantime, vampires from the Supreme Vampire Council arrive at the academy in order to punish Zero with death for his sin of killing a pureblood. However, Kaname intervenes with the council's decision with not only the intention of saving Zero but with another purpose unbeknown to everyone around him.


[Written by MAL Rewrite]",https://s4.anilist.co/file/anilistcdn/media/anime/cover/large/bx4752-U4EZI6gwWsXX.jpg,https://s4.anilist.co/file/anilistcdn/media/anime/banner/4752-TSqNaf1b9nIf.jpg,3.2,,,,,,,,,,,,,,,Drama;Mystery;Romance;Supernatural,Studio DEEN,,,,,,,,,,,,
Nura: Rise of the Yokai Clan,ぬらりひょんの孫,TVA,2010,24,COMPLETED,Studio DEEN,"Rikuo Nura appears to be an average middle school student. No one knows that he comes home every day to a house full of youkai, nor that he transforms into the all-powerful leader of these spirits at night. However, much to the disappointment of many, Rikuo is determined to live as normal a life as possible.",https://s4.anilist.co/file/anilistcdn/media/anime/cover/large/bx7592-28Qy7SBbSquT.jpg,https://s4.anilist.co/file/anilistcdn/media/anime/banner/7592-wwjLCtVIGpF4.jpg,3.6,,,,,,,,,,,,,,,Action;Supernatural,Studio DEEN,,,,,,,,,,,,
My Home Hero,マイホームヒーロー,TVA,2023,12,COMPLETED,Tezuka Productions,"After killing his daughter’s abusive yakuza boyfriend to save her, ordinary salaryman Tetsuo Tosu becomes embroiled in the dark criminal underworld. The wish for a simple life he and his wife Kasen had for their daughter has been reduced to a wish for survival. Though middle-aged and weak, he’ll put his life on the line using only his wits in order to protect his family.



(Source: Crunchyroll)",https://s4.anilist.co/file/anilistcdn/media/anime/cover/large/bx151189-1oteiBRjwIzU.png,https://s4.anilist.co/file/anilistcdn/media/anime/banner/151189-buERSJDJLoM6.jpg,3.4,,,,,,,,,,,,,,,Action;Drama;Psychological;Thriller,Tezuka Productions,,,,,,,,,,,,
BARTENDER Glass of God,バーテンダー 神のグラス,TVA,2024,12,COMPLETED,Liber,"At Eden Hall, each glass has a story. A quiet bar lies tucked away in the streets of Tokyo, and it seems only the most desperate souls burdened by their own troubles manage to find its doors. But after a glass of God poured by the brilliant bartender Ryuu, they leave renewed. Ryuu has a gift—he knows how to soothe the soul with the perfect drink. Who will he meet next?



(Source: Crunchyroll)",https://s4.anilist.co/file/anilistcdn/media/anime/cover/medium/b155890-PN3wsgVDofhB.jpg,https://s4.anilist.co/file/anilistcdn/media/anime/banner/155890-LYzJpbGn1iS5.jpg,3.6,,,,,,,,,,,,,,,Drama;Slice of Life,Liber,,,,,,,,,,,,
Grandpa and Grandma Turn Young Again,じいさんばあさん若返る,TVA,2024,11,COMPLETED,Gekkou,"The story of Jii-san Baa-san Wakagaeru follows Shouzou and Ine, an elderly couple who are living a quiet life in a farming village in Aomori Prefecture. After eating a mysterious apple that they discover on their apple farm, Shozo and Ine spontaneously regain their youth, but even after being reinvigorated they continue to live life at a grandparent-ly pace.



(Source: Crunchyroll News, edited)",https://s4.anilist.co/file/anilistcdn/media/anime/cover/large/bx168138-jgMSP1rDkJhs.jpg,https://s4.anilist.co/file/anilistcdn/media/anime/banner/168138-eOsNTWgeiHH7.jpg,3.5,,,,,,,,,,,,,,,Comedy;Fantasy;Romance;Slice of Life,Gekkou,,,,,,,,,,,,
Comic Girls,こみっくがーるず,TVA,2018,12,COMPLETED,Nexus,"The manga's story centers on the 15-year-old high school student and manga creator Kaoruko Moeta, who uses the pen name Chaos. After ranking at the bottom of a reader survey, Kaoruko's editor recommends that she enter an all-female dormitory for manga creators. Kaoruko's roommates are shoujo manga creator Koyume Koizuka, teen romance manga creator Ruki Irokawa, and shounen manga creator Tsubasa Katsuki. The girls support each other as they work to become better manga creators.



(Source: Anime News Network)",https://s4.anilist.co/file/anilistcdn/media/anime/cover/large/bx99131-Lnr99AnA1ncY.jpg,https://s4.anilist.co/file/anilistcdn/media/anime/banner/99131-xQSIHqKTUmCc.jpg,3.6,,,,,,,,,,,,,,,Comedy;Slice of Life,Nexus,,,,,,,,,,,,
Initial D 4th Stage,頭文字[イニシャル]D FOURTH STAGE,TVA,2004,24,COMPLETED,A.C.G.T.,"Takumi Fujiwara and brothers Keisuke and Ryousuke Takahashi have formed ""Project D,"" a racing team aimed at bringing their driving skills to their full potential outside their prefecture. Using the internet, Project D issues challenges to other racing teams and posts results of their races. Managed by Ryousuke, the team has Takumi engaging in downhill battles with his AE86, while Keisuke challenges opponents uphill. Among their rivals are the Seven-Star Leaf (SSR) and Todo-juku.",https://s4.anilist.co/file/anilistcdn/media/anime/cover/medium/b18-r7IirVmwP89u.jpg,https://s4.anilist.co/file/anilistcdn/media/anime/banner/18-aiibhi4BrZeR.jpg,4.0,,,,,,,,,,,,,,,Action;Drama;Sports,A.C.G.T.,,,,,,,,,,,,
Real Girl 2,3D彼女 リアルガール 2,TVA,2019,12,COMPLETED,Hoods Entertainment,The second season of 3D Kanojo.,https://s4.anilist.co/file/anilistcdn/media/anime/cover/large/nx102882-lKp3ExWNzoE6.jpg,https://s4.anilist.co/file/anilistcdn/media/anime/banner/102882-QleIkHLhKEzw.jpg,3.7,,,,,,,,,,,,,,,Comedy;Drama;Romance;Slice of Life,Hoods Entertainment,,,,,,,,,,,,
Space Brothers,宇宙兄弟,TVA,2012,99,COMPLETED,A-1 Pictures,"Mutta's life has hit rock bottom. He's been fired, blackballed from his profession and now he's had to move back in with his parents. Meanwhile, his kid brother Hibito has been literally riding a rocket and training to be an astronaut. The same career Mutta once dreamed of. So, is it ever too late to go after your dreams? Through a little coercing and a bit of covert activity, Mutta's family and friends can get his resume on the right desk, but from that point on it will be up to Mutta himself. Does he have what it takes to turn his life around and put his footprint on the moon? The first step on the highway to the stars is always the hardest, and in a job where crash and burn isn't just a euphemism, it will be the biggest risk Mutta's ever taken. But with the best support team ever, maybe he'll find what he needs to rekindle the spark inside him and light the biggest candle of them all! 


(Source: Sentai Filmworks)",https://s4.anilist.co/file/anilistcdn/media/anime/cover/large/bx12431-vL6wmxLsTzzS.png,https://s4.anilist.co/file/anilistcdn/media/anime/banner/12431-L8FNRD2Ylvei.jpg,4.2,,,,,,,,,,,,,,,Comedy;Sci-Fi;Slice of Life,A-1 Pictures,,,,,,,,,,,,
HANEBADO!,はねバド!,TVA,2018,13,COMPLETED,LIDENFILMS,"Despite her great potential, Ayano Hanesaki would rather avoid badminton than play it. But, when she meets Nagisa Aragaki, a third year who spends every waking moment perfecting her game, she’s inspired. Encouraged by their coach, Tachibana Kentarou, Ayano and Nagisa will hit the court and rally against opponents and rivals with amazing skills!



(Source: Crunchyroll)",https://s4.anilist.co/file/anilistcdn/media/anime/cover/large/nx101045-byKzyG0rZD8b.jpg,https://s4.anilist.co/file/anilistcdn/media/anime/banner/101045-q0VPVjdeqEKX.jpg,3.3,,,,,,,,,,,,,,,Drama;Slice of Life;Sports,LIDENFILMS,,,,,,,,,,,,
Natsume's Book of Friends Season 3,夏目友人帳 参,TVA,2011,13,COMPLETED,Brain's Base,"The third season of Natsume Yuujinchou.


Takashi Natsume has always been shunned by those around him because of his mysterious ability to see yokai. Eventually, he came into possession of his grandmother Reiko’s “Book of Friends,” and together with his bodyguard Nyanko-sensei he set out to return the names of the yokai contained within it. Since then, he’s found a home with the Fujiwaras and surrounded himself with friends at school. Little does he know he's about to be dragged unwittingly into further trouble...


(Source: NIS America)",https://s4.anilist.co/file/anilistcdn/media/anime/cover/large/bx10379-lS2Mk6lX4lZr.jpg,https://s4.anilist.co/file/anilistcdn/media/anime/banner/10379-QrQ5hQCZzdN1.jpg,4.2,,,,,,,,,,,,,,,Drama;Fantasy;Slice of Life;Supernatural,Brain's Base,,,,,,,,,,,,
Natsume's Book of Friends Season 4,夏目友人帳 肆,TVA,2012,13,COMPLETED,Brain's Base,"The fourth season of Natsume Yuujinchou.



Still in possession of his grandmother's Book of Friends, Natsume spends his days returning the names of yokai to their rightful owners. He has been learning how to deal with the yokai and humans that surround his life, but the time has come for him to deal with something even more difficult — his own past, and future.


(Source: NIS America)",https://s4.anilist.co/file/anilistcdn/media/anime/cover/large/bx11665-nfbt94cwKySE.png,https://s4.anilist.co/file/anilistcdn/media/anime/banner/11665-JYylw0x1Qi1H.jpg,4.2,,,,,,,,,,,,,,,Drama;Fantasy;Slice of Life;Supernatural,Brain's Base,,,,,,,,,,,,
SUPER HXEROS,ド級編隊エグゼロス,TVA,2020,12,COMPLETED,project No.9,"Earth faces an unprecedented threat from an invasion by the mysterious Kiseichuu. The Kiseichuu feed on human sexual energy, also known as “H-energy”, and weaken the human population.



High school student Retto Enjou is a member of the hero group HXEROS, who fight together to save the earth from the Kiseichuu.



(Source: Funimation)",https://s4.anilist.co/file/anilistcdn/media/anime/cover/large/bx112818-9sOdhLPYX3eL.jpg,https://s4.anilist.co/file/anilistcdn/media/anime/banner/112818-l9jhlxOIv2kQ.jpg,2.7,,,,,,,,,,,,,,,Action;Comedy;Ecchi;Romance;Supernatural,project No.9,,,,,,,,,,,,
Tying the Knot with an Amagami Sister,甘神さんちの縁結び,TVA,2024,24,COMPLETED,Drive,"Uryuu Kamihate is a high school student striving to enter Kyoto University’s medical school. After being raised at an orphanage, Uryuu is taken in by the chief priest at Amagami Shrine, where he begins to live as a freeloader—and to cohabit with Yae, Yuna, and Asahi, the three beautiful shrine maiden sisters! What’s more, the condition he must meet in order to live at the shrine for free is to marry into the family and inherit the shrine! How will Uryuu overcome his marriage meetings with the three sisters as well as the many challenges that Amagami Shrine faces? So begins a miraculous rom-com about living under the same roof with three shrine maidens!



(Source: Crunchyroll, edited)",https://s4.anilist.co/file/anilistcdn/media/anime/cover/large/bx164172-GY2aqItIuqtR.jpg,https://s4.anilist.co/file/anilistcdn/media/anime/banner/164172-ceuofxXerReI.jpg,3.6,,,,,,,,,,,,,,,Comedy;Drama;Ecchi;Romance;Supernatural,Drive,,,,,,,,,,,,
Knights of Sidonia,シドニアの騎士,TVA,2014,12,COMPLETED,POLYGON PICTURES,"It's been a thousand years since the Gauna, a strange alien race with no known method of communication, destroyed the solar system. A portion of humanity managed to escape using enormous ""seed ships"" like the Sidonia, which have allowed them to maintain the population while drifting through space. Nagate Tanikaze is a young man who has been raised deep in the bowels of the ship. When he goes into training to pilot the huge robotic weapons known as Gardes, Nagate is entrusted with piloting the legendary unit known as Tsugumori. Nagate and his fellow pilots put their lives on the line against the Gauna, in the ultimate battle for the survival of humanity!


(Source: AniDB)",https://s4.anilist.co/file/anilistcdn/media/anime/cover/large/bx19775-h4Fc1q5qsGfP.png,https://s4.anilist.co/file/anilistcdn/media/anime/banner/19775-DpxaPexoVf4U.jpg,3.6,,,,,,,,,,,,,,,Action;Fantasy;Mecha;Sci-Fi,POLYGON PICTURES,,,,,,,,,,,,
The Maid I Hired Recently is Mysterious,最近雇ったメイドが怪しい,TVA,2022,11,COMPLETED,BLADE,"There’s something really strange about the maid I just hired! No normal person could be so beautiful, or cook such amazingly delicious food, or know exactly what I want before I even ask. She must be using magic—right, a spell is the only thing that can explain why my chest feels so tight whenever I look at her. I swear, I’m going to get to the bottom of what makes this maid so...mysterious!



(Source: Yen Press)",https://s4.anilist.co/file/anilistcdn/media/anime/cover/large/bx149326-qDJGf7IELKbL.jpg,https://s4.anilist.co/file/anilistcdn/media/anime/banner/149326-ZVBCbNgFKHFN.jpg,3.1,,,,,,,,,,,,,,,Comedy;Romance;Slice of Life,BLADE,,,,,,,,,,,,
Killing Bites,キリングバイツ,TVA,2018,12,COMPLETED,LIDENFILMS,"Yuuya Nomoto was horrified to discover that the vehicle he was driving was being used to kidnap a high school girl, but he's even more shocked when the girl, Hitomi Uzaki, literally tears her kidnappers to pieces instead! Then she forces Yuuya to drive her to an arena where she bets the value of his organs on herself to win in a death match against a half-lion hybrid! Even more astonishing: Hitomi wins! That's because she's a Therianthrope, a genetically engineered fighter created specifically for the underground death matches known as Killing Bites! And now that Yuuya has been pulled into this dark underworld, he has no choice but to continue working for Hitomi. Because who's going to fight against a girl who's part honey badger?



(Source: Sentai Filmworks)",https://s4.anilist.co/file/anilistcdn/media/anime/cover/large/nx98389-xDRFlDQwu2I9.jpg,https://s4.anilist.co/file/anilistcdn/media/anime/banner/98389-USCGCilSRDHS.jpg,3.1,,,,,,,,,,,,,,,Action;Ecchi;Horror;Sci-Fi,LIDENFILMS,,,,,,,,,,,,
Chained Soldier Season 2,魔都精兵のスレイブ2,TVA,2026,12,COMPLETED,Passione,The second season of Mato Seihei no Slave.,https://s4.anilist.co/file/anilistcdn/media/anime/cover/large/bx176276-rtF8mYd2OWw2.png,https://s4.anilist.co/file/anilistcdn/media/anime/banner/176276-ES97CHqKSrLg.jpg,3.7,,,,,,,,,,,,,,,Action;Adventure;Drama;Ecchi;Fantasy;Romance,Passione,,,,,,,,,,,,
SANDA,SANDA,TVA,2025,12,COMPLETED,Science SARU,"In a future where children are few and regarded as Japan's most valuable assets, Christmas has become a mere legend of the past. For the students of Daikoku Welfare Academy—a boarding school where they are educated, protected, and monitored—the mythical Santa Claus is a forgotten character of fiction. For the adults, Santa Claus is a very real menace that needs to be neutralized by the Saint Nick Pursuit Unit in case he makes an appearance.



Shiori Fuyumura, a student of Daikoku Welfare Academy, is determined to find her best friend, Ichie Ono, who has been declared dead after being missing for six months. One morning, Fuyumura summons her fellow class representative, Kazushige Sanda, only to attack the unknowing boy. She is convinced that Sanda is the descendant of the infamous Santa Claus—the only person who can make her wish of finding Ono come true—and is determined to force out his dormant true self by any means necessary.



(Source: MAL Rewrite)",https://s4.anilist.co/file/anilistcdn/media/anime/cover/large/bx179302-gWWAh5BfQyl4.jpg,https://s4.anilist.co/file/anilistcdn/media/anime/banner/179302-hX6lxG28Nzuf.jpg,3.7,,,,,,,,,,,,,,,Drama;Mystery,Science SARU,,,,,,,,,,,,
Ga-Rei-Zero,喰霊-零-,TVA,2008,12,COMPLETED,AIC Spirits,"An elite squadron trained to combat supernatural forces is called in to investigate reports of invisible monsters terrorizing Tokyo, but their mission is complicated by the interference of a rogue exorcist. When the mysterious female slaughters the overmatched attack force, her former comrades are ordered to lock down the crime scene—and forever silence their old friend.



(Source: Crunchyroll)



 Note: This series is a prequel to the manga series, Ga-Rei.",https://s4.anilist.co/file/anilistcdn/media/anime/cover/large/bx4725-LWoB14AbUyaA.jpg,https://s4.anilist.co/file/anilistcdn/media/anime/banner/4725-XfHi5n4hywb2.jpg,3.8,,,,,,,,,,,,,,,Action;Supernatural;Thriller,AIC Spirits,,,,,,,,,,,,
Dealing with Mikadono Sisters Is a Breeze,帝乃三姉妹は案外、チョロい。,TVA,2025,12,COMPLETED,P.A.WORKS,"Yuu Ayase, son of a late legendary actress, is overwhelmingly mediocre. When he’s invited to stay with his mother’s friend, Yuu is shocked to find out that he’ll be living with three prodigy sisters who possess both beauty and talent…and who rule his new school as the Three Emperors. Can Yuu manage to melt the sisters’ cold hearts and fulfill his mother’s last wish for him to build a happy family?



(Source: Crunchyroll)",https://s4.anilist.co/file/anilistcdn/media/anime/cover/large/bx178886-KjzSXyEB61zX.jpg,https://s4.anilist.co/file/anilistcdn/media/anime/banner/178886-wUxMvrfIuAfU.jpg,3.8,,,,,,,,,,,,,,,Comedy;Romance,P.A.WORKS,,,,,,,,,,,,
Ushio and Tora (TV),うしおととら (TV),TVA,2015,26,COMPLETED,MAPPA,"Long ago, a ferocious monster terrorized the land, until a samurai, wielding the legendary “Beast Spear”, sealed him away. 500 years later, a middle school student named Ushio Aotsuki accidently uncovers the monster in a hidden cellar under his family’s temple. The unsealed monster and the spear attract many other supernatural creatures to the temple and Ushio is forced to release the monster in order to defeat them. Ushio names the monster “Tora” and unwillingly work together to battle other spirits and demons.



(Source: Crunchyroll)",https://s4.anilist.co/file/anilistcdn/media/anime/cover/large/bx21038-BcR2t2y6zORx.jpg,https://s4.anilist.co/file/anilistcdn/media/anime/banner/21038-JFoGwVb7bkni.jpg,3.6,,,,,,,,,,,,,,,Action;Adventure;Comedy;Drama;Supernatural,MAPPA,,,,,,,,,,,,
Those Snow White Notes,ましろのおと,TVA,2021,12,COMPLETED,Shin-Ei Animation,"Sawamura Matsugorou is a shamisen player of legendary talent. Upon his death, his grandson, Sawamura Setsu, lost his ability to play. Having lost his beloved sound, Setsu finds himself in Tokyo in search of a new sound to love. Tachiki Yuna, who works at a club, hooks him up with a gig to play there as a warm up act. Setsu imbues the sound of his shamisen with his many thoughts and feelings he has of others, still searching for his own sound and his own feelings.



(Source: Crunchyroll)",https://s4.anilist.co/file/anilistcdn/media/anime/cover/large/bx122348-FawMIyUnMDW5.jpg,https://s4.anilist.co/file/anilistcdn/media/anime/banner/122348-OcisPDCEPTYD.jpg,3.6,,,,,,,,,,,,,,,Drama;Music,Shin-Ei Animation,,,,,,,,,,,,
YuruYuri Season 2,ゆるゆり♪♪,TVA,2012,12,COMPLETED,Doga Kobo,"The second season of Yuru Yuri continues following four girls who take over the former room of a tea ceremony club for their own amusement. 


(Source: Anime News Network)",https://s4.anilist.co/file/anilistcdn/media/anime/cover/large/bx12403-sAG2FsLFX8bH.jpg,https://s4.anilist.co/file/anilistcdn/media/anime/banner/12403-5u268qIm5jsR.jpg,3.9,,,,,,,,,,,,,,,Comedy;Slice of Life,Doga Kobo,,,,,,,,,,,,
Nyan Koi!,にゃんこい！,TVA,2009,12,COMPLETED,AIC,"Junpei Kousaka is a second-year high school student who despises cats and has an allergy to them. It just so happens that his high school crush is Kaede Mizuno, a girl who adores cats. One day, while walking home from school, Junpei kicks an empty can and unfortunately beans the local neko-jizou-sama (guardian deity of cats). He finds he can now understand what cats are saying, including his family's own ill-tempered cat, Nyamusas. However, if he does not grant 100 wishes from cats, he will turn into a cat himself.



(Source: Anime News Network)",https://s4.anilist.co/file/anilistcdn/media/anime/cover/medium/6512.jpg,https://s4.anilist.co/file/anilistcdn/media/anime/banner/6512-R3BfNFYjxbyd.jpg,3.4,,,,,,,,,,,,,,,Comedy;Romance;Slice of Life;Supernatural,AIC,,,,,,,,,,,,
SKET Dance,SKET DANCE,TVA,2011,77,COMPLETED,Tatsunoko Production,"At Kaimei High School, the Living Assistance Club (aka the Sket Brigade) was organized to help students with problems big or small. Most of the time, though, they hang out in their club room, bored, with only a few trivial problems floating in every once in a while. In spite of this, they still throw all their energy into solving these worries. 


(Source: Crunchyroll)",https://s4.anilist.co/file/anilistcdn/media/anime/cover/large/bx9863-G6dAvTVsfLRO.png,https://s4.anilist.co/file/anilistcdn/media/anime/banner/9863-wcUnIQxQySKb.jpg,3.9,,,,,,,,,,,,,,,Comedy;Drama;Slice of Life,Tatsunoko Production,,,,,,,,,,,,
Dead Mount Death Play Part 2,デッドマウント・デスプレイ 第2クール,TVA,2023,12,COMPLETED,GEEKTOYS,The second cour of Dead Mount Death Play.,https://s4.anilist.co/file/anilistcdn/media/anime/cover/large/bx162803-hs0umrdl9SDN.jpg,https://s4.anilist.co/file/anilistcdn/media/anime/banner/162803-mQmDTta9GpgL.jpg,3.7,,,,,,,,,,,,,,,Action;Fantasy;Supernatural;Thriller,GEEKTOYS,,,,,,,,,,,,
Hitorijime My Hero,ひとりじめマイヒーロー,TVA,2017,12,COMPLETED,Encourage Films,"High schooler Masahiro Setagawa is a fairly helpless delinquent, so much so that the neighborhood bullies use him to run their errands. His life changes when he meets high school teacher Kousuke Oshiba, a man whose fighting abilities have earned him a powerful reputation on the streets. Oshiba finds himself with a desire to protect Setagawa, and despite swearing that he's not interested in men, Setagawa finds himself getting more involved in Oshiba's affairs...



(Source: Sentai Filmworks)",https://s4.anilist.co/file/anilistcdn/media/anime/cover/large/nx87494-jzaf0chomVA9.jpg,https://s4.anilist.co/file/anilistcdn/media/anime/banner/87494-vS35Lp1rpWNG.jpg,3.5,,,,,,,,,,,,,,,Romance;Slice of Life,Encourage Films,,,,,,,,,,,,
BLEACH: Thousand-Year Blood War - The Calamity,BLEACH 千年血戦篇-禍進譚-,TVA,2026,13,UPCOMING,PIERROT FILMS,The fourth and final part of BLEACH: Sennen Kessen-hen.,https://s4.anilist.co/file/anilistcdn/media/anime/cover/large/bx185874-aU3e6tBT6wwA.jpg,,,,,,,,,,,,,,,,,Action;Adventure;Supernatural,PIERROT FILMS,,,,,,,,,,,,
Bokurano,ぼくらの,TVA,2007,24,COMPLETED,GONZO,"During a summer camp, 15 children, 8 males and 7 females, find a grotto by the sea. Deep within they discover working computers and some electronic equipment, and later the owner, a man called Kokopelli. Kokopelli claimed to be a programmer working on a brand new game, in which a large robot has to defend the Earth against alien invasions. He persuades the children to test the game and sign a contract. All but one of them signs, barely a moment later they mysteriously awaken on the shore believing what happened was just a dream.


(Source: Anime News Network)",https://s4.anilist.co/file/anilistcdn/media/anime/cover/large/bx1690-ubEOKbAzWO9C.jpg,https://s4.anilist.co/file/anilistcdn/media/anime/banner/1690-ubdbEDXTyigp.jpg,3.6,,,,,,,,,,,,,,,Drama;Mecha;Psychological;Sci-Fi,GONZO,,,,,,,,,,,,
365 Days to the Wedding,結婚するって、本当ですか,TVA,2024,12,COMPLETED,Ashi Productions,"Takuya and Rika work at the same travel agency in Tokyo and are both happily introverted and single. But their company is opening a new branch in Alaska next year, and employees without a spouse will be recruited to work there. Desperate to avoid the move, and though they’ve hardly spoken before, they decide to fake an engagement. Can these quiet coworkers become a convincing couple?



(Source: Crunchyroll)",https://s4.anilist.co/file/anilistcdn/media/anime/cover/large/bx165790-OwIZI9ArGR4Q.jpg,https://s4.anilist.co/file/anilistcdn/media/anime/banner/165790-Ght1ChketFbS.jpg,3.5,,,,,,,,,,,,,,,Romance;Slice of Life,Ashi Productions,,,,,,,,,,,,
Miss Caretaker of Sunohara-sou,すのはら荘の管理人さん,TVA,2018,12,COMPLETED,SILVER LINK.,"Shiina Aki is constantly being treated like a girl due to his feminine looks so he decides to move to Tokyo to attend middle school in an attempt to change himself. However what awaits him in his new home, Sunohara-sou, is the kind-hearted caretaker, Sunohara Ayaka. Along with the three female members of Aki's new middle school's student council, Yukimoto Yuzu, Yamanashi Sumire & Kazami Yuri. And so begins Aki's new life in Tokyo living with 4 girls.",https://s4.anilist.co/file/anilistcdn/media/anime/cover/large/nx100556-wmH1DPNTjklR.jpg,https://s4.anilist.co/file/anilistcdn/media/anime/banner/100556-W6vjzLSFAy0R.jpg,3.2,,,,,,,,,,,,,,,Comedy;Ecchi;Slice of Life,SILVER LINK.,,,,,,,,,,,,
Journal with Witch,違国日記,TVA,2026,13,COMPLETED,Shuka,"Reclusive novelist Makio Koudai has always preferred the company of books—but when her sister and brother-in-law pass away, Makio unexpectedly becomes the guardian of her 15-year-old niece, Asa Takumi. As they navigate grief, clashing personalities, and the challenges of living together, the two slowly open their hearts to each other, discovering warmth, understanding, and the meaning of family.



(Source: Crunchyroll)",https://s4.anilist.co/file/anilistcdn/media/anime/cover/large/bx177385-TBpvkGdF28R7.png,https://s4.anilist.co/file/anilistcdn/media/anime/banner/177385-lzz3yIhQhQdB.jpg,4.3,,,,,,,,,,,,,,,Drama;Slice of Life,Shuka,,,,,,,,,,,,
Castle Town Dandelion,城下町のダンデライオン,TVA,2015,12,COMPLETED,Production IMS,"In the story, the everyday lives of the nine super-powered siblings of the royal family are monitored by more than 200 surveillance cameras and broadcast nationwide. The people of the nation who are watching the broadcast will have the ability to elect the next monarch. The story focuses on Akane, the third-oldest sister who can manipulate gravity. She is shy and desperately does not want to be caught on camera.



(Source: Anime News Network)",https://s4.anilist.co/file/anilistcdn/media/anime/cover/large/bx20951-ZlzLXi9rG09L.png,https://s4.anilist.co/file/anilistcdn/media/anime/banner/20951-lChQ440J1Yz3.png,3.5,,,,,,,,,,,,,,,Comedy;Slice of Life,Production IMS,,,,,,,,,,,,
The Warrior Princess and the Barbaric King,姫騎士は蛮族の嫁,TVA,2026,12,ONGOING,Jumondou,"Serafina, the West’s fiercest knight, expected torture when captured by barbarians. Instead, she got a marriage proposal! Marrying her sworn enemy is a hard no! But after seeing her wedding captor’s culture and very pretty face, she may be tempted to swap her sword for a wedding veil. Get ready for the ultimate enemies-to-maybe-lovers arc.



(Source: Crunchyroll)",https://s4.anilist.co/file/anilistcdn/media/anime/cover/large/bx182483-La7chs6htDWr.jpg,https://s4.anilist.co/file/anilistcdn/media/anime/banner/182483-Nzix9ntq3CVj.jpg,3.4,,,,,,,,,,,,,,,Comedy;Ecchi;Fantasy;Romance,Jumondou,,,,,,,,,,,,
CITY THE ANIMATION,CITY THE ANIMATION,TVA,2025,13,COMPLETED,Kyoto Animation,"This town, is not just a normal town.

There's laughter, love and emotional moments.

An unpredictable ordinary life presented by the residents.

Exciting stuffs come one after another. Welcome to CITY. 



(Source: Kyoto Animation)",https://s4.anilist.co/file/anilistcdn/media/anime/cover/large/bx181841-R6fB3bmU5eOE.jpg,https://s4.anilist.co/file/anilistcdn/media/anime/banner/181841-aegccbKnNjxK.jpg,4.0,,,,,,,,,,,,,,,Comedy;Slice of Life,Kyoto Animation,,,,,,,,,,,,
Whisper Me a Love Song,ささやくように恋を唄う,TVA,2024,12,COMPLETED,CLOUDHEARTS,"After performing a song at her school’s opening ceremony, musician Yori Asanagi receives an apparent love confession from freshman Himari Kino. But just as Yori decides she wants to return Himari’s feelings, Himari reveals that she did not “love” her, but “admires” her! But you can’t unring a bell once struck, and Yori is determined to make Himari fall for her, not just her music. Will their hearts ever beat as one, or will their love fall out of tune?



(Source: HIDIVE)",https://s4.anilist.co/file/anilistcdn/media/anime/cover/large/bx160181-EGC0Scngy5In.jpg,https://s4.anilist.co/file/anilistcdn/media/anime/banner/160181-dGYigyjYZhBn.jpg,3.2,,,,,,,,,,,,,,,Drama;Music;Romance,CLOUDHEARTS,,,,,,,,,,,,
World Trigger 2nd Season,ワールドトリガー 2ndシーズン,TVA,2021,12,COMPLETED,Toei Animation,"The second season of World Trigger.



The border defense organization ""Border"" was established to fight against the attacks of the ""Neighbors"" who possess unknown power. 
Osamu Mikumo, a member of the Border, forms the Mikumo Squad with Yuma Kuga, a Neighbor who he met by chance, and his childhood friend Chika Ametori, and they struggle to win the internal Border rankings in order to join the expeditionary force to the Neighborhood.



(Source: Toei Animation)",https://s4.anilist.co/file/anilistcdn/media/anime/cover/large/bx114087-5sSD98EFqQZ5.jpg,https://s4.anilist.co/file/anilistcdn/media/anime/banner/114087-GdqifyWLJFsj.jpg,4.0,,,,,,,,,,,,,,,Action;Sci-Fi,Toei Animation,,,,,,,,,,,,
KONOHANA KITAN,このはな綺譚,TVA,2017,12,COMPLETED,Lerche,"The manga's story is set in Kokohana-tei, a hot spring hotel located in an inn town between our world and the other world, where many people go to visit. The story portrays the lives of fox spirits, who take the form of girls and work at the hotel.



(Source: Anime News Network)",https://s4.anilist.co/file/anilistcdn/media/anime/cover/large/nx98506-BPHtNhP7Q1TD.jpg,https://s4.anilist.co/file/anilistcdn/media/anime/banner/98506-VYYlvIkHDjuN.jpg,3.6,,,,,,,,,,,,,,,Slice of Life;Supernatural,Lerche,,,,,,,,,,,,
SHADOWS HOUSE 2nd Season,シャドーハウス 2nd Season,TVA,2022,12,COMPLETED,CloverWorks,"After finishing their ""debut,"" Kate, Emilico and three other pairs who started with them begin a new life as adults. With the mystery of the ""Shadows House"" still unsolved, a new incident occurs in the children's wing. Kate and Emilico, whom the Star Bearers suspect of being malcontents, investigate a mysterious robed Shadow who may be the culprit.



(Source: Anime News Network)",https://s4.anilist.co/file/anilistcdn/media/anime/cover/large/bx139093-LwQoTAGhhs5v.jpg,https://s4.anilist.co/file/anilistcdn/media/anime/banner/139093-1XpYWoAgMo3a.jpg,4.0,,,,,,,,,,,,,,,Fantasy;Horror;Mystery;Slice of Life;Supernatural,CloverWorks,,,,,,,,,,,,
Chihayafuru 3,ちはやふる 3,TVA,2019,24,COMPLETED,MADHOUSE,"They may have just won their most coveted karuta tournament, but members of the Mizusawa karuta team still have a long way to go. Each member chases their dreams, and with a win under their collective belt, those dreams are closer in reach than ever. Chihaya Ayase is determined to challenge Wakamiya Shinobu and win the title of Queen, and Taichi Mashima is ready to take on Arata Wataya now that he’s made it into the most elite of karuta players — but an unexpected revelation will deal these karuta players a hand none of them saw coming.

(Source: Sentai Filmworks)",https://s4.anilist.co/file/anilistcdn/media/anime/cover/large/bx101215-8TTRNAYJnPMW.png,https://s4.anilist.co/file/anilistcdn/media/anime/banner/101215-14xKRtRqw7qr.jpg,4.2,,,,,,,,,,,,,,,Drama;Romance;Slice of Life;Sports,MADHOUSE,,,,,,,,,,,,
TenPuru,てんぷる,TVA,2023,12,COMPLETED,Gekkou,"""I know! I'll become a monk!"" Akagami Akemitsu has spent his days and nights absorbed in studying and part-time work in an effort to distance himself from his family, which is notorious as a household of philanderers. One day, he falls in love at first sight with a girl named Aoba Yuzuki, and suddenly he's constantly drowning in worldly desires. Hoping to fight back against his genes and live a more stoic life, he enters a temple... only to find out that it's a convent filled with gorgeous girls! So begins a new rom-com about the temple life of three adorable triplets and two beautiful freeloaders!



(Source: Crunchyroll)",https://s4.anilist.co/file/anilistcdn/media/anime/cover/large/bx160447-we52M5P85oaJ.png,https://s4.anilist.co/file/anilistcdn/media/anime/banner/160447-n9vY5MrU8baz.jpg,3.2,,,,,,,,,,,,,,,Comedy;Drama;Ecchi;Romance;Slice of Life,Gekkou,,,,,,,,,,,,
The Ones Within,ナカノヒトゲノム【実況中】,TVA,2019,12,COMPLETED,SILVER LINK.,"Iride Akatsuki is a popular game footage uploader. He wakes up one day to find that he's been kidnapped and taken to a strange place, along with a number of other uploaders who specialize in different genres of games.



A mysterious alpaca-headed host gathers them after the initial stage, to explain how the game will proceed. Will the group of gamers clear the game and make it back to their real lives?



(Source: Kirei Cake)",https://s4.anilist.co/file/anilistcdn/media/anime/cover/large/bx102926-zVQk2FEDooyI.png,https://s4.anilist.co/file/anilistcdn/media/anime/banner/102926-0YsLjXCyU44Y.jpg,3.4,,,,,,,,,,,,,,,Adventure;Comedy;Drama;Mystery;Sci-Fi,SILVER LINK.,,,,,,,,,,,,
I Want to End this Love Game,愛してるゲームを終わらせたい,TVA,2026,12,ONGOING,Felix Film,"Childhood friends Yukiya and Miku share everything…except their feelings. Ever since sixth grade, they’ve played a “love game”: they take turns saying “I love you” and whoever gets flustered first loses. Now in high school, their hearts are closer than ever—but will they finally find the courage to confess?



(Source: Crunchyroll)",https://s4.anilist.co/file/anilistcdn/media/anime/cover/large/bx194393-0H9yYABu6y0i.jpg,https://s4.anilist.co/file/anilistcdn/media/anime/banner/194393-FmUDMgF0apUJ.jpg,3.6,,,,,,,,,,,,,,,Comedy;Romance,Felix Film,,,,,,,,,,,,
Dropkick on My Devil!,邪神ちゃんドロップキック,TVA,2018,11,COMPLETED,Nomad,"The demon Jashin-chan has been summoned to Earth by Yurine Hanazono, a girl with a knack for the occult. Unfortunately, Yurine does not actually know how to send Jashin-chan back to Hell. Now stuck on Earth, she must live at Yurine's apartment as her familiar.



The only way for Jashin-chan to return would be to kill her summoner, but this is easier said than done for the incompetent demon. Since Jashin-chan is immortal and can regenerate her body, Yurine does not hold back in attacking her with a range of weapons, punishing her in gruesome manners for her evil schemes. Jashin-chan is also often visited by her demon friends: the kindhearted Gorgon Medusa and the energetic minotaur Minosu, who seem much more well-behaved in contrast, and disapprove of her plans to kill Yurine.



(Source: MAL Rewrite)",https://s4.anilist.co/file/anilistcdn/media/anime/cover/large/bx100714-1glYB8znGJ5W.png,https://s4.anilist.co/file/anilistcdn/media/anime/banner/100714-frMoYtJu32jK.jpg,3.4,,,,,,,,,,,,,,,Comedy;Slice of Life;Supernatural,Nomad,,,,,,,,,,,,
Helck,Helck,TVA,2023,24,COMPLETED,Satelight,"A certain country in the demon world. The Demon King was defeated by the hands of one of the heroes, and a competition was held for the title of the New Demon King. The Imperial Four Heavenly Kings Vermilio, who is in charge of the tournament, is furious at the participation of the human hero Helck, who is supposed to be her enemy. After receiving news of the fall of the castle of Urum before the final, Vermilio sets out to retake Urum Castle with Helck and other finalists. With a smile, Helck says, ""Let's destroy humans."" Are those words true? The truth behind the smile is...



(Source: HIDIVE)



Note: The first and second episode premiered at Anime Expo 2023 on July 1.",https://s4.anilist.co/file/anilistcdn/media/anime/cover/large/bx145140-tHT8TT2XSsOh.jpg,https://s4.anilist.co/file/anilistcdn/media/anime/banner/145140-ucGOCSzmWz86.jpg,3.5,,,,,,,,,,,,,,,Action;Adventure;Comedy;Drama;Fantasy,Satelight,,,,,,,,,,,,
Skip Beat!,スキップ・ビート！,TVA,2008,25,COMPLETED,Hal Film Maker,"Kyouko followed her true love and childhood friend Shou to Tokyo so she could help him reach his dream of becoming an idol. She cleans, cooks, works three jobs and does nothing for herself because she loves him so much, but gets nothing in return. Still, she remains by his side. But then one day she goes unannounced to his agency with a delivery, and overhears him talking about her; he reveals to his manager that he only took her with him as a maid, and that he doesn't care for her at all. Upon hearing this, Kyouko doesn't just sit around and cry. She cuts and dyes her hair, changes her clothes and attitude and thus begins her journey to join showbiz and have her revenge against Shou.

(Source: Anime News Network)",https://s4.anilist.co/file/anilistcdn/media/anime/cover/large/bx4722-haxa25k1oSxU.png,https://s4.anilist.co/file/anilistcdn/media/anime/banner/4722-ZPCSfocx149r.jpg,3.9,,,,,,,,,,,,,,,Comedy;Drama;Romance,Hal Film Maker,,,,,,,,,,,,
Fate/kaleid liner Prisma☆Illya 2wei!,Fate/kaleid linerプリズマ☆イリヤ ツヴァイ！,TVA,2014,10,COMPLETED,SILVER LINK.,"The second season of Fate/kaleid liner Prisma☆Illya.



With great powers come great responsibilities, and that includes cleaning up the aftermath of your previous adventures. Which means that, instead of getting a break after saving the world, newly changed magical girls Illya and Miyu have to help deal with the side-effects caused by the sealing of the Ley Cards. Still, that shouldn't be too hard, right? Wrong! Not only are the ley lines failing, but to make matters worse, Illya somehow ends up with a magical clone… and that sinister clone has plans of her own! Worse yet, since the ""dark"" version of herself is drawing its power from the same source as our heroine, Illya's own powers are being reduced proportionately. These are definitely not the kind of problems that the average girl should have to deal with.



(Source: Sentai Filmworks)",https://s4.anilist.co/file/anilistcdn/media/anime/cover/large/nx20467-GwWFUCzsiUF7.png,https://s4.anilist.co/file/anilistcdn/media/anime/banner/20467-8yzwBPEBEYeC.jpg,3.5,,,,,,,,,,,,,,,Action;Comedy;Ecchi;Fantasy;Mahou Shoujo,SILVER LINK.,,,,,,,,,,,,
Love Hina,ラブひな,TVA,2000,24,COMPLETED,Xebec,"Keitaro Urashima promised a girl when he was young that they would meet up again at Tokyo University in the future. Sadly, in the National Practice Exam, Keitaro ranked 27th from the bottom. Knowing his grandmother owned a hotel, Keitaro intended to stay there while continuing his studies for Tokyo U, only to find out the hotel had long been transformed into an all-girls dormitory. Through an odd twist of fate, Keitaro eventually became the manager of the dorm, beginning his life of living with 5 other girls.",https://s4.anilist.co/file/anilistcdn/media/anime/cover/large/bx189-ybxKAazvr7cH.png,https://s4.anilist.co/file/anilistcdn/media/anime/banner/189-GKJY2UPwRIqi.jpg,3.3,,,,,,,,,,,,,,,Comedy;Ecchi;Romance;Slice of Life,Xebec,,,,,,,,,,,,
Terra Formars,テラフォーマーズ,TVA,2014,13,COMPLETED,LIDENFILMS,"During the 21st century, humanity attempted to colonize Mars by sending two species which could endure the harsh environment of the planet to terraform it—algae and cockroaches. However, they did not anticipate the species' remarkable ability to adapt. Now in the 26th century, a lethal disease known as the Alien Engine Virus has arrived on Earth, and the cure is suspected to be found only on Mars. The problem is, Mars in the present is overrun by creatures known as ""Terraformars,"" incredibly powerful and intelligent humanoid cockroaches that mutated from those originally sent to the planet.



The Annex I team, consisting of a hundred men and women genetically enhanced with characteristics of powerful organisms from earth, has been sent to Mars on a mission to find the cause of the Alien Engine Virus and to help cure humanity—signalling the start of the crew's fight for survival.",https://s4.anilist.co/file/anilistcdn/media/anime/cover/large/nx20629-xO8wxKYeXncc.png,https://s4.anilist.co/file/anilistcdn/media/anime/banner/20629-T2N9xD1YV4Fn.jpg,3.2,,,,,,,,,,,,,,,Action;Horror;Sci-Fi,LIDENFILMS,,,,,,,,,,,,
Tune In to the Midnight Heart,真夜中ハートチューン,TVA,2026,12,COMPLETED,Gekkou,"When Arisu Yamabuki was all alone in bed at night, he was able to find solace in the voice of a radio host who went by “Apollo.” However, one day, she simply stopped broadcasting without any explanation. Years then passed, and Arisu is now a second-year high-schooler. He makes it his mission to search for Apollo, as there is something he wants to tell her. He doesn’t know what she looks like, or even what her real name is, but he manages to get some leads on her in his school’s broadcasting club. That’s where he meets four girls who all dream to get a job where they can make full use of their voices! Just who is Apollo, and how will those four’s dreams pan out?



(Source: K Manga)",https://s4.anilist.co/file/anilistcdn/media/anime/cover/large/bx187942-c2cZvunJGfiE.jpg,https://s4.anilist.co/file/anilistcdn/media/anime/banner/187942-tUpZo1VxashN.jpg,3.6,,,,,,,,,,,,,,,Comedy;Romance,Gekkou,,,,,,,,,,,,
Umamusume: Cinderella Gray,ウマ娘 シンデレラグレイ,TVA,2025,13,COMPLETED,CygamesPictures,"Unbeknownst to those around her in the destitute countryside of Kasamatsu, the staggering potential of this ashen-haired ""Beast” will soon rock Japan with her feet and catapult her to the national stage—down the path of a legend. 


Follow Oguri Cap and her insatiable appetite as the starting gates open on this Umamusume's hot-blooded Cinderella story! 



(Source: It's Anime powered by REMOW, edited)",https://s4.anilist.co/file/anilistcdn/media/anime/cover/large/bx180516-lebpoKLkw6E3.jpg,https://s4.anilist.co/file/anilistcdn/media/anime/banner/180516-qxKVBsTW6Czx.jpg,4.2,,,,,,,,,,,,,,,Drama;Sports,CygamesPictures,,,,,,,,,,,,
"Girlfriend, Girlfriend Season 2",カノジョも彼女 Season 2,TVA,2023,12,COMPLETED,SynergySP,"The second season of Kanojo mo Kanojo.



After their hot springs trip, Naoya continues his relationships with both Saki and Nagisa. Bringing along Milika (who kissed Naoya) and Shino (who secretly has romantic feelings for Naoya), they embark on a summer vacation full of romance with a fireworks festival, camping, and Okinawa.



Milika's younger sister Risa also appears, making the romance in this neo-standard rom-com heat up even more. A season two filled with summer and swimsuits is about to begin!



(Source: Crunchyroll)",https://s4.anilist.co/file/anilistcdn/media/anime/cover/large/bx154692-UcFM4rM3ehwE.jpg,https://s4.anilist.co/file/anilistcdn/media/anime/banner/154692-uWl9ysnEw17E.jpg,3.5,,,,,,,,,,,,,,,Comedy;Ecchi;Romance;Slice of Life,SynergySP,,,,,,,,,,,,
Wasteful Days of High School Girls,女子高生の無駄づかい,TVA,2019,12,COMPLETED,Passione,"Tanaka Nozomu isn’t exactly brilliant. But, given that her only goal for high school was to get a boyfriend, who else would fail to realize that attending an all-girls school was a bad idea? Well, there’s always the fallback plan of getting other girls to introduce her to boys they know.



Too bad that Tanaka’s “bright” idea of giving her classmates nicknames based on less attractive character traits has caused her un-flattered friends “Robo” (for her apparent lack of emotions) and “Wota” (a reference to a creepy otaku types), as well as not-friends like “Loli” (who’s hypersensitive about her petite size,) to “reward” Tanaka with the special nickname of “Baka” (“idiot”), which is quickly adopted by the entire student body. Well, maybe the second week of school will be better.



(Source: Sentai Filmworks)",https://s4.anilist.co/file/anilistcdn/media/anime/cover/large/bx105081-pc4jgCmAP0dZ.jpg,https://s4.anilist.co/file/anilistcdn/media/anime/banner/105081-9EnxVsn9iNq9.jpg,3.7,,,,,,,,,,,,,,,Comedy;Slice of Life,Passione,,,,,,,,,,,,
Back Street Girls -GOKUDOLS-,Back Street Girls -ゴクドルズ-,TVA,2018,10,COMPLETED,J.C.STAFF,"A group of 3 yakuza failed their boss for the last time. After messing up an important job, the boss gave them 2 choices: Honorably committing suicide, or go to Thailand to get a sex reassignment surgery in order to become ""female"" idols. After a gruesome year long training to become idols, they successfully debut, with overwhelming popularity, much to their dismay. This is where their tragedy truly begins.",https://s4.anilist.co/file/anilistcdn/media/anime/cover/large/bx100665-rbfp9LH6Swe6.jpg,https://s4.anilist.co/file/anilistcdn/media/anime/banner/100665-4z6ZHnF1pHkk.png,3.4,,,,,,,,,,,,,,,Comedy;Ecchi;Music,J.C.STAFF,,,,,,,,,,,,
Aoharu x Machinegun,青春×機関銃,TVA,2015,12,COMPLETED,Brain's Base,"When Hotaru Tachibana storms into a host club to avenge the honor of a wronged female student, the last thing Hotaru expects is to duel the club’s most popular host with airsoft guns instead of fists. When Masamune Matsuoka’s experience wins out over Tachibana’s brawn, he realizes that he can use his victory (and the large bill for damaging the club) to make Tachibana join his struggling Survival Gaming team. However, what ladies’ man Masamune totally misses is that his unwilling new guy… isn’t a guy at all! Under the boy’s clothing and strong need to defend justice, Tachibana is all-girl, but, for a number of complicated reasons, she absolutely CAN’T expose that fact to Masamune or his teammate, the erotic manga artist Tooru Yukimura.



(Source: Sentai Filmworks)",https://s4.anilist.co/file/anilistcdn/media/anime/cover/large/bx21078-VJItqWm5y0UU.jpg,https://s4.anilist.co/file/anilistcdn/media/anime/banner/n21078-NbHOCph2yvsi.jpg,3.4,,,,,,,,,,,,,,,Action;Comedy;Slice of Life;Sports,Brain's Base,,,,,,,,,,,,
Ghost in the Shell: Stand Alone Complex 2nd GIG,攻殻機動隊 S.A.C. 2nd GIG,TVA,2004,26,COMPLETED,Production I.G,"In a futuristic world where the internet and cybernetics has blurred the borders between societies; the members of Public Security Section 9 are reinstated to assist in solving numerous cases of cyber crime.


A spate of similar crimes committed by separate suicidal groups known as ""The Individual Eleven"" becomes the core focus for Section 9 as war approaches in the form of refugees flooding into the country.



(Source: Anime News Network)",https://s4.anilist.co/file/anilistcdn/media/anime/cover/large/bx801-nF9RyvPJu6s4.jpg,https://s4.anilist.co/file/anilistcdn/media/anime/banner/801-EtANUNZWAhbH.jpg,4.2,,,,,,,,,,,,,,,Action;Mystery;Psychological;Sci-Fi,Production I.G,,,,,,,,,,,,
Ultramarine Magmell,群青のマグメル,TVA,2019,13,COMPLETED,Studio Signpost,"The fantasy series takes place in a world where a new continent named Magmell suddenly appears in the ocean, and a new age of exploration begins. Explorers venture to the island to find previously unknown lifeforms and resources, but experience one disaster after another. The manga follows the mysterious young men who make a living as relief workers who aid the explorers.



(Source: Anime News Network)",https://s4.anilist.co/file/anilistcdn/media/anime/cover/medium/b101597-1hmWoRvno4Tq.jpg,https://s4.anilist.co/file/anilistcdn/media/anime/banner/101597-WUnTtppKWSfU.jpg,2.9,,,,,,,,,,,,,,,Action;Adventure;Fantasy,Studio Signpost,,,,,,,,,,,,
DAKAICHI -I'm being harassed by the sexiest man of the year-,抱かれたい男1位に脅されています。,TVA,2018,13,COMPLETED,CloverWorks,"Takato Saijyo has reigned as the idol industry's ""Most Huggable"" for five years, that is, until freshman actor Junta Azumaya. Takato was always considered brusque while Azumaya's smile is winning over admirers by comparison. The whole fiasco drives Takato to over indulge in alcohol and his actions catch the attention of the last person he wants to see. To his surprise, Azumaya uses this new info to blackmail Takato for physical affection.



(Source: Anime News Network)",https://s4.anilist.co/file/anilistcdn/media/anime/cover/large/bx101381-ZawZ7kIzuZVR.jpg,https://s4.anilist.co/file/anilistcdn/media/anime/banner/n101381-hjy0LQSxgUFv.jpg,3.5,,,,,,,,,,,,,,,Comedy;Drama;Romance,CloverWorks,,,,,,,,,,,,
Soul Eater Not!,ソウルイータノット！,TVA,2014,12,COMPLETED,bones,"Ding-dong! Dead-dong! Class is about to begin, and you don't want to be late on your first day of school! Join Tsugumi Harudori in the ""NOT"" class at Death Weapon Meister Academy, a school dedicated to training transforming weapons like Tsugumi and the meisters who will wield them. Many ""NOT"" (Normally Overcome Target) students aspire to join the elite ""EAT"" (Especially Advantaged Talent) class. But it may take Tsugumi some time to find her confidence-- and a partner -- at this crazy school!


(Source: Yen Press)",https://s4.anilist.co/file/anilistcdn/media/anime/cover/large/bx20547-w5Gp0a2E4YCe.png,https://s4.anilist.co/file/anilistcdn/media/anime/banner/20547-NdXpOBSW4Eqw.jpg,2.8,,,,,,,,,,,,,,,Action;Comedy;Fantasy;Supernatural,bones,,,,,,,,,,,,
Arte,アルテ,TVA,2020,12,COMPLETED,Seven Arcs,"Florence, early 16th century. The birthplace of the renaissance era, where art is thriving. In one small corner of this vast city, one sheltered girl’s journey begins. She dreams of becoming an artist, an impossible career for a girl born into a noble family. In those days, art was an exclusively male profession, with woman facing strong discrimination. In spite of these challenges, Arte perseveres with hard work and a positive attitude!



(Source: Silent Manga Audition)",https://s4.anilist.co/file/anilistcdn/media/anime/cover/large/bx110547-Jo4VNdR3DlOx.jpg,https://s4.anilist.co/file/anilistcdn/media/anime/banner/110547-uB6fv50H0hFU.jpg,3.5,,,,,,,,,,,,,,,Drama;Romance;Slice of Life,Seven Arcs,,,,,,,,,,,,
Omamori Himari,おまもりひまり,TVA,2010,12,COMPLETED,ZEXCS,"Yuuto Amakawa’s life becomes pawsitively arousing when beautiful demons start showing up! But with beauty comes danger. With cat demon Himari Noihara sticking by his side, he’ll have to face the deadly Ayakashi—demons seeking revenge on demon slayers. Between this, the cat girl, water deities, and demons galore, he’ll have to do all he can to stay abreast of everything happening around him! 


(Source: Crunchyroll)",https://s4.anilist.co/file/anilistcdn/media/anime/cover/medium/6324.jpg,https://s4.anilist.co/file/anilistcdn/media/anime/banner/6324-ExUrfnoF84WC.jpg,3.1,,,,,,,,,,,,,,,Action;Comedy;Ecchi;Fantasy;Romance,ZEXCS,,,,,,,,,,,,
ORIENT,オリエント,TVA,2022,12,COMPLETED,A.C.G.T.,"At age 10, best friends Musashi and Kojirou sat in excited silence as Kojirou's father spun tales of evil demons who preyed on the innocent, and the warriors who defeated them. Practicing swordplay, the two swear an oath to become the strongest in the world, but as they grow up, Kojirou turns cynical, and Musashi comes to the realization that he can't overturn 150 years of demon rule on his own. He's being called a prodigy with a pickaxe, and he's almost ready to settle into a life of labor. Yet he can't shake the feeling that he still has a responsibility to act... and soon, the injustices of his world will force his hand...



(Source: Kodansha USA)",https://s4.anilist.co/file/anilistcdn/media/anime/cover/large/bx128034-PHcAWDtmPuAK.jpg,https://s4.anilist.co/file/anilistcdn/media/anime/banner/128034-ciK5OBMy1T7u.jpg,3.1,,,,,,,,,,,,,,,Action;Adventure;Comedy;Fantasy,A.C.G.T.,,,,,,,,,,,,
Gunslinger Girl,GUNSLINGER GIRL,TVA,2003,13,COMPLETED,MADHOUSE,"Officially, the Social Welfare Agency is a government sponsored corporation that's in the business of saving lives. In reality, it's an agency on the fringe of technology. They give terminal patients another shot at life using cybernetic implants. This conditioning process then shapes the patient into an efficient machine for handling all of the government's dirty work.



(Source: Funimation)",https://s4.anilist.co/file/anilistcdn/media/anime/cover/large/bx134-f3dmmMOijYdn.png,https://s4.anilist.co/file/anilistcdn/media/anime/banner/134-tg9PX9ry53fz.jpg,3.7,,,,,,,,,,,,,,,Action;Drama;Psychological;Sci-Fi,MADHOUSE,,,,,,,,,,,,
Sekirei: Pure Engagement,セキレイ～Pure Engagement～,TVA,2010,13,COMPLETED,Seven Arcs,"The battle to find the supreme Sekirei continues. Still some of the fighters and their masters refuse to participate in the battle since losing it means to lose the Sekirei forever, and many of them actually care about their partners, while others just use them as tools. A storm is rising on the horizon, a bigger threat approaches the city and it's about to bring pain and suffering to those who love and care for their Sekireis.



(Source: Anime News Network)",https://s4.anilist.co/file/anilistcdn/media/anime/cover/large/bx5277-FVXhVU8xoY6z.png,https://s4.anilist.co/file/anilistcdn/media/anime/banner/n5277-FpThOBysB4Lr.jpg,3.4,,,,,,,,,,,,,,,Action;Comedy;Ecchi,Seven Arcs,,,,,,,,,,,,
Black Cat,ブラックキャット,TVA,2005,23,COMPLETED,GONZO,"Train Heartnet is the infamous gunman 'Black Cat', a cold-blooded assassin who works for the organization known as 'Chronos', bearing the mark XIII on his body. Most of his life was surrounded by violence, so Train is quiet, asocial and uncaring. However his life changes as he encounters the mysterious Sweeper (bounty hunter), Saya. Her unique way of living interested Train but tragedy occurs, resulting in Train changing the way he has lived towards the life of a Sweeper with newfound friends Sven and Eve.",https://s4.anilist.co/file/anilistcdn/media/anime/cover/large/bx68-BY1vMbDYz977.jpg,https://s4.anilist.co/file/anilistcdn/media/anime/banner/68-GtUgxtbcCbGs.jpg,3.5,,,,,,,,,,,,,,,Action;Adventure;Comedy;Sci-Fi,GONZO,,,,,,,,,,,,
ItaKiss,イタズラなKiss,TVA,2008,25,COMPLETED,TMS Entertainment,"Ever since she entered high school, Kotoko Aihara wanted to be in the same class as Naoki Irie. The only problem is that Irie is the smartest student in school in contrast to Kotoko being one of the dumbest. Now in her 3rd year of high school, she still isn't there. However, one day her home gets destroyed and the only place left to go to is Irie's home. Now that she lives close to him, will their relationship be the same, or will it become greater than it is?",https://s4.anilist.co/file/anilistcdn/media/anime/cover/large/bx3731-aCN5LnCn08qm.png,https://s4.anilist.co/file/anilistcdn/media/anime/banner/3731-DSoFSarqWsDK.jpg,3.5,,,,,,,,,,,,,,,Comedy;Romance,TMS Entertainment,,,,,,,,,,,,
Jormungand: Perfect Order,ヨルムンガンド PERFECT ORDER,TVA,2012,12,COMPLETED,WHITE FOX,"A ruthless arms dealer on a quixotic quest for world peace. A child soldier born into chaotic conflict. Their lives will intertwine as they journey together through the seedy underbelly of the world's arms market. 


(Source: FUNimation)",https://s4.anilist.co/file/anilistcdn/media/anime/cover/large/bx13331-YNyNmU1CfNK7.png,https://s4.anilist.co/file/anilistcdn/media/anime/banner/n13331-rimbFLzJIJ3J.jpg,3.8,,,,,,,,,,,,,,,Action;Adventure,WHITE FOX,,,,,,,,,,,,
Hayate the Combat Butler,ハヤテのごとく！,TVA,2007,52,COMPLETED,SynergySP,"Hayate Ayasaki's life wasn't great, but when he loses the job he used to support his good-for-nothing family, and his deadbeat parents sell him to the Yakuza for cash, it really hits rock bottom! Faced with having to pay off the huge debt before he's converted into black market organ parts, a desperate Hayate decides to kidnap oddball heiress Nagi Sanzenin for ransom... but when even that goes wrong and he accidentally ends up rescuing Nagi from other kidnappers, it turns out that Hayate is the bodyguard that Nagi has been looking for! So now he's the Sanzenin family's butler, and… maybe… it might be the start of a potential romantic relationship… assuming Hayate can survive the on-the-job training, of course.



(Source: Sentai Filmworks)",https://s4.anilist.co/file/anilistcdn/media/anime/cover/large/bx2026-xoCa4unn5iOi.jpg,https://s4.anilist.co/file/anilistcdn/media/anime/banner/2026.jpg,3.6,,,,,,,,,,,,,,,Action;Comedy;Romance,SynergySP,,,,,,,,,,,,
Dance in the Vampire Bund,ダンスインザヴァンパイアバンド,TVA,2010,12,COMPLETED,Shaft,"When Mina Tepes—queen of the vampires—suddenly appears in Japan to establish a colony for her blood-sucking brethren, Akira Kaburagi’s world will never be the same. As a boy, Akira vowed to serve the ruler of the night, and now he must fulfill his destiny by protecting Mina from those who would dethrone her!



(Source: Crunchyroll)",https://s4.anilist.co/file/anilistcdn/media/anime/cover/large/bx6747-GEGb8Pwg8X7a.png,https://s4.anilist.co/file/anilistcdn/media/anime/banner/6747-UQ1ZC3pYhyQc.jpg,3.2,,,,,,,,,,,,,,,Action;Ecchi;Romance;Supernatural,Shaft,,,,,,,,,,,,
Dandadan 3rd Season,ダンダダン 第3期,TVA,2027,,UPCOMING,Science SARU,The third season of Dandadan.,https://s4.anilist.co/file/anilistcdn/media/anime/cover/large/bx198966-9Ji1GwIyRiiu.jpg,,,,,,,,,,,,,,,,,Action;Comedy;Drama;Fantasy;Sci-Fi;Supernatural,Science SARU,,,,,,,,,,,,
Initial D Fifth Stage,頭文字[イニシャル]D Fifth Stage,TVA,2012,14,COMPLETED,SynergySP,"Taking place in the sacred land of street running Kanagawa, once more Takumi Fujiwara will show his driving skills on his now legendary Hachi-roku.",https://s4.anilist.co/file/anilistcdn/media/anime/cover/medium/15059.jpg,https://s4.anilist.co/file/anilistcdn/media/anime/banner/n15059-xvUhYlh52ucH.jpg,4.0,,,,,,,,,,,,,,,Action;Drama;Sports,SynergySP,,,,,,,,,,,,
Genshiken,げんしけん,TVA,2004,12,COMPLETED,Palm Studio,"Sasahara Kanji is a college freshman who decides to join a student society to share his hidden thoughts on manga, anime and gaming.


When he first visited Genshiken, short for ""Gendai Shikaku Bunka Kenkyuu Kai"" (Society for the Study of Modern Visual Culture), his groundless pride was destroyed by the plotting of Madarame, a sophomore student in Genshiken, but he still couldn't admit that he is an otaku.


However, as he participates in society activities such as visiting dojin (private publishing) shops and anime festivals, and hangs out with other society members Kosaka (a hardcore otaku despite his extreme eccentricities and good looks), Kosaka's girlfriend Kasuga Saki (who isn't really an otaku), Ohno (a cosplayer) and the others, he opens his mind and resolves that he will make his way into the otaku world. With their help, Sasahara slowly adjusts to otaku life in Genshiken.


(Source: AnimeNfo)",https://s4.anilist.co/file/anilistcdn/media/anime/cover/large/bx240-YaEXxztQRFix.jpg,https://s4.anilist.co/file/anilistcdn/media/anime/banner/240-FbZV9cTu6ixW.jpg,3.7,,,,,,,,,,,,,,,Comedy;Slice of Life,Palm Studio,,,,,,,,,,,,
To the Abandoned Sacred Beasts,かつて神だった獣たちへ,TVA,2019,12,COMPLETED,MAPPA,"During a protacted civil war that pitted the North against the South, the outnumbered Northerners used dark magic to create monstrous super-soldiers called Incarnates. Now that the war has ended, those Sacred Beasts must learn to make their way in a peaceful society, or face death at the hands of a Beast Hunter. Nancy Schaal Bancroft, the daughter of an Incarnate, turns to hunting the hunter herself. But once she catches up with her quarry, she discovers hard truths about the lives of these Sacred Beasts.



(Source: Kodansha USA)",https://s4.anilist.co/file/anilistcdn/media/anime/cover/large/bx107672-HBpAeSGSTFlt.jpg,https://s4.anilist.co/file/anilistcdn/media/anime/banner/107672-DbANfP8qmtzI.jpg,3.0,,,,,,,,,,,,,,,Action;Drama;Fantasy;Mystery;Supernatural,MAPPA,,,,,,,,,,,,
Sabagebu! - Survival Game Club!,さばげぶっ!,TVA,2014,12,COMPLETED,Studio Signpost,"Momoka's family moves a lot, so she's always ""that new girl"" and the schools she's attended have all blurred together. Until her first day at Aogiri High, that is, where she's rescued by an armed vigilante, assaulted by a platypus, and coerced into joining a secret organization of gun-toting female commandos. Okay, maybe that last one is really just the school's survival club, but the platypus is real and so are the extremes that club president Miou is willing to execute to recruit Momoka.



Can uber-jaded Momoka's body armor-clad heart resist the charms of a girl who's all too ready to whip out her twin Desert Eagles in defense of another girl's virtue? Especially when it turns out that Momoka has her own talent for air pistols and senseless violence?



(Source: Sentai Filmworks)",https://s4.anilist.co/file/anilistcdn/media/anime/cover/large/bx20475-c4JrCtSDXrtM.png,https://s4.anilist.co/file/anilistcdn/media/anime/banner/20475-V4tqmd4HV6ki.jpg,3.5,,,,,,,,,,,,,,,Action;Comedy;Sports,Studio Signpost,,,,,,,,,,,,
Berserk 2,ベルセルク 2,TVA,2017,12,COMPLETED,Millepensee,"Second season of Berserk.


Demons have now become commonplace around the kingdom of Midland, which has fallen into chaos. The swordsman Guts still cannot stay in one place for long due to his demonic brand. He could always manage to protect himself when he was alone, but now he has the added challenge of protecting former Commander Casca, a shell of her former self who neither remembers nor trusts him. They never have a moment's rest with the constant threat of demons, and they need a place where Casca will be safe till they find a way to heal her. Their elf ally, Puck, tells of the mystical land of Elfhelm, which is supposed to be a safe haven from the demons that ravage the lands. Tired and with only a vague hope, they struggle on to find a place to live—and they still need to find those responsible for the madness they are forced to endure.",https://s4.anilist.co/file/anilistcdn/media/anime/cover/large/bx97643-5s3MVIfTYIuQ.jpg,https://s4.anilist.co/file/anilistcdn/media/anime/banner/97643-ggveKlc8ffbd.jpg,3.0,,,,,,,,,,,,,,,Action;Adventure;Drama;Fantasy;Horror;Supernatural,Millepensee,,,,,,,,,,,,
Non Non Biyori Nonstop,のんのんびより のんすとっぷ,TVA,2021,12,COMPLETED,SILVER LINK.,"Fresh excitement brews as someone new moves into the house next door. The students of the tiny, tight-knit Asahigaoka branch school will have to make this newcomer feel welcome!



(Source: Sentai Filmworks)",https://s4.anilist.co/file/anilistcdn/media/anime/cover/large/bx109403-g6QqMkqV1ayu.jpg,https://s4.anilist.co/file/anilistcdn/media/anime/banner/109403-sitiskO3Ewzj.jpg,4.2,,,,,,,,,,,,,,,Comedy;Slice of Life,SILVER LINK.,,,,,,,,,,,,
Mistress Kanan is Devilishly Easy,カナン様はあくまでチョロい,TVA,2026,12,COMPLETED,Studio KAI,"Kanan, a female demon, infiltrates a high school with the goal of devouring some delicious human souls. She sets her sights on the perfect target, a teen boy named Kyougi Youji, and goes for the kill—only to somehow end up in a relationship with him instead?! Kanan’s never been in love before, and this oddly innocent demon creates absolute chaos as the two venture into romance with a first date and beyond!



(Source: Crunchyroll)",https://s4.anilist.co/file/anilistcdn/media/anime/cover/large/bx190704-Ts1VvkrNdnCZ.jpg,https://s4.anilist.co/file/anilistcdn/media/anime/banner/190704-bLXpyNFVZbss.jpg,3.5,,,,,,,,,,,,,,,Comedy;Ecchi;Fantasy;Romance,Studio KAI,,,,,,,,,,,,
This Monster Wants to Eat Me,私を喰べたい、ひとでなし,TVA,2025,13,COMPLETED,Studio Lings,"Hinako lives alone by the sea, quietly drifting through life after losing her family years ago. One day, a mermaid named Shiori saves her from a monster and says she’s come to eat her—just not yet. Until then, Shiori will stay by her side and keep her safe. In that moment, a deep hope swells in Hinako: Maybe this girl can finally grant her the ending she’s been waiting for.



(Source: Crunchyroll)",https://s4.anilist.co/file/anilistcdn/media/anime/cover/large/bx183385-f1TgnttLckBT.jpg,https://s4.anilist.co/file/anilistcdn/media/anime/banner/183385-tK0LdiABACjw.jpg,3.7,,,,,,,,,,,,,,,Drama;Horror;Psychological;Romance;Supernatural,Studio Lings,,,,,,,,,,,,
Doctor Elise: The Royal Lady with the Lamp,外科医エリーゼ,TVA,2024,12,COMPLETED,Maho Film,"Making up for her sins in a past life as the evil princess Elise, Aoi Takamoto dedicates her life to saving people as a doctor. But a fatal accident cuts her atonement short and suddenly she’s back to her previous life, 10 years before her death! Will her foresight and medical brilliance help her change her past ways and heal an ailing empire, or is fate doomed to repeat itself?



(Source: Crunchyroll)",https://s4.anilist.co/file/anilistcdn/media/anime/cover/large/bx162144-T0y7XyTFhSYJ.jpg,https://s4.anilist.co/file/anilistcdn/media/anime/banner/162144-EY0vpBkP5gDj.jpg,3.5,,,,,,,,,,,,,,,Comedy;Fantasy;Romance,Maho Film,,,,,,,,,,,,
Dungeon Meshi 2nd Season,ダンジョン飯 第２期,TVA,,,UPCOMING,TRIGGER,The second season of Dungeon Meshi.,https://s4.anilist.co/file/anilistcdn/media/anime/cover/large/bx178031-prNFZXuxg4nN.png,,,,,,,,,,,,,,,,,Adventure;Comedy;Fantasy,TRIGGER,,,,,,,,,,,,
Smile Down the Runway,ランウェイで笑って,TVA,2020,12,COMPLETED,Ezo’la,"Chiyuki Fujito has a dream: to become a Paris Collection model. The problem is, she's too short to be a model, and everyone around her tells her so! But no matter what they say, she won't give up. Her classmate, a poor student named Ikuto Tsumura, also has a dream: to become a fashion designer. One day Chiyuki tells him that it's ""probably impossible"" for him, causing him to consider giving it up...?! This is the story of two individuals wholeheartedly chasing after their dreams in spite of all the negativity that comes after them!



(Source: Kodansha USA)",https://s4.anilist.co/file/anilistcdn/media/anime/cover/large/bx111501-qZgcR8eb86t3.png,https://s4.anilist.co/file/anilistcdn/media/anime/banner/111501-UiK9ho96bkt5.jpg,3.6,,,,,,,,,,,,,,,Drama;Slice of Life,Ezo’la,,,,,,,,,,,,
Mysterious Disappearances,怪異と乙女と神隠し,TVA,2024,12,COMPLETED,Zero-G,"Sumireko Ogawa’s dream of becoming a novelist is reinvigorated with new rumors of mystical incidents. Now a clerk at a bookstore, she enlists her young coworker, Ren Adashino, to investigate urban legends, black magic, and ghost stories across the city. Sumireko has a knack for triggering magical events, and Ren has a dark secret of his own. Will they survive their investigation unscathed?



(Source: Crunchyroll)",https://s4.anilist.co/file/anilistcdn/media/anime/cover/large/bx160090-EHP57CniSa7I.jpg,https://s4.anilist.co/file/anilistcdn/media/anime/banner/160090-epCcB263It09.jpg,3.3,,,,,,,,,,,,,,,Ecchi;Horror;Mystery;Supernatural,Zero-G,,,,,,,,,,,,
Mr. Villain's Day Off,休日のわるものさん,TVA,2024,12,COMPLETED,Shin-Ei Animation,"The man known as General within a villainous organization that plans to take over the world is usually fighting to the death against the Rangers who protect the Earth...



But today is his day off.



To heal his tired soul from working so hard every day, he goes to the zoo to see pandas and to the convenience store to get some ice cream.



We get to see how a certain villain gets to completely enjoy his days off to the fullest in this comedy that will heal your soul.



(Source: Crunchyroll)",https://s4.anilist.co/file/anilistcdn/media/anime/cover/large/bx162002-tlKT0PVbwluv.jpg,https://s4.anilist.co/file/anilistcdn/media/anime/banner/162002-6FkKCqd2FNFs.jpg,3.5,,,,,,,,,,,,,,,Comedy;Slice of Life,Shin-Ei Animation,,,,,,,,,,,,
Triage X,トリアージX,TVA,2015,10,COMPLETED,Xebec,"Mochizuki General Hospital boasts some of the most well-trained (and well-endowed) nurses in town. But though these ladies spend much of their day battling disease, their after-hours are spent fighting a very different sort of sickness... Under the leadership of the hospital chairman, a handful of staff members and local teenagers form a group of mercenary assassins, targeting the ""cancers"" of society and excising those individuals before their wickedness spreads.



(Source: Anime News Network)",https://s4.anilist.co/file/anilistcdn/media/anime/cover/large/bx20839-6FUPqFJn7j0X.jpg,https://s4.anilist.co/file/anilistcdn/media/anime/banner/20839-wURJUbLirhKT.jpg,2.9,,,,,,,,,,,,,,,Action;Drama;Ecchi,Xebec,,,,,,,,,,,,
"Recently, My Sister Is Unusual",最近、妹のようすがちょっとおかしいんだが。,TVA,2014,12,COMPLETED,project No.9,"In the romance comedy, a girl named Mitsuki Kanzaki lives with her step-brother Yuya after her mother remarries. One day, Mitsuki is possessed by the self-proclaimed spirit of a young girl, Hiyori Kotobuki. Hiyori (in Mitsuki's body) must fall in love with Yuya to move towards the ""Gates of Heaven.""",https://s4.anilist.co/file/anilistcdn/media/anime/cover/large/bx17777-JyiQrGXjw0s0.jpg,https://s4.anilist.co/file/anilistcdn/media/anime/banner/n17777-4yGqRd7toIfO.jpg,2.9,,,,,,,,,,,,,,,Comedy;Ecchi;Romance;Supernatural,project No.9,,,,,,,,,,,,
Karneval (TV),カーニヴァル (TV),TVA,2013,13,COMPLETED,Manglobe,"Armed with only an abandoned bracelet as a clue, Nai searches for a missing loved one. After a run-in with a pick-pocket named Gareki, the two find themselves snagged in a government set-up that leaves them both wanted criminals. Desperate and on the run, Nai and Gareki turn to the country’s most powerful defense organization—“Circus”—for help.


(Source: Crunchyroll)",https://s4.anilist.co/file/anilistcdn/media/anime/cover/large/bx16035-TAbW2i7rtXVM.png,https://s4.anilist.co/file/anilistcdn/media/anime/banner/n16035-9ecItBO7l3K2.jpg,3.3,,,,,,,,,,,,,,,Action;Fantasy;Mystery;Sci-Fi,Manglobe,,,,,,,,,,,,
Ruri Rocks,瑠璃の宝石,TVA,2025,13,COMPLETED,Studio Bind,"Mineral collecting is like a modern-day treasure hunt!



Ruri, a high school girl who loves jewelry and accessories, gets into the world of mineral collecting, venturing into mountains, rivers, and caves. The first volume features numerous minerals, including quartz, garnet, pyrite, gold sand, and fluorite. The manga is full of fascinating scenes focusing on specialized tools such as a panning dish, hammer, and topographical maps. An authentic scientific adventure based on the author's solid knowledge of mineralogy!



(Source: Harta, translated)",https://s4.anilist.co/file/anilistcdn/media/anime/cover/large/bx180929-ytdzqbrOhots.jpg,https://s4.anilist.co/file/anilistcdn/media/anime/banner/180929-HUn5e8gpygL8.jpg,4.0,,,,,,,,,,,,,,,Adventure;Slice of Life,Studio Bind,,,,,,,,,,,,
How to Keep a Mummy,ミイラの飼い方,TVA,2018,12,COMPLETED,8-bit,"When high school student Sora Kashiwagi finds himself staring down a mysterious oversized package sent to him by his self-proclaimed ""adventurer"" father, the last thing he expects is for it to be opened from the inside... by a little mummy so small it can fit in the palm of his hand! 



(Source: Crunchyroll)",https://s4.anilist.co/file/anilistcdn/media/anime/cover/large/bx99390-coJQhVNdvOIS.png,https://s4.anilist.co/file/anilistcdn/media/anime/banner/n99390-isJHLzLF3lQp.jpg,3.6,,,,,,,,,,,,,,,Comedy;Slice of Life;Supernatural,8-bit,,,,,,,,,,,,
Gugure! Kokkuri-san,繰繰れ!コックリさん,TVA,2014,12,COMPLETED,TMS Entertainment,"The original manga revolves around Kohina, a little girl who ends up summoning by a Kokkuri-san, a lower-ranking ghost in Japanese folklore. The Kokkuri-san she calls ends up being a white-haired handsome, young man. Although he had intended to merely haunt her at first, he becomes worried about her terrible eating habit of cup ramen for every meal, so he decides to haunt her in order to protect her.



(Source: Anime News Network)",https://s4.anilist.co/file/anilistcdn/media/anime/cover/large/bx20656-QL6CP1rtkTPj.png,https://s4.anilist.co/file/anilistcdn/media/anime/banner/20656-46VjEVzpXvW4.jpg,3.6,,,,,,,,,,,,,,,Comedy;Supernatural,TMS Entertainment,,,,,,,,,,,,
Natsume's Book of Friends Season 6,夏目友人帳 陸,TVA,2017,11,COMPLETED,Shuka,The sixth season of Natsume Yuujinchou.,https://s4.anilist.co/file/anilistcdn/media/anime/cover/large/bx97983-Uqn04SR6hVW9.jpg,https://s4.anilist.co/file/anilistcdn/media/anime/banner/97983-gnWWi3k6xstM.jpg,4.2,,,,,,,,,,,,,,,Drama;Fantasy;Slice of Life;Supernatural,Shuka,,,,,,,,,,,,
The Masterful Cat is Depressed Again Today,デキる猫は今日も憂鬱,TVA,2023,13,COMPLETED,GoHands,"When Saku took in a stray black cat, she never expected that he would become the equivalent of a housekeeping life partner. But Yukichi, a giant cat who towers over Saku, is not your ordinary feline. He takes great pride in his culinary skills, and a good sale at the supermarket always gets his whiskers twitching. Saku may not have her act together yet, but at least she has Yukichi!



(Source: Seven Seas Entertainment)",https://s4.anilist.co/file/anilistcdn/media/anime/cover/large/bx149883-D2LSB7hm5bhv.png,https://s4.anilist.co/file/anilistcdn/media/anime/banner/149883-SStEPMi7GSIH.jpg,3.8,,,,,,,,,,,,,,,Comedy;Fantasy;Slice of Life,GoHands,,,,,,,,,,,,
Immoral Guild,不徳のギルド,TVA,2022,12,COMPLETED,TNK,"Determined to retire but unwilling to leave his guild without a successor, Kikuru trains a few heroines as apprentices. But between their personalities and monsters with an… unusual interest in women? His retirement is getting further away every day.


(Source: HIDIVE)",https://s4.anilist.co/file/anilistcdn/media/anime/cover/large/bx146233-iJW5lfwNFH5a.jpg,https://s4.anilist.co/file/anilistcdn/media/anime/banner/146233-46Tu13RRCSBq.jpg,3.1,,,,,,,,,,,,,,,Action;Comedy;Ecchi;Fantasy,TNK,,,,,,,,,,,,
Natsume's Book of Friends Season 5,夏目友人帳 伍,TVA,2016,11,COMPLETED,Shuka,The fifth season of Natsume Yuujinchou.,https://s4.anilist.co/file/anilistcdn/media/anime/cover/large/bx21710-Y20fKQviC3hL.jpg,https://s4.anilist.co/file/anilistcdn/media/anime/banner/21710-t9uyLEVqcBXJ.jpg,4.2,,,,,,,,,,,,,,,Drama;Fantasy;Slice of Life;Supernatural,Shuka,,,,,,,,,,,,
From Bureaucrat to Villainess: Dad's Been Reincarnated!,悪役令嬢転生おじさん,TVA,2025,12,COMPLETED,Ajiado,"After a traffic accident, 52-year-old civil servant Kenzaburou Tondabayashi awakens to find he's become Grace Auvergne, a duke's daughter, and more importantly the villainess of an otome game. Not wanting to get in the way of the happy endings of the young characters around him, Grace sets out to play the role of the villain, but whether it's due to Kenzaburou's memories of being an affectionate parent getting in the way or not being able to remember those pesky foreign names properly, it ends up being a lot harder than it looks...",https://s4.anilist.co/file/anilistcdn/media/anime/cover/large/bx172453-7iYNTAEZpNsJ.png,https://s4.anilist.co/file/anilistcdn/media/anime/banner/172453-1HWEuvGj9Bzv.jpg,3.6,,,,,,,,,,,,,,,Comedy;Fantasy,Ajiado,,,,,,,,,,,,
Initial D Final Stage,頭文字[イニシャル]D Final Stage,TVA,2014,4,COMPLETED,SynergySP,"After defeating every racing team in the prefecture, everything comes down to one last race. Takumi Fujiwara has never lost a race, but when his opponent is also using an AE86, it turns into a battle of the AE86. Will Project D succeed in the final and most difficult race of Initial D?",https://s4.anilist.co/file/anilistcdn/media/anime/cover/large/bx19613-5vb40lsFXudd.png,https://s4.anilist.co/file/anilistcdn/media/anime/banner/n19613-lFWY7XuEUTKK.jpg,4.0,,,,,,,,,,,,,,,Action;Sports,SynergySP,,,,,,,,,,,,
Yozakura Quartet,夜桜四重奏 ～ヨザクラカルテット～,TVA,2008,12,COMPLETED,Nomad,"When demons walk the streets, the cops need to recruit more demons!


In a town where humans and demons co-exist, it takes more than a normal police force to maintain the peace. Enter the Hiizumi Life Counseling Office, a fantastic foursome of unique teenagers, each gifted with an amazing super power! Since it sometimes takes real demon-fire to fight demon fire, the first three quarters of the team aren't exactly human: Ao, a cat-eared telepath; Kotoha, a half-human conjuror; and Hime, descended from a dragon (and the town's acting mayor), all of whom also happen to be delightfully female.


Rounding out the group is the token male and human, Akina, the office director and ""Oyakume,"" capable of banishing spirits permanently (and from their point of view quite fatally) via a process called tuning. They may not look as impressive as some other superhero teams, and they certainly don't have the most dynamic name ever, but come hell hounds or high water, but they will defend their city!


(Source: RightStuf)",https://s4.anilist.co/file/anilistcdn/media/anime/cover/medium/b4548-MscKClt97d7N.jpg,https://s4.anilist.co/file/anilistcdn/media/anime/banner/4548-p6ivM17LcinI.jpg,3.2,,,,,,,,,,,,,,,Action;Comedy;Supernatural,Nomad,,,,,,,,,,,,
Medalist,メダリスト,TVA,2025,13,COMPLETED,ENGI,"Tsukasa Akeuraji, a frustrated skater, meets a girl called Inori Yuitsuka, who is yearning to enter the world of figure skating. Motivated by Inori's obsession on the rink, Tsukasa takes on coaching Inori himself. Inori's talent blossoms, and Tsukasa becomes a brilliant mentor. Together they aim to make her a glorious medalist!! 



(Source: Disney+)",https://s4.anilist.co/file/anilistcdn/media/anime/cover/large/bx165171-an9pyRXwVxJS.jpg,https://s4.anilist.co/file/anilistcdn/media/anime/banner/165171-STWwuJVhlDsm.jpg,4.2,,,,,,,,,,,,,,,Drama;Psychological;Sports,ENGI,,,,,,,,,,,,
Shugo Chara!,しゅごキャラ！,TVA,2007,51,COMPLETED,Satelight,"Amu Hinamori is a 5th grade transfer student who is fashionably cool, tough and independent. Despite this, she is also a girl who seems unapproachable, both at home and at school. In reality, the ""Cool and Spicy"" role she plays is just a facade that she unconsciously plays. With her guardian characters, she fights the Easter Company who is extracting people's eggs to create X Eggs & X Characters in search of a special egg called the Embryo.



(Source: Crunchyroll)",https://s4.anilist.co/file/anilistcdn/media/anime/cover/large/bx2923-4gO5g4PBcoxy.jpg,https://s4.anilist.co/file/anilistcdn/media/anime/banner/n2923-TfdsqP36uIqH.jpg,3.5,,,,,,,,,,,,,,,Comedy;Mahou Shoujo;Romance,Satelight,,,,,,,,,,,,
Maria†Holic,まりあ†ほりっく,TVA,2009,12,COMPLETED,Shaft,"It’s not easy to find the perfect girl, even when you’re the same sex! Kanako thought attending an all girls school would be the perfect way to meet the girl of her dreams, but after her hot new roommate turns out to be a guy in drag, and catching the eye of the most popular girl in school only brings down the wrath of all the OTHER similarly obsessed girls, she’s not so sure! Complicate things with a cat-eared dorm leader, her roommate’s rude-mannered maid and identical twin sister (who attends an all boys school, of course,) and WAY too many attractive girls of questionable persuasions and the question becomes whether Kanako can die from frustrated nosebleeds! (Life would be SO much easier if guys didn’t literally give her the hives!) Will Kanako ever find a non-polar opposite of a compatible non-opposing polarity?



(Source: Sentai Filmworks)",https://s4.anilist.co/file/anilistcdn/media/anime/cover/large/bx5030-nDUiCUV0Km64.png,https://s4.anilist.co/file/anilistcdn/media/anime/banner/n5030-Ye7OxMIy8tmQ.jpg,3.4,,,,,,,,,,,,,,,Comedy,Shaft,,,,,,,,,,,,
Rozen Maiden,ローゼンメイデン,TVA,2004,12,COMPLETED,Nomad,"Sakurada Jun spends his days online, ordering whatever he takes a liking to, only to return it before the payment is due. Due to psychological trauma from school, Jun generally keeps contact with people as little as possible. One day he finds instructions online that tell him to put his order into his desk drawer. Rubbing it off as a joke, Jun mindlessly does so only to find that his order instantly disappears from his drawer. A package suddenly appears, containing a beautiful antique doll. When wound up, this doll comes to life. Sadly for Jun, this doll Shinku views Jun as an equivalent for a servant. Despite the constant demands Jun now receives from Shinku, she slowly helps him overcome his fears of human contact as well as protect him from the deadly battles that come into his life due to her appearance.",https://s4.anilist.co/file/anilistcdn/media/anime/cover/large/bx64-JsxXAcf3ZKo1.png,https://s4.anilist.co/file/anilistcdn/media/anime/banner/64-dL4Ec6MxFlQw.jpg,3.5,,,,,,,,,,,,,,,Action;Comedy;Drama;Supernatural,Nomad,,,,,,,,,,,,
Saint Cecilia & Pastor Lawrence,白聖女と黒牧師,TVA,2023,12,COMPLETED,Doga Kobo,"Saint Cecilia is beloved by the townspeople—not only is she elegant and composed, she benevolently shares her wisdom with all who seek it. That is, until the last person has left—at which point she becomes totally hopeless! Only Pastor Lawrence, is keeping the Saint put together enough to do her duties...and though she may test him, it's all in a day's work!



(Source: Kodansha USA)",https://s4.anilist.co/file/anilistcdn/media/anime/cover/large/bx150972-3gNJvsyu7lwP.png,https://s4.anilist.co/file/anilistcdn/media/anime/banner/150972-pqOOBVrxcTz0.jpg,3.6,,,,,,,,,,,,,,,Comedy;Fantasy;Romance;Slice of Life,Doga Kobo,,,,,,,,,,,,
Fate/kaleid liner Prisma☆Illya 2wei! Herz!,Fate/kaleid liner プリズマ☆イリヤ ツヴァイ ヘルツ！,TVA,2015,10,COMPLETED,SILVER LINK.,"The second part of Fate/kaleid liner Prisma☆Illya 2wei!.



Illyasviel von Einzbern's life has become ridiculously complicated since the Kaleidostick Ruby convinced her to become a magical girl and join the quest for collecting the seven Class Cards. Since then, almost every day has brought a new surprise, from gaining new friends and partners like Miyu Edelfelt, to encountering her own magical twin! One would think Illya deserves a little time off, right? No such luck: a trip to the beach quickly turns into a magical quest, and Illya finds herself caught in a string of magical feuds, encounters with love potions, an excursion into the world of ""boys love"" comics (plus the women who read them), and half a dozen other delirious diversions. However, that's only the warm-up for what might be her final mission: recovering the long-lost Eighth Card!



(Source: Sentai Filmworks)",https://s4.anilist.co/file/anilistcdn/media/anime/cover/large/bx20845-4iTgYkjPsUYh.png,https://s4.anilist.co/file/anilistcdn/media/anime/banner/20845-iiodGMDGio38.jpg,3.5,,,,,,,,,,,,,,,Action;Comedy;Ecchi;Fantasy;Mahou Shoujo,SILVER LINK.,,,,,,,,,,,,
Tomorrow's Joe,あしたのジョー,TVA,1970,79,COMPLETED,Mushi Production,"Joe, a teenage orphan in the slums of the Doya streets, meets Danpei, a homeless, alcoholic ex-boxing coach. Danpei, seeing Joe's boxing talent, decides to train him. When Joe is sent to a terrible juvenile home for petty crimes, he meets Rikiishi who becomes his boxing rival. Danpei arrives at the home to help Joe to train in order to defeat Rikiishi. When Joe decides to seriously pursue boxing, Danpei cannot get a coaching license because of his reputation as a drunk. 


(Source: AnimeNfo)",https://s4.anilist.co/file/anilistcdn/media/anime/cover/large/nx2402-hbo1SbfcM5hm.jpg,https://s4.anilist.co/file/anilistcdn/media/anime/banner/2402-SgRt5yp35i1Y.jpg,4.0,,,,,,,,,,,,,,,Action;Drama;Slice of Life;Sports,Mushi Production,,,,,,,,,,,,
You and Me.,君と僕。,TVA,2011,13,COMPLETED,J.C.STAFF,"The story revolves around four teens &mdash; the good-looking twins Yuuta and Yuuki Asaba, the effeminate Shun Matsuoka, and the class head Kaname Tsukahara &mdash; who have known each other since early childhood. While they are not necessarily good or bad friends, they continue to hang out well into high school. The half-Japanese transfer student Chizuru Tachibana joins the circle of friends in this comedy about the everyday life of adolescence.",https://s4.anilist.co/file/anilistcdn/media/anime/cover/large/bx10460-qvyyqn5teodZ.png,https://s4.anilist.co/file/anilistcdn/media/anime/banner/n10460-xJQZzG9McM4g.jpg,3.6,,,,,,,,,,,,,,,Comedy;Drama;Romance;Slice of Life,J.C.STAFF,,,,,,,,,,,,
Harukana Receive,はるかなレシーブ,TVA,2018,12,COMPLETED,C2C,"The story takes place in Okinawa, where Haruka forms a beach volleyball pair with Kanata. Kanata, who couldn't handle the pressure put on her by her short height, had given up on beach volleyball already, but is convinced by Haruka to step back on the sand once again and aim for the junior tournament.",https://s4.anilist.co/file/anilistcdn/media/anime/cover/large/bx99586-mnJTcYlTpC5T.jpg,https://s4.anilist.co/file/anilistcdn/media/anime/banner/99586-2YfhPTvoBlv7.jpg,3.2,,,,,,,,,,,,,,,Ecchi;Slice of Life;Sports,C2C,,,,,,,,,,,,
Inari Kon Kon,いなり、こんこん、恋いろは。,TVA,2014,10,COMPLETED,Production IMS,"Fushimi Inari is a shy, not-so-bright middle school girl living in Kyoto's Fushimi ward. She has a crush on her classmate Tanbabashi, but cannot express her feelings. One day, as thanks for helping a fox pup, the deity Ukanomitamanokami grants her the ability to change her form.",https://s4.anilist.co/file/anilistcdn/media/anime/cover/large/bx20488-3kTJBoU55DeQ.jpg,https://s4.anilist.co/file/anilistcdn/media/anime/banner/20488.jpg,3.5,,,,,,,,,,,,,,,Comedy;Romance;Supernatural,Production IMS,,,,,,,,,,,,
Junjo Romantica,純情ロマンチカ,TVA,2008,12,COMPLETED,Studio DEEN,"Three very different couples caught up in a storm of pure romance!


Romantica: Misaki is struggling to prepare for his college entrance exams, so his brother arranges for a private tutor. But Misaki's nightmare is just beginning when his tutor, Usami, comes on to him! How will Misaki ever manage to pass his exam? And why does he feel so mysteriously drawn to Usami?


Egoist: Just when Kamijou's life is at its lowest, he has a chance meeting with a man who never lets anything hold him back: Nowaki. His name means ""typhoon,"" and he's about to take Kamijou on a whirlwind ride that will turn everything upside-down.


Terrorist: Miyagi always seems to shrug off the cares of the world with a joke and a smile, but even he has problems, although he doesn't let them show. Foremost is Shinobu, a relentless young man who's adamant that they're destined to be together.


(Source: RightStuf)",https://s4.anilist.co/file/anilistcdn/media/anime/cover/large/bx3092-HjwfgrWFiUlu.jpg,https://s4.anilist.co/file/anilistcdn/media/anime/banner/3092-g60dQLpR39ra.jpg,3.3,,,,,,,,,,,,,,,Comedy;Drama;Romance,Studio DEEN,,,,,,,,,,,,
Toilet-bound Hanako-kun Season 2,地縛少年花子くん２,TVA,2025,12,COMPLETED,Lerche,"The second season of Jibaku Shounen Hanako-kun.


Hanako, Nene, and Kou race against time to uncover the traitor among the Seven Wonders.


(Source: Crunchyroll News)",https://s4.anilist.co/file/anilistcdn/media/anime/cover/large/bx170892-zhJUSsX6PaF0.jpg,https://s4.anilist.co/file/anilistcdn/media/anime/banner/170892-z7o6PfBtqNtq.jpg,4.0,,,,,,,,,,,,,,,Action;Comedy;Drama;Mystery;Supernatural,Lerche,,,,,,,,,,,,
Black Clover Season 2,ブラッククローバー 第2期,TVA,2026,,UPCOMING,Studio Pierrot,The second season of Black Clover.,https://s4.anilist.co/file/anilistcdn/media/anime/cover/large/bx195604-qcFZ1o24WUF8.jpg,,,,,,,,,,,,,,,,,Action;Adventure;Comedy;Fantasy,Studio Pierrot,,,,,,,,,,,,
Saint Seiya: Knights of the Zodiac,聖闘士星矢,TVA,1986,114,COMPLETED,Toei Animation,"Ages ago, the goddess Athena was served by fighters called Saints who channeled the power of the Cosmos within them. Now a youth named Seiya has trained to become a Saint himself by earning the mystical Cloth of Pegasus. He is joined by other Saints with Cloths of their own to fight for Athena. 


(Source: Anime News Network)",https://s4.anilist.co/file/anilistcdn/media/anime/cover/medium/1254.jpg,https://s4.anilist.co/file/anilistcdn/media/anime/banner/1254-8sEdD7gwYipm.jpg,3.6,,,,,,,,,,,,,,,Action;Adventure;Fantasy;Sci-Fi,Toei Animation,,,,,,,,,,,,
Baki the Grappler,グラップラー刃牙 (TV),TVA,2001,24,COMPLETED,Group TAC,"Baki Hanma is a young fighter who yearns to follow in the footsteps of his father, Yujiro, and become the strongest fighter in the world. Through that he trains tirelessly and fights constantly to hone his skills and develop his body to achieve these goals. Many intense battles lay ahead of Baki as he goes about his quest to be the best and ultimately take the title of ""King"" from his father.",https://s4.anilist.co/file/anilistcdn/media/anime/cover/large/bx287-goNFQRZPze2g.jpg,https://s4.anilist.co/file/anilistcdn/media/anime/banner/287-iCmAPCmck31R.jpg,3.6,,,,,,,,,,,,,,,Action;Sports,Group TAC,,,,,,,,,,,,
Urara Meirocho,うらら迷路帖,TVA,2017,12,COMPLETED,J.C.STAFF,"The story is set in Meiro-chou, a town where all-female diviners (uranaishi) live and where girls from all over the country yearn to become the top diviner — ""Urara."" Today, a solitary girl named Chiya enters the town's gates. However, she has another purpose coming here, besides becoming the Urara. Chiya's days as an apprentice diviner begin as she meets three friends — the earnest Kon, Koume who is a fan of Western culture, and the shy Nono.


(Source: Anime News Network)",https://s4.anilist.co/file/anilistcdn/media/anime/cover/large/bx21696-t6vK6om0LJtT.jpg,https://s4.anilist.co/file/anilistcdn/media/anime/banner/21696-j2vBJIcPIMhn.png,3.4,,,,,,,,,,,,,,,Comedy;Fantasy;Slice of Life,J.C.STAFF,,,,,,,,,,,,
Hi Score Girl II,ハイスコアガール II,TVA,2019,9,COMPLETED,J.C.STAFF,The second season of High Score Girl.,https://s4.anilist.co/file/anilistcdn/media/anime/cover/medium/b108581-gmxhJcBbITCl.jpg,https://s4.anilist.co/file/anilistcdn/media/anime/banner/108581-QR0eNPQybREZ.jpg,3.9,,,,,,,,,,,,,,,Comedy;Drama;Romance,J.C.STAFF,,,,,,,,,,,,
Rock is a Lady’s Modesty,ロックは淑女の嗜みでして,TVA,2025,13,COMPLETED,Bandai Namco Pictures,"At an elite all-girls' academy where refined young ladies gather, Lilisa Suzunomiya, now the daughter of a real estate tycoon after her mother remarried, is forced to abandon her guitar and rock music to fit in. However, her passion is reignited by sounds from the old school building, where she meets a skilled drummer who shares her love for rock. Together, they embrace their inner rockstars, elegantly clashing and shouting their way through the academy in this captivating tale of grace and rebellion.



(Source: HIDIVE)",https://s4.anilist.co/file/anilistcdn/media/anime/cover/large/bx179694-7zhc0T6IImor.jpg,https://s4.anilist.co/file/anilistcdn/media/anime/banner/179694-wEDYf9cMXKSm.jpg,3.9,,,,,,,,,,,,,,,Drama;Music,Bandai Namco Pictures,,,,,,,,,,,,
Is the Order a Rabbit?? Season 2,ご注文はうさぎですか？？,TVA,2015,12,COMPLETED,WHITE FOX,"The second season of Gochuumon wa Usagi Desu ka?



It’s time to re-open the doors to Rabbit House, where good friends are ready to take on the next exciting adventure, and there’s always something unusual going on. After all, how many cafés have waitresses who collect firearms and a rabbit that actually talks? However, trouble may be burrowing into the Kafuu residence when a magazine runs an article on places to eat and neglects to mention Rabbit House! Will an investigation into what’s been “haunting” Syaro’s house be a wild goose chase, or will someone get a lot of grey hare as a result? Is the sudden appearance of Cocoa’s big sister a blessing or a disaster waiting happen? Still, nothing is as scary as the prospect of graduating school! Will everyone make the grade, or will some friends be left behind?



(Source: Sentai Filmworks)",https://s4.anilist.co/file/anilistcdn/media/anime/cover/large/bx21034-PgPlR55DktTJ.jpg,https://s4.anilist.co/file/anilistcdn/media/anime/banner/n21034-UaWI3qdUZxje.jpg,3.8,,,,,,,,,,,,,,,Slice of Life,WHITE FOX,,,,,,,,,,,,
Chio's School Road,ちおちゃんの通学路,TVA,2018,12,COMPLETED,diomedéa,"Miyamo Chio, a first-year at the completely ordinary high school Samejima Academy. Chio just wants to get through her school life without standing out too much, but for some reason, all kinds of obstacles await her along the path she takes to school. Her long-time friend Nonomura Manana, who's trying to quit being an otaku; the flawless Hosokawa Yuki, who occupies the top caste in the school; and lots of nameless people about town find themselves in Chio's path as she employs the (useless) techniques she's acquired from her Western video games in her daily efforts to get to school.



(Source: Crunchyroll)",https://s4.anilist.co/file/anilistcdn/media/anime/cover/large/bx99366-niYV5CEsEhnc.jpg,https://s4.anilist.co/file/anilistcdn/media/anime/banner/n99366-LJAdZ5GKxFaQ.jpg,3.5,,,,,,,,,,,,,,,Comedy;Slice of Life,diomedéa,,,,,,,,,,,,
Tsubasa RESERVoir CHRoNiCLE,ツバサ・クロニクル,TVA,2005,26,COMPLETED,Bee Train,"During an excavation at the mysterious ruins in Clow Country, Syaoran discovers his childhood friend Princess Sakura appear on the site with wings that disperse into many feathers. As the feather's disappear to different dimensions, so does Sakura's memory. In attempts to save Sakura's life and restore her memory, Syaoran travels through to another world to find a solution. There's only one thing left he can do. Travel through to different dimensions to collect Sakura's feathers. Helping out with the quest is Kurogane, an exiled ninja from Japan Country who wishes to return to his world, the runaway magician, Fay, who desires to jump between each world never to return to his own and the white meat-bun shaped creature, Mokona.",https://s4.anilist.co/file/anilistcdn/media/anime/cover/large/bx177-tU0wjdXRw5u8.png,https://s4.anilist.co/file/anilistcdn/media/anime/banner/177-IHqN2HjMaQnN.jpg,3.5,,,,,,,,,,,,,,,Adventure;Fantasy;Romance,Bee Train,,,,,,,,,,,,
Viral Hit,喧嘩独学,TVA,2024,12,COMPLETED,Okuruto Noboru,"Scrawny high school student Hobin Yu is probably the last guy you’d expect to star in a NewTube channel that revolves around fighting. But after following some advice from a mysterious NewTube channel, Hobin is soon knocking out guys stronger than him and raking in more money than he could have ever dreamed of. Can Hobin keep this up, or will he eventually meet his match?



(Source: WEBTOON)",https://s4.anilist.co/file/anilistcdn/media/anime/cover/large/bx174653-OsnK4BuENjUT.jpg,https://s4.anilist.co/file/anilistcdn/media/anime/banner/174653-Rq9ikE3MDb4x.jpg,3.5,,,,,,,,,,,,,,,Action;Comedy,Okuruto Noboru,,,,,,,,,,,,
We Were There,僕等がいた,TVA,2006,26,COMPLETED,Artland,"Nanami Takahashi welcomes the start of her high school life with great expectations of making as many friends as possible. There is much talk among the girls about a popular boy, Motoharu Yano, who has 2/3 of the girls in his middle school liking him. When Nanami asks Yuri Yamamoto, the girl sitting next to her, about Yano, the latter curtly replies that she dislikes him. Nanami is clueless of who Yano is until the day of the class nomination when she made a fool of herself by calling the name of her new friend wrongly. It turns out that she has actually met Yano along the corridors (unaware of his true identity) and he tricked her by providing a random name, resulting in the embarrassing incident in class. Nanami was initially mad at Yano but after a few encounters with him, she begins to find herself liking him.",https://s4.anilist.co/file/anilistcdn/media/anime/cover/large/bx1222-kRIt3mFjuDaW.png,https://s4.anilist.co/file/anilistcdn/media/anime/banner/n1222-9JtzsJL8ygRs.jpg,3.4,,,,,,,,,,,,,,,Drama;Romance;Slice of Life,Artland,,,,,,,,,,,,
Karakuri Circus,からくりサーカス,TVA,2018,36,COMPLETED,Studio VOLN,"The protagonist, Masaru, has just inherited a big fortune after the death of his father. However, people are trying to get their hands on it by any means necessary, even if it means killing him. Narumi helped Masaru from being kidnapped after fighting some weird guys. He found out that they're not humans but wooden puppets with amazing strength. After a hard fight, Narumi was forced to admit that he's no opponent for them; and just when he started to think that Masaru would be captured, Shirogane, Masaru's watcher arrives from France with a weapon, the puppet Arlequin. Here, begins the story of Karakuri Circus.",https://s4.anilist.co/file/anilistcdn/media/anime/cover/large/nx101336-RhdykHwHu1dh.jpg,https://s4.anilist.co/file/anilistcdn/media/anime/banner/n101336-qLNjcp3kBrXL.jpg,3.4,,,,,,,,,,,,,,,Adventure;Mystery,Studio VOLN,,,,,,,,,,,,
My Hero Academia: Vigilantes Season 2,ヴィジランテ -僕のヒーローアカデミア ILLEGALS- 第2期,TVA,2026,13,COMPLETED,bones film,The second season of Vigilante: Boku no Hero Academia ILLEGALS.,https://s4.anilist.co/file/anilistcdn/media/anime/cover/large/bx195322-hqBf19mBtM5K.jpg,https://s4.anilist.co/file/anilistcdn/media/anime/banner/195322-LBvpKyDllb8T.jpg,3.7,,,,,,,,,,,,,,,Action;Adventure;Drama;Fantasy,bones film,,,,,,,,,,,,
Kannagi: Crazy Shrine Maidens,かんなぎ,TVA,2008,13,COMPLETED,A-1 Pictures,"Based on a shounen manga by Takenashi Eri, serialised in Comic REX.


Our unlucky protagonist, Jin, uses the trunk of a sacred tree to carve a statue for a school project. When he takes it outside, to his surprise it begins absorbing the surrounding earth and transforms into, hold your breath on this one, a girl! So like all similar setups this guardian deity is pretty pissed that her tree was cut down and lives with Jin while she takes out her anger on squashing bugs....er, cleaning the ""Impurities"".",https://s4.anilist.co/file/anilistcdn/media/anime/cover/large/nx3958-SztG03yWCG5G.jpg,https://s4.anilist.co/file/anilistcdn/media/anime/banner/3958-kZJUl1sHD2Fi.jpg,3.5,,,,,,,,,,,,,,,Comedy;Supernatural,A-1 Pictures,,,,,,,,,,,,
Asteroid in Love,恋する小惑星〈アステロイド〉,TVA,2020,12,COMPLETED,Doga Kobo,"When she was little, Konohata Mira promises a boy she meets at a campsite that they can find an asteroid together. When she enters high school, she joins the astronomy club. But that year, the astronomy club happened to combine with the geology club, making it the astrogeo club?!



Won't you find all kinds of sparkles with the astrogeo girls?



(Source: Crunchyroll)",https://s4.anilist.co/file/anilistcdn/media/anime/cover/large/bx108092-vbL3rf0b23sp.jpg,https://s4.anilist.co/file/anilistcdn/media/anime/banner/108092-y9c4xaGJU8m9.jpg,3.4,,,,,,,,,,,,,,,Comedy;Slice of Life,Doga Kobo,,,,,,,,,,,,
D.Gray-man HALLOW,ディー・グレイマン ハロー,TVA,2016,13,COMPLETED,TMS Entertainment,"Despite the recent Akuma attack, the members of the Black Order are in high spirits as they set about moving to a new base. Immediately upon his arrival, however, Allen Walker is suddenly called by the Central Agency and has his arm forcefully sealed by the Order. He is then led to a surprising meeting with his master, General Cross Marian, who reveals staggering secrets surrounding the enigmatic 14th Noah. 



A phantom thief incident, the arrival of a mysterious group of Exorcists, the death of an important comrade, and an all-out battle against the Noah Family—just what does this mean for Allen, Yuu Kanda, and the rest of the Order? This is but the beginning of a series of strange, seemingly unconnected events that lead to something far greater. 



(Source: MAL Rewrite)",https://s4.anilist.co/file/anilistcdn/media/anime/cover/large/bx21558-K9iLPLz1gDGY.png,https://s4.anilist.co/file/anilistcdn/media/anime/banner/21558-uuPrY046YYGZ.jpg,3.7,,,,,,,,,,,,,,,Action;Adventure;Comedy,TMS Entertainment,,,,,,,,,,,,
The Honor at Magic High School,魔法科高校の優等生,TVA,2021,13,COMPLETED,CONNECT,"Nearly a century after magic was recognized as a real form of technology, Miyuki Shiba begins her term at Magic High School. An “honor” student, she dreamed of enjoying school with her older brother Tatsuya, an “irregular” student. But a rift between the gifted Course 1 students and the inferior Course 2 students could stand in the way. This time, Miyuki is the star of the show!



(Source: Funimation)",https://s4.anilist.co/file/anilistcdn/media/anime/cover/large/bx127688-WDZFupRhW3eX.jpg,,3.2,,,,,,,,,,,,,,,Fantasy;Sci-Fi,CONNECT,,,,,,,,,,,,
Fate/kaleid liner Prisma☆Illya 3rei!!,Fate/kaleid liner プリズマ☆イリヤ ドライ!!,TVA,2016,12,COMPLETED,SILVER LINK.,"The third season of Fate/kaleid liner Prisma☆Illya.



Illya and the gang have finished their battle against the heroic spirit residing in the eighth class card. They're back in vacation mode again, looking to make the most of what they have left of summer break. But their hopes get crushed in the blink of an eye. An all-too-unrealistic silhouette appears before them when they go to investigate the strange event at Mount Enzō. After a short skirmish, the entire space ends up being warped. Illya wakes up in a wintry Fuyuki City... in a parallel world. This is the world where Miyu was born and raised.



(Source: Anime News Network)",https://s4.anilist.co/file/anilistcdn/media/anime/cover/large/bx21379-RDJgELNOIGDS.png,https://s4.anilist.co/file/anilistcdn/media/anime/banner/21379-a3qpVhkekzks.jpg,3.6,,,,,,,,,,,,,,,Action;Comedy;Ecchi;Fantasy;Mahou Shoujo,SILVER LINK.,,,,,,,,,,,,
The Fable,ザ・ファブル,TVA,2024,25,COMPLETED,Tezuka Productions,"When you're the infamous prodigy hitman known only as “Fable,” many things come easy. Being a normal person, however, isn't one of them. In fact, being told that he can't kill anyone for a while may just be the hardest job Fable’s ever taken...



(Source: Kodansha USA)",https://s4.anilist.co/file/anilistcdn/media/anime/cover/large/bx166910-wI4LacRXICtI.png,https://s4.anilist.co/file/anilistcdn/media/anime/banner/166910-hmc3ZVLcnv9x.jpg,3.9,,,,,,,,,,,,,,,Action;Comedy;Drama;Romance;Thriller,Tezuka Productions,,,,,,,,,,,,
Wandering Son,放浪息子,TVA,2011,11,COMPLETED,AIC,"Fifth grader Shuuichi Nitori is considered by most to be one of the prettiest girls in school, but much to her dismay, she is actually biologically male. Fortunately, Shuuichi has a childhood friend who shares similar feelings of gender dysphoria: the lanky tomboy Yoshino Takatsuki, who, though biologically female, does not identify as a girl. These two friends share a similar secret and find solace in one another; however, their lives become even more complicated when they must tread the unfamiliar waters of a new school, attempt to make new friends, and struggle to maintain old ones. Faced with nearly insurmountable odds, they must learn to deal with the harsh realities of growing up, gender identity, relationships, and acceptance.



Lauded as a decidedly serious take on gender identity and LGBT struggles, Takako Shimura's Hourou Musuko is about Shuuichi and Yoshino's journey to discover their true selves as they enter puberty, make friends, fall in love, and face real and difficult choices.



Note: The full version of Hourou Musuko was originally intended to be 12 episodes, but the programming block it aired on only had space for 11 episodes. Therefore, episodes 10 and 11 were edited together and aired on TV as episode 10. Episode 12 was aired on TV as episode 11. The full versions of episodes 10 and 11 were included on the BD & DVD releases and are included in the Hourou Musuko Specials entry.",https://s4.anilist.co/file/anilistcdn/media/anime/cover/large/bx8426-ISvFPcPQ7aXU.png,https://s4.anilist.co/file/anilistcdn/media/anime/banner/n8426-r7Xvh2HiRuwx.jpg,3.7,,,,,,,,,,,,,,,Drama;Romance;Slice of Life,AIC,,,,,,,,,,,,
UzaMaid!,うちのメイドがウザすぎる！,TVA,2018,12,COMPLETED,Doga Kobo,"Misha is a little girl who lost her mother at an early age, and now lives with her father. Her father employs a maid named Tsubame, who was a former Self-Defense Force official, and is also a lolicon.

(Source: Anime News Network)",https://s4.anilist.co/file/anilistcdn/media/anime/cover/large/nx101506-uY2udopqvdYp.jpg,https://s4.anilist.co/file/anilistcdn/media/anime/banner/n101506-PSbyUwaglatk.jpg,3.2,,,,,,,,,,,,,,,Comedy;Slice of Life,Doga Kobo,,,,,,,,,,,,
Forest of Piano,ピアノの森 (TV),TVA,2018,12,COMPLETED,Gaina,"A tranquil tale about two boys from very different upbringings. On one hand you have Kai, born as the son of a prostitute, who's been playing the abandoned piano in the forest near his home ever since he was young. And on the other you have Shuuhei, practically breast-fed by the piano as the son of a family of prestigious pianists. Yet it is their common bond with the piano that eventually intertwines their paths in life.



(Source: KEFI)",https://s4.anilist.co/file/anilistcdn/media/anime/cover/large/nx100401-frKNiXOnRKdu.jpg,https://s4.anilist.co/file/anilistcdn/media/anime/banner/100401-ox7dBr8i1q35.jpg,3.5,,,,,,,,,,,,,,,Drama;Music,Gaina,,,,,,,,,,,,
Burning Kabaddi,灼熱カバディ,TVA,2021,12,COMPLETED,TMS Entertainment,"Yoigoshi Tatsuya was a star soccer player known as ""Yoigoshi the Unstoppable,"" but when he entered high school, he severed all involvement with sports. Now, he has been invited to a certain sports team. In these matches, victory is achieved through teammates working together to catch and defeat the opponents invading their territory... You could call it a sort of running combat sport. And the name of this game is...Kabaddi.


(Source: Crunchyroll)",https://s4.anilist.co/file/anilistcdn/media/anime/cover/large/bx120859-420ZuJhi9Rug.jpg,https://s4.anilist.co/file/anilistcdn/media/anime/banner/120859-xTEIbr5Y7A38.jpg,3.4,,,,,,,,,,,,,,,Action;Drama;Sports,TMS Entertainment,,,,,,,,,,,,
ARIA The ORIGINATION,ARIA The ORIGINATION,TVA,2008,13,COMPLETED,Hal Film Maker,"In Neo Venezia, Akari, Aika, and Alice continue to work diligently toward the day they become full-fledged Prima Undine (a professional tour guide gondolier). The girls have come far since they began their training, and they are slowly forming their own distinctive styles as tour guides for the city.


On the long journey towards their goal, the girls have relied on the advice of their seniors from their respective companies: the patient and understanding Alicia from Aria Company, the strict and proper Akira from Himeya Company, and the clumsy yet caring Athena from Orange Planet Company.


Will the girls be able to blend the advice from their mentors with their personally acquired knowledge of Neo Venezia to become praiseworthy Prima Undines?


Welcome once more to Neo Venezia; the city that personifies warmth and tranquility.",https://s4.anilist.co/file/anilistcdn/media/anime/cover/large/bx3297-FHuyO7uiefNg.png,https://s4.anilist.co/file/anilistcdn/media/anime/banner/3297.jpg,4.3,,,,,,,,,,,,,,,Fantasy;Sci-Fi;Slice of Life,Hal Film Maker,,,,,,,,,,,,
Laid-Back Camp Season 3,ゆるキャン△ SEASON３,TVA,2024,12,COMPLETED,8-bit,"Within the narrow walls of the Outdoor Activities Club room, the few but lively members carry on the camping spirit as they have fun with DIY club experiments. Exciting experiences such as these have brought Nadeshiko Kagamihara deep into the world of camping, making her want to once again go on a solo trip.



However, other plans come first, as Ayano Toki and Rin Shima invite Nadeshiko to camp near Ooi River. Eager to go on their first journey together, the girls set off to forge precious memories that will stick with their hearts for years to come.



(Source: MAL Rewrite)",https://s4.anilist.co/file/anilistcdn/media/anime/cover/large/bx155908-2ZOxqbagDxNv.jpg,https://s4.anilist.co/file/anilistcdn/media/anime/banner/155908-K8ZgYWWJj3P4.jpg,4.0,,,,,,,,,,,,,,,Comedy;Slice of Life,8-bit,,,,,,,,,,,,
WWW.WAGNARIA!!,WWW.WORKING!!,TVA,2016,13,COMPLETED,A-1 Pictures,"Daisuke Higashida gets a job at the restaurant because of family financial difficulties, but no one who works there is normal.



(Source: Anime News Network)",https://s4.anilist.co/file/anilistcdn/media/anime/cover/large/bx21764-tItSTDi0QB31.jpg,https://s4.anilist.co/file/anilistcdn/media/anime/banner/21764-jnDSG4asKWms.png,3.6,,,,,,,,,,,,,,,Comedy;Romance;Slice of Life,A-1 Pictures,,,,,,,,,,,,
Minami-ke,みなみけ,TVA,2007,13,COMPLETED,Daume,"There are three of the Minami sisters: Haruka, Kana and Chiaki, who have an average life. The girls only have each other to depend on and help each other get through everything from love confessions to cooking.



(Source: Anime News Network)",https://s4.anilist.co/file/anilistcdn/media/anime/cover/large/bx2963-JxvWsnzcs4IP.png,https://s4.anilist.co/file/anilistcdn/media/anime/banner/2963-WP4D4YxOk04F.jpg,3.6,,,,,,,,,,,,,,,Comedy;Slice of Life,Daume,,,,,,,,,,,,
Strawberry Marshmallow,苺ましまろ,TVA,2005,12,COMPLETED,Daume,"""Cute girls doing cute things in cute ways.""


Everyday things make up the fabric of life, whether it's making friends, going to school, trying to make money, or celebrating a holiday. Ichigo Mashimaro is a heartwarming series that follows the daily lives of Itou Chika, her sister Nobue, and her friends Miu, Matsuri, and Ana.",https://s4.anilist.co/file/anilistcdn/media/anime/cover/large/bx488-FwxcBNNqG6TC.png,https://s4.anilist.co/file/anilistcdn/media/anime/banner/488-t67Tzs0FkzUp.jpg,3.7,,,,,,,,,,,,,,,Comedy;Slice of Life,Daume,,,,,,,,,,,,
Blue Exorcist -Beyond the Snow Saga-,青の祓魔師 雪ノ果篇,TVA,2024,12,COMPLETED,Studio VOLN,"Sequel to Ao no Exorcist: Shimane Illuminati-hen. 



Uncover the dark side of the Knights of the True Cross and the mystery of the ""Blue Night""!



Brothers Rin and Yukio head to Lake Towada in Aomori to search for Shura, who had suddenly disappeared. There, they find Shura’s birthplace – the place where Shiro became her guardian. As their search continues, Rin and Yukio discover the fate that awaits Shura.



Meanwhile, Lightning, one of the Arch Knights, arrives at the Japan Branch of the Knights of the True Cross and begins his investigation into the Illuminati. Lightning deduces that everything began on the “Blue Night,” as he gradually steps into the dark side of the Knights of the True Cross….



(Source: Aniplex USA)",https://s4.anilist.co/file/anilistcdn/media/anime/cover/large/bx176311-OZudERHrpJJ0.jpg,https://s4.anilist.co/file/anilistcdn/media/anime/banner/176311-faAPK9m0QCjP.jpg,3.7,,,,,,,,,,,,,,,Action;Fantasy;Supernatural,Studio VOLN,,,,,,,,,,,,
Bocchi the Rock! 2nd Season,ぼっち・ざ・ろっく！ 2期,TVA,,,UPCOMING,CloverWorks,"We will Be back！



The second season of Bocchi the Rock!



(Source: Official BTR Twitter)",https://s4.anilist.co/file/anilistcdn/media/anime/cover/large/bx186712-d5I2TjUQcHuI.jpg,,,,,,,,,,,,,,,,,Comedy;Music;Slice of Life,CloverWorks,,,,,,,,,,,,
Ms. vampire who lives in my neighborhood.,となりの吸血鬼さん,TVA,2018,12,COMPLETED,Studio Gokumi,"Human girl Amano Akari is rescued by a vampire, Sophie Twilight, and falls in love with her. She forces herself into Sophie’s home and begins living with her. Though Sophie is a vampire, she never attacks humans, instead buying blood and anime merchandise online like any ordinary person. A modern-day vampire comedy!



(Source: Crunchyroll)",https://s4.anilist.co/file/anilistcdn/media/anime/cover/large/nx101371-36M9Eu65MKlU.jpg,https://s4.anilist.co/file/anilistcdn/media/anime/banner/n101371-gQWOSSQe6WVE.jpg,3.5,,,,,,,,,,,,,,,Comedy;Slice of Life;Supernatural,Studio Gokumi,,,,,,,,,,,,
In the Clear Moonlit Dusk,うるわしの宵の月,TVA,2026,12,COMPLETED,East Fish Studio,"Yoi Takiguchi has long legs, a deep voice, and a handsome face…in other words, Yoi is such a good-looking guy that most people don’t notice or care that she is, in fact, a girl. Indeed, she’s had the nickname “Prince” for as long as she can remember. That is, until she met Ichimura-senpai…the only person who really seemed to see her for herself. To her surprise, she’s not sure how to handle this new relationship, especially when her newfound friend is a prince himself (and a guy prince, at that). The story of the two high school princes starts here!



(Source: Crunchyroll)",https://s4.anilist.co/file/anilistcdn/media/anime/cover/large/bx192507-SCmImUlUnpAD.jpg,https://s4.anilist.co/file/anilistcdn/media/anime/banner/192507-nv0NJmhQYTgz.jpg,3.7,,,,,,,,,,,,,,,Romance;Slice of Life,East Fish Studio,,,,,,,,,,,,
World Trigger 3rd Season,ワールドトリガー 3rdシーズン,TVA,2021,14,COMPLETED,Toei Animation,"The third season of World Trigger.



With Hyuse joining the Tamakoma Squad, the rank wars are continuing and the Tamakoma squad are striving to get selected for the Away Missions.",https://s4.anilist.co/file/anilistcdn/media/anime/cover/large/bx127400-m2xz2qDVqQwL.jpg,https://s4.anilist.co/file/anilistcdn/media/anime/banner/127400-IuoRgRQlO0UB.jpg,4.1,,,,,,,,,,,,,,,Action;Sci-Fi,Toei Animation,,,,,,,,,,,,
Outlaw Star,星方武侠アウトロースター,TVA,1998,24,COMPLETED,Sunrise,"Gene Starwind is a jack-of-all-trades responsible for odd jobs and bounty hunting with his partner, Jim Hawking. Stuck on a rundown planet, he’s going nowhere fast. But when a bodyguard job goes sideways, he finds himself the proud owner of the Outlaw Star and on an adventure to find the mysterious Galactic Leyline. Facing pirates and dangers galore, can he survive the journey through space?



(Source: Crunchyroll)",https://s4.anilist.co/file/anilistcdn/media/anime/cover/large/bx400-CJ2duQT3dCX1.png,https://s4.anilist.co/file/anilistcdn/media/anime/banner/400-rkltKfdzW10w.jpg,3.8,,,,,,,,,,,,,,,Action;Adventure;Comedy;Sci-Fi,Sunrise,,,,,,,,,,,,
The Prince of Tennis,テニスの王子様,TVA,2001,178,COMPLETED,Production I.G,"Echizen Ryoma is a young tennis prodigy who has won 4 consecutive tennis championships but who constantly lies in the shadow of his father, a former pro tennis player. He joins the Seishun Gakuen junior highschool, one of the best tennis schools in Japan, and there along with his teamates he learns to find his own type of tennis in an attempt to defeat his biggest obstacle of all: his father as well as himself.



(Source: Anime News Network)",https://s4.anilist.co/file/anilistcdn/media/anime/cover/large/bx22-yEguU9EmxkjK.png,https://s4.anilist.co/file/anilistcdn/media/anime/banner/22-wVJjA9tGMt4k.jpg,3.8,,,,,,,,,,,,,,,Action;Comedy;Sports,Production I.G,,,,,,,,,,,,
The Royal Tutor,王室教師ハイネ,TVA,2017,12,COMPLETED,Bridge,"Accepting the post of Royal Tutor at the court of the king of Grannzreich, Heine Wittgenstein is a little professor with a big job ahead! Each of the kingdom's four princes has a rather distinct personality. Does their diminutive new instructor have what it takes to lay down some learning? It's a comedy of educational proportions!



(Source: Yen Press)",https://s4.anilist.co/file/anilistcdn/media/anime/cover/large/nx97932-mIhBEmGhR6uB.jpg,https://s4.anilist.co/file/anilistcdn/media/anime/banner/97932-xVO3ljolPdvy.jpg,3.6,,,,,,,,,,,,,,,Comedy;Slice of Life,Bridge,,,,,,,,,,,,
Senpai is an Otokonoko,先輩はおとこのこ,TVA,2024,12,COMPLETED,project No.9,"For Makoto Hanaoka, life’s about to get more complicated. Saki Aoi, a lively girl with loads of confidence, confesses her love for Makoto one day. When he fails to reciprocate, Saki declares she will be his first love! She shares her goal with a mutual friend, Ryuuji Taiga, who also confesses his crush on Makoto. Stuck in a love triangle, Makoto must find a way to make it work and have fun.



(Source: Crunchyroll)",https://s4.anilist.co/file/anilistcdn/media/anime/cover/large/bx163133-bdr9S2bdLoyj.jpg,https://s4.anilist.co/file/anilistcdn/media/anime/banner/163133-5ZYIugvcm4ZF.jpg,3.6,,,,,,,,,,,,,,,Comedy;Drama;Romance,project No.9,,,,,,,,,,,,
LIAR GAME,LIAR GAME,TVA,2026,,ONGOING,MADHOUSE,"Wishing she would live up to the ideal, Kanzaki Nao's father named her thusly for “honesty”. Nao has more than lived up to her father's wishes--even exceeding them and earning the label of ""a foolishly honest girl"". This makes Nao the least qualified candidate for the high stakes 'Liar Game', where winning requires deceiving the opponent out of their money and losing means receiving massive debt. However, that doesn't stop a box containing a hundred million yen in cash and a card informing her of her participation in the game from arriving at her doorstep, nor does it stop her from being promptly tricked out of the entire sum of money. Upon hearing that a genius swindler, responsible for the bankruptcy of a major corporation, is being released from jail, Nao goes to the swindler, Shinichi Akiyama, to enlist his help. With that, the two are drawn into the dark, greed-filled, and deceptive world of the Liar Game.",https://s4.anilist.co/file/anilistcdn/media/anime/cover/large/bx197754-Q5KqcUhIdypp.png,https://s4.anilist.co/file/anilistcdn/media/anime/banner/197754-cMWxeRdhYrFW.jpg,3.0,,,,,,,,,,,,,,,Drama;Psychological,MADHOUSE,,,,,,,,,,,,
The Disappearance of Nagato Yuki-chan,長門有希ちゃんの消失,TVA,2015,16,COMPLETED,Satelight,"This spin-off of the Haruhi Suzumiya series takes place in the world of the ""Disappearance"" arc of the original novels, focusing on the high school life (and romance!) of a tentative and bashful Yuki Nagato quite unlike the one you've come to know and love through the usual exploits of the SOS Brigade... but no less charming!



As the shy head of the Literature Club, Nagato has had a hard time recruiting members. Her close friend Ryoko Asakura supports her in this. Drafting Kyon, she eventually meets up with Haruhi Suzumiya, Tsuruya, Mikuru Asahina and Itsuki Koizumi, and has to put up with their hijinks while trying to romance Kyon. Asakura seems ambivalent about the latter prospect.",https://s4.anilist.co/file/anilistcdn/media/anime/cover/large/bx20566-BSk4WYE7kJsy.jpg,https://s4.anilist.co/file/anilistcdn/media/anime/banner/20566-ZGL4CRxIN7bl.jpg,3.2,,,,,,,,,,,,,,,Comedy;Romance;Slice of Life,Satelight,,,,,,,,,,,,
Maria the Virgin Witch,純潔のマリア,TVA,2015,12,COMPLETED,Production I.G,"The story follows Maria, the most powerful witch who lives during the Hundred Years' War in France. She despises war, so she obstructs battles with her strong magical powers. Her meddling with her succubus Artemis and incubus Priapos has caught the attention of the heavens, and so the Archangel Michael issues an edict. When Maria loses her virginity, she will also lose her magical powers. A beautiful angel named Ezekiel is supposed to watch Maria and make sure the witch does not use magic in front of people, but Maria continues to use magic anyways.



(Source: Anime News Network)",https://s4.anilist.co/file/anilistcdn/media/anime/cover/large/nx20840-rhZE6bH7HTV4.jpg,https://s4.anilist.co/file/anilistcdn/media/anime/banner/20840-Pt7jVWQ6upwU.jpg,3.4,,,,,,,,,,,,,,,Comedy;Fantasy;Romance,Production I.G,,,,,,,,,,,,
Golden Kamuy Season 4,ゴールデンカムイ 第四期,TVA,2022,13,COMPLETED,Brain's Base,"The fourth season of Golden Kamuy.



The race to obtain the lost Ainu gold is nearing its peak, as even more formidable ex-prisoners are set on keeping their tattooed skins intact. Saichi ""The Immortal"" Sugimoto and Asirpa can finally move forward together, but Asirpa's time with Kiroranke and Ogata Hyakunosuke has slightly altered her ambition and strengthened her determination. As their party leaves the Russian territory, they gain a peculiar follower.



Meanwhile, Toshizou Hijikata's crew makes major moves to get invaluable skins, falling into the poisonous trap of a dangerous convict. Although each group possesses a strong advantage over the others, even First Lieutenant Tokushirou Tsurumi—the most powerful and ruthless contender—cannot advance without Asirpa's help. However, his ominous plans for when they will inevitably meet remain a mystery.



(Source: MAL Rewrite)



Note: On November 7, 2022, it was announced that the seventh episode of the season and beyond would be postponed due to the passing of a main staff member. The season restarted broadcasting from the first episode on April 3, 2023, with the seventh episode released on May 15.",https://s4.anilist.co/file/anilistcdn/media/anime/cover/large/bx142343-o8gkjIF434qZ.jpg,https://s4.anilist.co/file/anilistcdn/media/anime/banner/142343-NT4jnwUvBsY7.jpg,4.0,,,,,,,,,,,,,,,Action;Adventure;Comedy,Brain's Base,,,,,,,,,,,,
The Ancient Magus' Bride Season 2 Part 2,魔法使いの嫁 SEASON2 第2クール,TVA,2023,12,COMPLETED,Studio Kafka,"The second cour of Mahoutsukai no Yome SEASON 2. 



More magical adventures await Elias, Chise, and all of her new friends at the College. Just how strong will Chise’s magic grow?



(Source: Crunchyroll News)",https://s4.anilist.co/file/anilistcdn/media/anime/cover/large/bx166452-cjBlQksb7Ttw.jpg,https://s4.anilist.co/file/anilistcdn/media/anime/banner/166452-53WAhvvEof3s.jpg,4.0,,,,,,,,,,,,,,,Drama;Fantasy;Romance;Slice of Life;Supernatural,Studio Kafka,,,,,,,,,,,,
Mitsuboshi Colors,三ツ星カラーズ,TVA,2018,12,COMPLETED,SILVER LINK.,"Hark! The city is in peril! Who you gonna call? Colors! 



Sacchan, Yui and Kotoha are here to protect the city, solving mysteries and battling enemies with help from their friends.

But their quest isn't an easy one as their arch-nemesis Saitou, the violent police officer of Ueno, meets them at every turn.",https://s4.anilist.co/file/anilistcdn/media/anime/cover/large/nx98439-J6h5VEcZh9vK.jpg,https://s4.anilist.co/file/anilistcdn/media/anime/banner/98439-JPdhih1rfB8f.png,3.6,,,,,,,,,,,,,,,Comedy;Slice of Life,SILVER LINK.,,,,,,,,,,,,
KILL BLUE,キルアオ,TVA,2026,12,ONGOING,CUE,"Juuzou Oogami is a legendary hitman who has never failed an assignment, no matter how impossible. One day, after wiping out a powerful organization, he is stung by a mysterious wasp and collapses. When he wakes up, the fearsome 39-year-old assassin has been transformed into a 13-year-old boy!



Before he can even process what happened, his boss delivers a new order: “In that body, infiltrate a middle school.”



What awaits him is an unexpected school life filled with colorful classmates, youthful chaos, and looming danger. Can Juuzou ever return to his original form? Or will the assassins closing in on him end his second life before it even begins!?


(Source: Official Site)",https://s4.anilist.co/file/anilistcdn/media/anime/cover/large/bx198113-NRa47idWSlnx.jpg,https://s4.anilist.co/file/anilistcdn/media/anime/banner/198113-5hYeMXL2zilW.jpg,3.6,,,,,,,,,,,,,,,Action;Comedy,CUE,,,,,,,,,,,,
Sailor Moon R,美少女戦士セーラームーン R,TVA,1993,43,COMPLETED,Toei Animation,"The season is divided into two arcs.


The first arc shows Usagi and Co. having their memories restored from the first season. Their enemies are a pair of aliens, Ail and Ann, who are seeking human energy to restore their life tree. Mamoru had yet to recover his memories and he appeared as the Moonlight Knight rather than Tuxedo Kamen. This arc only lasted for 13 episodes. 


The second arc introduces Chibi-Usa, a little girl from the future who is searching for the Silver Crystal. The new enemies are the Black Moon Clan, comprising of the Ayakashi sisters (Cooan, Beruche, Karaberas, and Petz), Rubeus, Safir, Esmeraude, Prince Demando, and Wiseman. They too want the Silver Crystal so that they can take over the future. The Sailor Senshi's adventure continues...",https://s4.anilist.co/file/anilistcdn/media/anime/cover/large/bx740-XZhoxj6aJjNc.png,https://s4.anilist.co/file/anilistcdn/media/anime/banner/740-AhvRJvteYZoM.jpg,3.8,,,,,,,,,,,,,,,Action;Fantasy;Mahou Shoujo;Romance;Supernatural,Toei Animation,,,,,,,,,,,,
Kageki Shojo!!,かげきしょうじょ!!,TVA,2021,13,COMPLETED,PINE JAM,"The curtain rises on the Kouka School of Musical and Theatrical Arts. Spotlight on Sarasa Watanabe, a starry-eyed 5'10"" student who dreams of performing as Oscar, a male lead role. She forms an unlikely friendship with her new roommate, a former idol who now also hopes to join the all-female Kouka Acting Troupe. Together, they’re in for the role of a lifetime.



(Source: Funimation)",https://s4.anilist.co/file/anilistcdn/media/anime/cover/large/bx125446-EXB91ho7ffCn.jpg,https://s4.anilist.co/file/anilistcdn/media/anime/banner/125446-FJYS1zWHPyTU.jpg,3.8,,,,,,,,,,,,,,,Drama;Slice of Life,PINE JAM,,,,,,,,,,,,
SHY,SHY,TVA,2023,12,COMPLETED,8-bit,"On the brink of a third World War, superheroes appeared on Earth. Gifted with powers, their appearance brings peace to the world. The heroes each selected a country in which they would reside, serve, and protect its citizens. Shy is Japan’s hero, endowed with super strength. Her most daunting enemy yet? Crippling shyness. Join Shy and her super friends as she defends Earth and gains confidence!



(Source: Crunchyroll)",https://s4.anilist.co/file/anilistcdn/media/anime/cover/large/bx155389-qB3aiPB5IkAi.png,https://s4.anilist.co/file/anilistcdn/media/anime/banner/155389-AYVuX0nowx1l.jpg,3.3,,,,,,,,,,,,,,,Action;Drama;Psychological,8-bit,,,,,,,,,,,,
"'Tis Time for ""Torture,"" Princess",姫様“拷問”の時間です,TVA,2024,12,COMPLETED,PINE JAM,"As the war between the Imperial Army and Hellhorde rages on, the Princess, despite being armed with her mythical sword Excalibur, is captured and imprisoned. What kind of torture does she face at the hands of the chief demon interrogator? Fluffy fresh-baked toast! Hot, steaming ramen! Oh, the humanity! Can the Princess withstand these tormenting treats and keep her kingdom’s secrets safe?


(Source: Crunchyroll)",https://s4.anilist.co/file/anilistcdn/media/anime/cover/large/bx166522-pUnBSDFzs9DD.jpg,https://s4.anilist.co/file/anilistcdn/media/anime/banner/166522-khKEYJzH2jKm.jpg,3.5,,,,,,,,,,,,,,,Comedy;Fantasy;Slice of Life,PINE JAM,,,,,,,,,,,,
Akane-banashi,あかね噺,TVA,2026,12,COMPLETED,ZEXCS,"""With only your voice and body—master the art.""



Akane Ousaki, captivated since childhood by the magical performances of her father, Shinta Arakawa, witnesses a shocking incident during his decisive performance for promotion to shin’uchi (master rank).



Six years later, now a high school student, she sets her sights on becoming a shin’uchi herself—pushing forward in the highly competitive world of rakugo.


A passionate and authentic rakugo drama begins now!



(Source: TV Asahi, edited)",https://s4.anilist.co/file/anilistcdn/media/anime/cover/large/bx196935-RnLWBsEvNp8M.jpg,https://s4.anilist.co/file/anilistcdn/media/anime/banner/196935-tl3sNMXDMfaQ.jpg,3.9,,,,,,,,,,,,,,,Drama,ZEXCS,,,,,,,,,,,,
Yozakura Quartet: Hana no Uta,夜桜四重奏 ~ハナノウタ~,TVA,2013,13,COMPLETED,Tatsunoko Production,"In a town where humans and demons co-exist, it takes more than a normal police force to maintain the peace. Enter the Hiizumi Life Counseling Office, a fantastic foursome of unique teenagers, each gifted with an amazing super power!",https://s4.anilist.co/file/anilistcdn/media/anime/cover/large/bx18497-LT4KeTvilo8u.png,https://s4.anilist.co/file/anilistcdn/media/anime/banner/18497-ynzUlktAWF0A.jpg,3.6,,,,,,,,,,,,,,,Action;Ecchi;Fantasy;Slice of Life;Supernatural,Tatsunoko Production,,,,,,,,,,,,
Kobato,こばと。,TVA,2009,24,COMPLETED,MADHOUSE,"Sweet and na&iuml;ve Hanato Kobato came to Earth on a mission to collect and fill a bottle with 'konpeito,' which appear after healing a person's heart that is suffering. Kobato collects these because it is her wish to go to a certain place. Despite her strangeness, Kobato turns out to be well-suited for this mission as her heartfelt sincerity in helping others earns her the love and admiration of everyone she meets. However, she is not allowed to fall in love with anyone whose heart she heals.


[Written by MAL Rewrite]",https://s4.anilist.co/file/anilistcdn/media/anime/cover/large/bx5678-yqeedxnJLoT8.jpg,https://s4.anilist.co/file/anilistcdn/media/anime/banner/5678-EgfgEOrgETII.jpg,3.8,,,,,,,,,,,,,,,Comedy;Drama;Fantasy;Romance,MADHOUSE,,,,,,,,,,,,
Ultimate Otaku Teacher,電波教師,TVA,2015,24,COMPLETED,A-1 Pictures,"An anime adaptation of the manga which centers around Junichirou, a young man obssesed with manga, anime and games. He was a young genius who published papers in the journals Nature and Science when he was only 17. However, after graduating college, he became a NEET (Not in Education, Employment, or Training) absorbed in his anime blog. Unable to watch Kagami throw away his life, his sister Suzune gets him to work at the Ichou Academy she attends. The head of the school's board, Koyomi Hiiragi, assigns Kagami to his new life as a teacher.



(Source: Anime News Network)",https://s4.anilist.co/file/anilistcdn/media/anime/cover/large/bx21018-zt3HmKBFqPQT.png,https://s4.anilist.co/file/anilistcdn/media/anime/banner/21018-Y3v95sqyeMZ4.jpg,3.1,,,,,,,,,,,,,,,Comedy;Romance,A-1 Pictures,,,,,,,,,,,,
Ghost Hound,神霊狩 Ghost Hound,TVA,2007,22,COMPLETED,Production I.G,"In an isolated region of Kyushu lies the town of Suiten.  Though seeming small and modest, Suiten is not a picturesque place for a vacation, unless it is from the &ldquo;Unseen World&rdquo;.  Taro, Makoto and Masayuki, three boys with traumatic pasts, learn to let their souls cross between the two parallel worlds.  However, the Unseen World is no mere copy of the real Apparent World.  The Unseen World is the home of ghosts, but changes are now allowing the souls of the dead to pass over into the Apparent World, with unpredictable effects.  Follow the journey of Taro, Makoto and Masayuki, as they cross between the two worlds, trying to unravel a great mystery. 


(Source: Sentai Filmworks)",https://s4.anilist.co/file/anilistcdn/media/anime/cover/large/bx2596-7VmcTkkQmOST.jpg,https://s4.anilist.co/file/anilistcdn/media/anime/banner/2596-poZ7IzBgRQA4.jpg,3.5,,,,,,,,,,,,,,,Horror;Mystery;Psychological;Sci-Fi;Supernatural,Production I.G,,,,,,,,,,,,
Yuyushiki,ゆゆ式,TVA,2013,12,COMPLETED,Kinema Citrus,"Everyone knows you can learn a lot on the internet, and some of it is even true. But if you want to know what's REALLY going on and important, then there's just one place to go: the computer club!



Okay, so maybe it's not the club itself, but the three girls you're most likely to find there. And maybe they do spend more time chatting about their social lives and debating things like the virtues of ketchup versus mayonnaise than they do learning about the ins and outs of a keyboard, but whatever they're up to, it's sure to put a smile on your face.



(Source: Sentai Filmworks)",https://s4.anilist.co/file/anilistcdn/media/anime/cover/large/bx15911-eS0Q6p7vBd0i.jpg,https://s4.anilist.co/file/anilistcdn/media/anime/banner/15911-IIjV7WZsSQP0.jpg,3.6,,,,,,,,,,,,,,,Comedy;Slice of Life,Kinema Citrus,,,,,,,,,,,,
Cherry Magic! Thirty Years of Virginity Can Make You a Wizard?!,30歳まで童貞だと魔法使いになれるらしい,TVA,2024,12,COMPLETED,Satelight,"Adachi's 30th birthday as a virgin came with the oddest gift—the ability to read the mind of anyone he touches. Pondering what to do with this mysterious power, he gets a lead when he accidentally reads his colleague Kurosawa's mind. Turns out the handsome hotshot of the sales team has got a thing for him! How will Adachi respond to overhearing these affectionate thoughts?



(Source: Crunchyroll)",https://s4.anilist.co/file/anilistcdn/media/anime/cover/large/bx167087-Hf3MjsSVIerP.jpg,,3.8,,,,,,,,,,,,,,,Comedy;Romance;Slice of Life;Supernatural,Satelight,,,,,,,,,,,,
YuruYuri Season 3,ゆるゆり さん☆はい！,TVA,2015,12,COMPLETED,TYO Animations,The third season of Yuru Yuri  continues following four girls who take over the former room of a tea ceremony club for their own amusement.,https://s4.anilist.co/file/anilistcdn/media/anime/cover/large/bx21088-T5qFaSe9ohRK.jpg,https://s4.anilist.co/file/anilistcdn/media/anime/banner/21088-9ZJIOWGApSmO.jpg,3.9,,,,,,,,,,,,,,,Comedy;Slice of Life,TYO Animations,,,,,,,,,,,,
Iwakakeru -Sport Climbing Girls-,いわかける！ -Sport Climbing Girls-,TVA,2020,12,COMPLETED,BLADE,"The story centers around girls who compete in sport climbing, particularly climbing artificially constructed walls. First-year high school student Konomi Kasahara discovered this sport at Hanamiya Girls' High School after training her mind with puzzle games during junior high school.



(Source: Anime News Network)",https://s4.anilist.co/file/anilistcdn/media/anime/cover/large/bx117757-FZgl5V5Ae5Ar.png,https://s4.anilist.co/file/anilistcdn/media/anime/banner/117757-32FUduKGI249.jpg,3.0,,,,,,,,,,,,,,,Comedy;Drama;Sports,BLADE,,,,,,,,,,,,
Tokyo ESP,東京ESP,TVA,2014,12,COMPLETED,Xebec,"Rinka is a financially struggling high school girl living with her single father in Tokyo. One day, while going home from school, she sees a penguin flying in the sky towards the Tokyo Sky Tree. She chases after it only to find fish swimming in the air! One of the fish goes through Rinka and causes her to pass out. She wakes up to find that she has developed the ability to slip through solid objects.

(Source: Crunchyroll)",https://s4.anilist.co/file/anilistcdn/media/anime/cover/large/bx19199-4fdT3ZNTPepS.jpg,https://s4.anilist.co/file/anilistcdn/media/anime/banner/19199-ivN24DyVPuVw.jpg,3.0,,,,,,,,,,,,,,,Action;Fantasy;Supernatural,Xebec,,,,,,,,,,,,
Poco's Udon World,うどんの国の金色毛鞠,TVA,2016,12,COMPLETED,LIDENFILMS,"Souta Tawara is a web designer working in Tokyo. When he visits his family's Udon place in his hometown Kagawa Prefecture, he discovers a young boy. Upon confronting the boy, Souta soon learns his secret and decides to quit his job in order to take care of the boy, Poko. The daily adventures of the two slowly enfold as Poco energetically navigates his way through Kagawa, the ""Udon Kingdom,"" along with Souta.",https://s4.anilist.co/file/anilistcdn/media/anime/cover/large/bx21631-k0SsKyeorkyl.jpg,https://s4.anilist.co/file/anilistcdn/media/anime/banner/21631-3IxeCUTMmHiM.jpg,3.8,,,,,,,,,,,,,,,Fantasy;Slice of Life,LIDENFILMS,,,,,,,,,,,,
Welcome to Demon School! Iruma-kun Season 4,魔入りました！入間くん 第4シリーズ,TVA,2026,24,ONGOING,Bandai Namco Pictures,"The fourth season of Mairimashita! Iruma-kun.



Suzuki Iruma and all thirteen students of the Misfit Class must perform to reach Rank 4 at the Music Festival.


(Source: Crunchyroll News)",https://s4.anilist.co/file/anilistcdn/media/anime/cover/large/bx184492-KUVFGieuMaOx.jpg,https://s4.anilist.co/file/anilistcdn/media/anime/banner/184492-JsZazzn4Acqf.jpg,4.0,,,,,,,,,,,,,,,Comedy;Fantasy;Supernatural,Bandai Namco Pictures,,,,,,,,,,,,
Midori Days,美鳥の日々,TVA,2004,13,COMPLETED,Studio Pierrot,"High school delinquent Seiji Sawamura is desperate to have a girlfriend, especially after being rejected by 20 girls as of late. He's afraid that he will end his life with his right hand as his only companion. Apparently, that doesn't change when one day when he wakes up and discovers that his right hand has become a girl named Midori Kasugano, who confesses that she has had a crush on him for the last three years.



(Source: Anime News Network)",https://s4.anilist.co/file/anilistcdn/media/anime/cover/large/bx330-iGtLhouVrApP.png,https://s4.anilist.co/file/anilistcdn/media/anime/banner/n330-Tkw5i64cBZNt.jpg,3.4,,,,,,,,,,,,,,,Comedy;Drama;Ecchi;Romance;Slice of Life;Supernatural,Studio Pierrot,,,,,,,,,,,,
Sekai Ichi Hatsukoi - The World's Greatest First Love,世界一初恋 TV,TVA,2011,12,COMPLETED,Studio DEEN,"Onodera Ritsu has just transferred from his father's publishing company to Marukawa Shoten. Assigned to the shoujo manga division, he crosses path with the person he'd least expected to meet. Takano Masamune is the editor-in-chief of the division Ritsu's been assigned to, and the two seem get off on the wrong foot right from the very start when Takano unexpectedly kisses him. However, there is more to than what meets the eye: Takano is actually Saga, Ritsu's senpai and high school love, whom Ritsu had thought to have played him for a fool by taking his affections for granted when he confessed and summarily dumped him.",https://s4.anilist.co/file/anilistcdn/media/anime/cover/large/bx9926-AhRNkKBBbsNq.png,https://s4.anilist.co/file/anilistcdn/media/anime/banner/9926-6ip6IrbvtFkT.jpg,3.5,,,,,,,,,,,,,,,Comedy;Romance,Studio DEEN,,,,,,,,,,,,
Lady Oscar: The Rose of Versailles,ベルサイユのばら,TVA,1979,40,COMPLETED,Tokyo Movie Shinsha,"Raised from birth as a man, the Lady Oscar commands the palace guards at Versailles in the years before the French Revolution. Her beauty and noble spirit make her a shining figure in the eyes of both men and women but she is torn between her chosen life of service and duty to class and country and her own heart and desires. She lives as a noble amidst the opulence of Versailles but her keen senses and compassion are not blinded to the poverty of the French people.


(Source: Anime News Network)",https://s4.anilist.co/file/anilistcdn/media/anime/cover/large/bx338-dyRsnLdTLZGM.png,https://s4.anilist.co/file/anilistcdn/media/anime/banner/338-XTxJzUNXqTVo.jpg,4.0,,,,,,,,,,,,,,,Adventure;Drama;Romance,Tokyo Movie Shinsha,,,,,,,,,,,,
Migi&Dali,ミギとダリ,TVA,2023,13,COMPLETED,GEEKTOYS,"After finally adopting a child, the Sonoyamas were unprepared for the mystery that would soon unravel. Hitori seems to be the perfect son for his loving parents. He's handsome, intelligent, and grateful for his new lavish life—but he has a dark secret. Hitori is actually the twins Migi and Dali pretending to be one boy. And they have a terrifying motive behind their hidden identity.



(Source: Crunchyroll)",https://s4.anilist.co/file/anilistcdn/media/anime/cover/large/bx142666-QI7zhl1ClcRg.jpg,https://s4.anilist.co/file/anilistcdn/media/anime/banner/142666-TRUhpFU5vSnF.jpg,3.8,,,,,,,,,,,,,,,Drama;Mystery;Slice of Life,GEEKTOYS,,,,,,,,,,,,
Maken-Ki! Battling Venus 2,マケン姫っ！通,TVA,2014,10,COMPLETED,Xebec,"Takeru continues his education at Tenbi Academy as part of the newly formed Security Committee. As a team with the other members they battle unscrupulous individuals who use their Maken for evil purposes. In the meantime, his libido and the conflicting romantic interests of the girls surrounding him complicate matters considerably.",https://s4.anilist.co/file/anilistcdn/media/anime/cover/medium/b15565-2nDrmF9RMTwP.jpg,https://s4.anilist.co/file/anilistcdn/media/anime/banner/15565-maADKC9vlpH9.png,2.9,,,,,,,,,,,,,,,Action;Ecchi,Xebec,,,,,,,,,,,,
"Studio Apartment, Good Lighting, Angel Included",ワンルーム、日当たり普通、天使つき。,TVA,2024,12,COMPLETED,Okuruto Noboru,"After a long day, high schooler Shintarou Tokumitsu’s plans for relaxing in his studio apartment take a turn when he discovers an angel on his balcony. The divine girl, Towa, reveals she’s there to study humanity, and yet despite his skepticism, he agrees to put her up. Prepare for the most heavenly and high jinks roommate experience of all time!



(Source: Crunchyroll)",https://s4.anilist.co/file/anilistcdn/media/anime/cover/large/bx169927-3FwBuKn4x5LL.jpg,https://s4.anilist.co/file/anilistcdn/media/anime/banner/169927-Z42R2hk0LvjJ.jpg,3.4,,,,,,,,,,,,,,,Comedy;Romance;Slice of Life;Supernatural,Okuruto Noboru,,,,,,,,,,,,
Chrono Crusade,クロノクルセイド,TVA,2003,24,COMPLETED,GONZO,"The year is 1928 A.D. The place is New York, U.S.A. The economic prosperity brought forth after the Great War also heightened the presence of something far darker and much more sinister: the demonic Sinners. The Magdalene Order is an organization that tries to counter this force. Two of its exorcists are Rosette Christopher and her assistant, Chrono. Both appear out of place in an organization like this, and they are in a quest to find Rosette's missing brother, Joshua. Their relationships, secrets and fates can only be revealed in time...



(Source: Anime News Network)",https://s4.anilist.co/file/anilistcdn/media/anime/cover/large/bx60-nWs0N9upSorj.png,https://s4.anilist.co/file/anilistcdn/media/anime/banner/60-qiQMlaoG6mqL.jpg,3.5,,,,,,,,,,,,,,,Action;Romance;Supernatural,GONZO,,,,,,,,,,,,
Eyeshield 21,アイシールド21,TVA,2005,145,COMPLETED,Studio Gallop,"Welcome To the Gridiron of the Damned!   Huge hulking bodies throw themselves at each other, while a tiny lithe body runs between them for the goal!  No, it&rsquo;s not a game of football, it&rsquo;s Sena Kobayakawa trying to evade the monstrous Ha-Ha brothers down the halls of Deimon High School!  But wait!  Sena&rsquo;s incredible skills at not getting caught have been spotted by the devilish (possibly actually demonic) captain of the school&rsquo;s embryonic American style football team, and when Sena asks to be the teams manager, he gets  thrust onto the field as a running back instead!  But there are two BIG catches: first, to keep the identity of their new &ldquo;star&rdquo; player an absolute secret, Yoichi makes Sena wear an opaque visor on his helmet and gives him the alias of &ldquo;Eyeshield 21.&rdquo;  And the second catch?  Well, in order to hit his fastest &ldquo;speed of light&rdquo; running mode, Sena usually has to be absolutely terrified. Not that THAT will be a problem with the monstrous players that he&rsquo;ll soon find himself running from!  The insanity hits the streets when the feet meet the cleats in EYESHIELD 21! 


(Source: Sentai Filmworks)",https://s4.anilist.co/file/anilistcdn/media/anime/cover/large/bx15-A4F2t0TgWoi4.png,https://s4.anilist.co/file/anilistcdn/media/anime/banner/n15-1eTutXlxYzYl.jpg,3.8,,,,,,,,,,,,,,,Action;Comedy;Sports,Studio Gallop,,,,,,,,,,,,
MF GHOST,MFゴースト,TVA,2023,12,COMPLETED,Felix Film,"202X A.D., a future beyond Initial D. 



Self-driving cars are in widespread use in Japan, and public roadways are used for auto racing. In such an era, a race called MFG has become popular around the globe. Porsche, Ferrari, Lamborghini… Participants are invited to race with their fastest cars. One such participant, a British racing school graduate, Kanata Rivington, returns to Japan to achieve his goal. 


(Source: Crunchyroll)",https://s4.anilist.co/file/anilistcdn/media/anime/cover/large/bx143327-6gv1QzquNg2o.png,https://s4.anilist.co/file/anilistcdn/media/anime/banner/143327-9oKdfizmBzC7.jpg,3.7,,,,,,,,,,,,,,,Sports,Felix Film,,,,,,,,,,,,
Sousou no Frieren 3rd Season,葬送のフリーレン 第3期,TVA,2027,,UPCOMING,MADHOUSE,The third season of Sousou no Frieren.,https://s4.anilist.co/file/anilistcdn/media/anime/cover/large/bx209939-g2Njkml1rheG.jpg,,,,,,,,,,,,,,,,,Adventure;Drama;Fantasy,MADHOUSE,,,,,,,,,,,,
Arakawa Under the Bridge x Bridge,荒川アンダー ザ ブリッジ×ブリッジ,TVA,2010,13,COMPLETED,Shaft,"In the dry riverbed of Arakawa River, undefeated elite Ichinomiya Kou (aka Ric) met the lovely homeless girl Nino, a self-declared Venusian. Their awkward love stirs up trouble among the other strange inhabitants of the riverbed.



(Source: Anime News Network)",https://s4.anilist.co/file/anilistcdn/media/anime/cover/large/bx9074-5T2wyJAGyQXw.png,https://s4.anilist.co/file/anilistcdn/media/anime/banner/n9074-Y9rbFoz3hAs3.jpg,3.8,,,,,,,,,,,,,,,Comedy;Romance,Shaft,,,,,,,,,,,,
Anonymous Noise,覆面系ノイズ,TVA,2017,12,COMPLETED,Brain's Base,"Six years ago Momo taught Nino the joy of singing from her heart. When Momo’s family moved away without warning, Nino found herself lost and adrift. Until she met Yuzu, who also had a musical gift that he shared with her until he was suddenly gone as well, leaving nothing but the memory of his music. Before they disappeared, both Momo and Yuzu said the same thing- that Nino should keep singing, because that was how they’d find her again. Now, as Nino starts high school, their paths are all about to cross again. But while Nino has kept singing and remembering how things were, Momo and Yuzu have changed.



(Source: Sentai Filmworks)",https://s4.anilist.co/file/anilistcdn/media/anime/cover/medium/b21773-tZ25uIMNj9sM.jpg,,3.2,,,,,,,,,,,,,,,Music;Romance,Brain's Base,,,,,,,,,,,,
Deaimon: Recipe for Happiness,であいもん,TVA,2022,12,COMPLETED,Encourage Films,"Nagomu Irino returns to his Kyoto home for the first time in ten years when his father is hospitalized. Nagomu is eager to take over Ryokushou, the family's Japanese sweet shop, but he's instead asked to be a father figure to Itsuka Yukihira, the girl everyone calls the successor.",https://s4.anilist.co/file/anilistcdn/media/anime/cover/large/bx132532-DwjK9wnlSaKl.png,https://s4.anilist.co/file/anilistcdn/media/anime/banner/132532-hVuSAWGWMxCA.jpg,3.7,,,,,,,,,,,,,,,Slice of Life,Encourage Films,,,,,,,,,,,,
Hinako Note,ひなこのーと,TVA,2017,12,COMPLETED,Passione,"Hinako is poor at speaking and lives in a rural part of Japan. She wants to improve her speech to be able to talk to people freely, so in high school, she transfers schools to Tokyo and plans to join a theater club. When she arrives, it turns out her boarding house is a secondhand bookstore, and a girl who eats books lives there.



(Source: Anime News Network)",https://s4.anilist.co/file/anilistcdn/media/anime/cover/large/bx87517-xktTn25rZrRZ.jpg,https://s4.anilist.co/file/anilistcdn/media/anime/banner/n87517-jLlOUMG6aZoA.jpg,3.2,,,,,,,,,,,,,,,Comedy;Slice of Life,Passione,,,,,,,,,,,,
Basilisk,バジリスク 甲賀忍法帖,TVA,2005,24,COMPLETED,GONZO,"The heirs to the Kouga and Iga ninja clans, Gennosuke and Oboro, hoped the unsteady truce between their tribes would last—but fate denies the lovers, thrusting their people into war after centuries of peace. The terms are set on two scrolls. One bears a list of Kouga warriors. The other holds a list of those who fight for Iga. The names found on these scrolls can only be crossed out in blood. 



(Source: Crunchyroll)",https://s4.anilist.co/file/anilistcdn/media/anime/cover/large/nx67-aBz3s2hBTtdH.jpg,https://s4.anilist.co/file/anilistcdn/media/anime/banner/n67-7sRsHP9kG3Jt.jpg,3.5,,,,,,,,,,,,,,,Action;Adventure;Drama;Romance,GONZO,,,,,,,,,,,,
Arpeggio of Blue Steel,蒼き鋼のアルペジオ,TVA,2013,12,COMPLETED,SANZIGEN,"In the story, a Fleet of Fog loaded with super weapons suddenly appear all over the world. Without the ability to withstand this fleet, humanity was defeated and could no longer travel the seas. 17 years after the devastating naval war, Chihaya Gunzou and his friends somehow commandeer a Fleet of Fog submarine and rename it I-401. Together with Iona, they take on the Fleet of Fog.



(Source: Anime News Network)",https://s4.anilist.co/file/anilistcdn/media/anime/cover/large/bx18893-WqI68JXKBn2u.jpg,https://s4.anilist.co/file/anilistcdn/media/anime/banner/n18893-oxCyep74hkb9.jpg,3.5,,,,,,,,,,,,,,,Action;Sci-Fi,SANZIGEN,,,,,,,,,,,,
The Vampire Dies in No Time,吸血鬼すぐ死ぬ,TVA,2021,12,COMPLETED,MADHOUSE,"Legendary vampire hunter Ronaldo finds an unlikely (and unwilling) ally in Draluc, the world’s weakest vampire who turns to dust at the slightest attack. Together they’re in for more hilarious misadventures than you can shake a stake at, including enemy vampires, axe-wielding editors, and other pains in the neck.



(Source: Funimation)",https://s4.anilist.co/file/anilistcdn/media/anime/cover/large/bx118103-pue9xw0RB1mc.jpg,https://s4.anilist.co/file/anilistcdn/media/anime/banner/118103-ezW2oJ9T49BJ.jpg,3.5,,,,,,,,,,,,,,,Comedy;Supernatural,MADHOUSE,,,,,,,,,,,,
Silver Spoon Season 2,銀の匙 2,TVA,2014,11,COMPLETED,A-1 Pictures,"As the new semester begins at Ooezo Agricultural High School, Hachiken is now used to the tough lifestyle of a rural, agricultural high school. While Hachiken still wonders what he will do in the future, he continues to discover both the harsh and the beautiful realities of the countryside.



(Source: Anime News Network)",https://s4.anilist.co/file/anilistcdn/media/anime/cover/large/bx19363-7DZw204Dlzw1.png,https://s4.anilist.co/file/anilistcdn/media/anime/banner/19363-eeJhfaZ65SFf.jpg,4.0,,,,,,,,,,,,,,,Comedy;Drama;Slice of Life,A-1 Pictures,,,,,,,,,,,,
Cardcaptor Sakura: Clear Card,カードキャプターさくら クリアカード編,TVA,2018,22,COMPLETED,MADHOUSE,"The power of the Clow is back! As Sakura settles into a normal routine, she prepares to face her newest challenge - junior high! While her classes are challenging, things start looking up when Xiaolang Li reappears and says he'll be staying for good. But when she has a strange dream about a mysterious figure and wakes to find her Clow Cards completely clear, she must return to her duty as Cardcaptor.



(Source: Funimation)",https://s4.anilist.co/file/anilistcdn/media/anime/cover/large/bx97881-QGpBWNtdCxrZ.png,https://s4.anilist.co/file/anilistcdn/media/anime/banner/97881-hSxYdkruPnl8.jpg,3.8,,,,,,,,,,,,,,,Adventure;Comedy;Fantasy;Mahou Shoujo;Romance,MADHOUSE,,,,,,,,,,,,
Sacrificial Princess and the King of Beasts,贄姫と獣の王,TVA,2023,24,COMPLETED,J.C.STAFF,"The King of the Beasts and Demons regularly receives female human sacrifices to eat in order to assert the dominance of his people over the human race. However, for the 99th sacrifice, the human girl brought to the capital, Sariphi, intrigues the Beast King. In fact she isn't afraid of him or any other beast and even accepts her death without begging or crying as she has neither home nor family to return to if she were released. The King finds her intriguing and let her stay at his side as his consort despite being human. This is the story of how Sariphi will become the queen of the demons and beasts.



(Source: Crunchyroll)",https://s4.anilist.co/file/anilistcdn/media/anime/cover/large/bx128715-T4Tne2TcqfVx.jpg,https://s4.anilist.co/file/anilistcdn/media/anime/banner/128715-NqYtb0me5IqG.jpg,3.9,,,,,,,,,,,,,,,Drama;Fantasy;Romance,J.C.STAFF,,,,,,,,,,,,
Aharen-san wa Hakarenai Season 2,阿波連さんははかれない season2,TVA,2025,12,COMPLETED,Felix Film,"The second season of Aharen-san wa Hakarenai. 


The quiet, awkward Aharen-san and her schoolmate Raidou went from unlikely friends to nearly inseparable. As another semester begins, new opportunities, challenges, and relationships present themselves as Aharen-san and Raidou navigate their school days. Now, Aharen-san struggles to know how vulnerable she can get with a new transfer student.


(Source: Crunchyroll, edited)",https://s4.anilist.co/file/anilistcdn/media/anime/cover/large/bx179979-OiIKSkhJRmvo.jpg,https://s4.anilist.co/file/anilistcdn/media/anime/banner/179979-1HbnatpG0e4R.jpg,3.7,,,,,,,,,,,,,,,Comedy;Romance;Slice of Life,Felix Film,,,,,,,,,,,,
Tenjho Tenge,天上天下,TVA,2004,24,COMPLETED,MADHOUSE,"Souchirou Nagi and Bob Makihara are two delinquents who arrive at Toudou Academy with the objective of ruling over the school with their strength. But on their first day, they encountered the Jyuukenbu, a martial arts group of the school. Members of the group, Maya Natsume, her sister Aya, and Masataka Takayanagi easily overpowered Souchirou and Bob. And what's more, due to what was assumed to be their ""connections"" with the Jyuukenbu, the two were attacked by members of the Enforcement Group, which oversees the martial arts groups of the school. Drawn into the personal conflicts between the Jyuukenbu and the Enforcement Group, Souchirou and Bob have no choice but to join up with Maya Natsume's group and to hone their skills to become even stronger.



(Source: Anime News Network)",https://s4.anilist.co/file/anilistcdn/media/anime/cover/large/bx174-s2PpkrK9X3Rw.jpg,https://s4.anilist.co/file/anilistcdn/media/anime/banner/174-r8BOv8sOHWR5.jpg,3.2,,,,,,,,,,,,,,,Action;Drama;Ecchi,MADHOUSE,,,,,,,,,,,,
DAYS,DAYS,TVA,2016,24,COMPLETED,MAPPA,"The anime centers on two boys who were never meant to meet: Tsukushi Tsukamoto, who has no special skills but secretly hides a passionate heart, and Jin Kazama, an isolated soccer genius. On a stormy night, the two meet, and that meeting creates a whirlwind in the world of high school soccer.



(Source: Anime News Network)",https://s4.anilist.co/file/anilistcdn/media/anime/cover/large/bx21578-XXfNNVseCg2G.jpg,https://s4.anilist.co/file/anilistcdn/media/anime/banner/21578-O4IItp3IybTn.jpg,3.4,,,,,,,,,,,,,,,Comedy;Drama;Sports,MAPPA,,,,,,,,,,,,
Fist of the North Star,北斗の拳,TVA,1984,109,COMPLETED,Toei Animation,"Nuclear war has devastated the planet, turning one fertile ground into a barren, inhospitable landscape on which mankind struggles desperately to stay alive. Society has collapsed and a fight for control wages between vicious dictators, super-powerful mutants, and biker gangs that terrorize the streets.



In a world so cruel and bleak, only the chosen one can restore civilization to its former self. Kenshiro - master of the Hokuto Shinken fighting technique; a martial art so awesomely brutal that only a single being can be entrusted with its full power!



(Source: Manga Entertainment)",https://s4.anilist.co/file/anilistcdn/media/anime/cover/medium/n967-84jNBaInec98.png,https://s4.anilist.co/file/anilistcdn/media/anime/banner/n967-3NFZ7XmuHhGf.jpg,3.8,,,,,,,,,,,,,,,Action;Drama;Sci-Fi,Toei Animation,,,,,,,,,,,,
Samurai Harem,明日のよいち！,TVA,2009,12,COMPLETED,AIC,"His skill with a sword is magnificent but his social skills still need a lot of work! 


After many long years perfecting the art of fighting, 17-year-old Yoichi Karasuma is sent down from the remote mountains where he has been raised thinking that he's going to study some new martial arts techniques... but what he's really going to learn about are some slightly more practical things, like electrical appliances, modern clothing and, most especially, how NOT to make girls want to kill you! 


Unfortunately, that last lesson is one Yoichi may not survive, as his new dojo is infested with the infernal creatures in the form of the Ikaruga sisters, and they don't really seem to understand how ""proper"" girls are ""supposed"" to behave! Will Yoichi's bushido blade be struck down by the fearsome charms of Ibuki, Ayame, Chihaya, and Kagome? Or will the equally lethal girls from the rival Tsubame school be his undoing? 


(Source: RightStuf)",https://s4.anilist.co/file/anilistcdn/media/anime/cover/medium/4999.jpg,https://s4.anilist.co/file/anilistcdn/media/anime/banner/4999.jpg,3.1,,,,,,,,,,,,,,,Comedy;Ecchi;Romance,AIC,,,,,,,,,,,,
Tokyo Mew Mew,東京ミュウミュウ,TVA,2002,52,COMPLETED,Studio Pierrot,"On her first date with the cutest boy in school, Ichigo is zapped by a mysterious ray that scrambles her DNA with that of the endangered Iriomote wildcat. The next day, Ichigo discovers that she has developed the agility (and occasionally the ears and tail) of a cat, as well as the power to transform into a pink-haired superheroine, Mew Ichigo. She and four other girls, each endowed with the genes of a different ""Red Data"" animal, have been selected for the top-secret Mew Project, which aims to protect the Earth from an alien menace known as Deep Blue.


(Source: Anime News Network)",https://s4.anilist.co/file/anilistcdn/media/anime/cover/large/bx687-d0VfkLNsEDeu.png,https://s4.anilist.co/file/anilistcdn/media/anime/banner/687-t1ULl5MrvhGO.jpg,3.5,,,,,,,,,,,,,,,Adventure;Comedy;Fantasy;Mahou Shoujo;Romance;Sci-Fi,Studio Pierrot,,,,,,,,,,,,
DENKI-GAI,デンキ街の本屋さん,TVA,2014,12,COMPLETED,Shin-Ei Animation,"The ""youthful bookstore comedy"" revolves around the folks who work in a manga shop deep in a certain ""Electric Town"" neighborhood. (""Denki-Gai"" or ""Electric Town"" is a popular name for shopping areas that specialize or used to specialize in electric and electronic items, like Tokyo's Akihabara.) The protagonist Umio works part-time at ""BOOKS Umanohone"" along with his senior at work (but not in age) Hiotan. As many dedicated manga fans visit the store, there is always something going on.



(Source: Anime News Network)",https://s4.anilist.co/file/anilistcdn/media/anime/cover/large/bx20710-MMAlTvOqkQEV.jpg,https://s4.anilist.co/file/anilistcdn/media/anime/banner/20710-fgogt0I8ZPhK.jpg,3.5,,,,,,,,,,,,,,,Comedy;Slice of Life,Shin-Ei Animation,,,,,,,,,,,,
Ayakashi Triangle,あやかしトライアングル,TVA,2023,12,COMPLETED,CONNECT,"Japan may be brimming with mysterious monsters called ayakashi, but they have a special exorcist ninja force to counter the threat! Young exorcist ninja Matsuri spends his days fighting ayakashi to protect his childhood friend Suzu. But when an ayakashi cat named Shirogane shows up, things get turned upside down!



(Source: MANGA Plus)",https://s4.anilist.co/file/anilistcdn/media/anime/cover/large/bx142849-TXRh2tW2fu08.png,https://s4.anilist.co/file/anilistcdn/media/anime/banner/142849-TvVtaMcbqQdJ.jpg,3.0,,,,,,,,,,,,,,,Action;Comedy;Ecchi;Romance;Supernatural,CONNECT,,,,,,,,,,,,
Watari-kun's ****** Is about to Collapse,渡くんの××が崩壊寸前,TVA,2025,26,COMPLETED,Staple Entertainment,"Naoto Watari lives solely for his little sister, Suzushiro, until his chaotic childhood friend, Satsuki, storms back into his life. Without uttering a single word, her very presence ignites buried memories and unravels his rigid routine. As tensions rise and secrets surface, Naoto’s devotion to Suzushiro clashes with unresolved pain, threatening to collapse his fragile world.



(Source: Crunchyroll)",https://s4.anilist.co/file/anilistcdn/media/anime/cover/large/bx169420-u4wDhHlTfX9P.jpg,https://s4.anilist.co/file/anilistcdn/media/anime/banner/169420-jdvNFYe9Oa4v.jpg,3.2,,,,,,,,,,,,,,,Comedy;Drama;Romance;Slice of Life,Staple Entertainment,,,,,,,,,,,,
Lupin the 3rd,ルパン三世,TVA,1971,23,COMPLETED,Tokyo Movie Shinsha,"Hard-boiled, cocky, classy and silly. These words only begin to describe the amazing master thief Lupin the Third. With the help of some quick gunplay by his partner Jigen, Lupin takes on the world in elaborate heists, classic car chases, and nasty explosions. Fujiko, a buxom redhead with a penchant for betrayal, always gets tangled up in Lupin's capers. The stoic but swift swordsman Goemon is just as inclined to kill Lupin as he is to help him. And Lupin can never seem to lose the relentless Tokyo Police Inspector Zenigata. What sort of trouble will this band of misfits get into next?


(Source: Discotek Media)",https://s4.anilist.co/file/anilistcdn/media/anime/cover/large/nx1412-70kA9bzDoleV.jpg,https://s4.anilist.co/file/anilistcdn/media/anime/banner/1412-awKlaxacsLwL.jpg,3.7,,,,,,,,,,,,,,,Adventure;Comedy,Tokyo Movie Shinsha,,,,,,,,,,,,
Ace of the Diamond Second Season,ダイヤのA～Second Season～,TVA,2015,51,COMPLETED,Production I.G,"The second season of Diamond no Ace.



After the National Tournament, the Seidou High baseball team moves forward with uncertainty as the Fall season quickly approaches. In an attempt to build a stronger team centered around their new captain, fresh faces join the starting roster for the very first time. Previous losses weigh heavily on the minds of the veteran players as they continue their rigorous training, preparing for what will inevitably be their toughest season yet.

Rivals both new and old stand in their path as Seidou once again climbs their way toward the top, one game at a time. Needed now more than ever before, Furuya and Eijun must be determined to pitch with all their skill and strength in order to lead their team to victory. And this time, one of these young pitchers may finally claim that coveted title: ""The Ace of Seidou.""



[Written by MAL Rewrite]",https://s4.anilist.co/file/anilistcdn/media/anime/cover/large/bx21085-qqkUxpMgtFDW.jpg,https://s4.anilist.co/file/anilistcdn/media/anime/banner/21085-A2xthYoKQY4B.jpg,4.1,,,,,,,,,,,,,,,Sports,Production I.G,,,,,,,,,,,,
A Town Where You Live,君のいる町,TVA,2013,12,COMPLETED,GONZO,"Eba Yuzuki, a girl from Tokyo moves to a countryside to attend high school. She lives together with a guy named Kirishima Haruto whose father is an apprentice of Eba's father. Haruto never agrees to let Yuzuki stay at his house and always rejects her. Another girl, Kanzaki Nanami, comes whom Haruto might be in love with. So... what will happen in this story?


(Source: MangaHelpers)",https://s4.anilist.co/file/anilistcdn/media/anime/cover/large/bx17741-0PUdx0BSMot6.png,https://s4.anilist.co/file/anilistcdn/media/anime/banner/17741-sYYi1X8t1zbw.jpg,3.2,,,,,,,,,,,,,,,Drama;Romance;Slice of Life,GONZO,,,,,,,,,,,,
Sailor Moon S,美少女戦士セーラームーン S,TVA,1994,38,COMPLETED,Toei Animation,"This season makes a turning point in the Sailor Moon story. The Sailor Senshi are confronted by a new enemy, the Death Busters. Rei had a premonition that this enemy would rule the world in an era called the Silence. To do this, the Death Busters need to find the three Talismans that would summon the Holy Grail. However, two mysterious Sailor Senshi, Sailor Uranus and Sailor Neptune, plan to find the Talismans before them... but without Sailor Moon's help.",https://s4.anilist.co/file/anilistcdn/media/anime/cover/large/bx532-D6yrPcsSxhSE.jpg,https://s4.anilist.co/file/anilistcdn/media/anime/banner/532-EUIf0FtAE9Zl.jpg,3.9,,,,,,,,,,,,,,,Action;Adventure;Drama;Fantasy;Mahou Shoujo;Romance,Toei Animation,,,,,,,,,,,,
pet,pet,TVA,2020,13,COMPLETED,Geno Studio,"What if someone was able to reach into your mind and change your memories? To alter your perceptions, see things that aren't there, and remember events that never happened? You could drive off a cliff believing that you were still on the road, or commit murder without knowing what you had done. Now imagine being one of the people born with this ability. Knowing how easily our entire world can be taken apart, would you accept orders to manipulate others?



That's the conundrum that Hiroki, Satoru and Tsukasa find themselves in as they're employed as psychic hitmen and enforcers by a mysterious agency. Or, at least, that's what might be happening. Because they themselves are almost certainly being manipulated, and the concepts of truth and reality cease to have meaning when you're one of the terrifying beings known as a pet.



(Source: Sentai Filmworks)",https://s4.anilist.co/file/anilistcdn/media/anime/cover/large/bx101350-nRjxYT3r6qTC.jpg,https://s4.anilist.co/file/anilistcdn/media/anime/banner/101350-XpXykQcRZWK6.jpg,3.0,,,,,,,,,,,,,,,Drama;Psychological;Supernatural,Geno Studio,,,,,,,,,,,,
Kill Me Baby,キルミーベイベー,TVA,2012,13,COMPLETED,J.C.STAFF,"Kill Me Baby is the touching story of Yasuna, a normal (?) high school girl, and Sonya, her best friend who happens to be an assassin. Unfortunately, little Sonya's trained assassin instincts often work against her and others in her daily high school life, as Yasuna's often-broken wrist can attest to. She just wanted a hug, but she ended up with a broken neck. Isn't it sad? No, it's hilarious.


Not even Yasuna's intense ninja training can prepare her for the exciting adventures in this explosive 4-panel manga adaptation.",https://s4.anilist.co/file/anilistcdn/media/anime/cover/medium/11079.jpg,https://s4.anilist.co/file/anilistcdn/media/anime/banner/11079-mY3J1Wwndhhh.jpg,3.3,,,,,,,,,,,,,,,Comedy,J.C.STAFF,,,,,,,,,,,,
Alice & Zoroku,アリスと蔵六,TVA,2017,12,COMPLETED,J.C.STAFF,"The fantasy story begins with a group of young girls who hold a power named ""Alice's Dream,"" which allows them to make their imaginations come true. These girls have been locked up and treated as research subjects. Sana, one of these girls whose specific power includes the ability ignore the laws of physics and physically manifest anything she can imagine, has escaped. Afterwards, she meets an old man named Zouroku, who dislikes disruptions in his everyday life.



(Source: Anime News Network)




Note: The first episode aired with a runtime of ~44 minutes as opposed to the standard 25 minute long episode.",https://s4.anilist.co/file/anilistcdn/media/anime/cover/large/bx97821-r0s6HIGMYOVh.png,https://s4.anilist.co/file/anilistcdn/media/anime/banner/97821-VTShAmMHyeqt.jpg,3.4,,,,,,,,,,,,,,,Action;Adventure;Fantasy;Mystery;Sci-Fi;Supernatural,J.C.STAFF,,,,,,,,,,,,
Go! Go! Loser Ranger! Season 2,戦隊大失格 2nd season,TVA,2025,12,COMPLETED,Yostar Pictures,The second season of Sentai Daishikkaku.,https://s4.anilist.co/file/anilistcdn/media/anime/cover/large/bx178781-pbk5FgfiAJxS.jpg,https://s4.anilist.co/file/anilistcdn/media/anime/banner/178781-DIZXrLSKdKXs.jpg,3.5,,,,,,,,,,,,,,,Action;Comedy;Drama;Sci-Fi,Yostar Pictures,,,,,,,,,,,,
Battle Vixens: Ikki Tousen,一騎当千,TVA,2003,13,COMPLETED,J.C.STAFF,"Seven schools are constantly 'at war' with each other, and the students within - both male and female - have become skilled fighters and constantly battle with rival schools. Their lives and fates are guided by strange jewels that contain the spirits and destinies of warriors from the Sangokushi period. One girl, Sonsaku Hakufu, has recently moved to Japan and is apparently destined to unite the schools as her counterpart united seven countries long ago. But, like all heroes, there is a darker side to her fate, and as always there is a constant struggle by those around her to break the chains of their own destinies and make their own lives.


(Source: Anime News Network)",https://s4.anilist.co/file/anilistcdn/media/anime/cover/large/bx257-gCZecr1Nu9NV.jpg,https://s4.anilist.co/file/anilistcdn/media/anime/banner/257-F6T6Vynn5fJn.jpg,2.9,,,,,,,,,,,,,,,Action;Ecchi,J.C.STAFF,,,,,,,,,,,,
Baby Steps,ベイビーステップ,TVA,2014,25,COMPLETED,Studio Pierrot,"Based on the original manga by Hikaru Katsuki, Baby Steps centers on a honor student named Eiichiro Maruo who becomes frustrated with his life and decides to join the tennis club. Despite lacking experience and physical strength, he utilizes his studious nature to develop a strategic approach to playing tennis. Taking notes of his opponents’ habits and tendencies, he is able to predict their next move before they even react. He also meets Natsu Takasaki, a beautiful girl with a passion for tennis. With her help, he aims to become a professional tennis player.



(Source: Crunchyroll)",https://s4.anilist.co/file/anilistcdn/media/anime/cover/large/bx20510-S72XBO504JWD.jpg,https://s4.anilist.co/file/anilistcdn/media/anime/banner/n20510-9SKDDNdPJlx5.jpg,3.8,,,,,,,,,,,,,,,Romance;Sports,Studio Pierrot,,,,,,,,,,,,
HaNaYaMaTa,ハナヤマタ,TVA,2014,12,COMPLETED,MADHOUSE,"Normal appearance, normal intelligence, normal in arts and sports... just normal. This is the entirely normal 14-year-old, Naru Sekiya. While she admires ""Heroines"" she continues to live a normal life until one moonlit night she meets a fairy. This foreign girl then guides her into the extraordinary world of the yosakoi dance.


(Source: Manga Time Kirara)",https://s4.anilist.co/file/anilistcdn/media/anime/cover/large/bx20575-SKNc01MWDyCi.jpg,https://s4.anilist.co/file/anilistcdn/media/anime/banner/n20575-Em9HyKKRkilJ.jpg,3.5,,,,,,,,,,,,,,,Comedy;Slice of Life,MADHOUSE,,,,,,,,,,,,
Hinomaru Sumo,火ノ丸相撲,TVA,2018,24,COMPLETED,GONZO,"It is a divine ritual, a martial art, a combat sport—it's sumo!!



A ""small"" new student, Ushio Hinomaru, appears before the weak little sumo club of Oodachi High School! The words ""big"" and ""heavy"" are the rules to this sport, which does not fit this newbie any inch, but this guy goes and does what...!? Ushio and the small sumo club climbs its way to the top!



The goal is Hinoshita Kaisan (A title for the highest rank in professional sumo, equivalent of Yokozuna)!



A fired up high school sumo tale—no retakes allowed!!



(Source: MangaHelpers)",https://s4.anilist.co/file/anilistcdn/media/anime/cover/large/nx100990-NJ5mqZkYlW6y.jpg,https://s4.anilist.co/file/anilistcdn/media/anime/banner/100990-9ccyloqa2AHb.jpg,3.6,,,,,,,,,,,,,,,Action;Sports,GONZO,,,,,,,,,,,,
The Seven Deadly Sins: Four Knights of the Apocalypse,七つの大罪 黙示録の四騎士,TVA,2023,24,COMPLETED,Telecom Animation Film,"Percival is a kind boy who lives out on the frontier called ""Finger of God"" along with his grandfather. However, the world was not kind enough to let peace and tranquility last for long. An encounter with a mysterious knight changed their destiny, and a shocking truth comes to light. The boy then sets off on an endless journey.



(Source: Kodansha USA)",https://s4.anilist.co/file/anilistcdn/media/anime/cover/large/bx148862-ctw1sn45I4ZX.png,https://s4.anilist.co/file/anilistcdn/media/anime/banner/148862-AaWylYjSNEW0.jpg,3.6,,,,,,,,,,,,,,,Action;Adventure;Fantasy,Telecom Animation Film,,,,,,,,,,,,
Level 1 Demon Lord and One Room Hero,Lv1魔王とワンルーム勇者,TVA,2023,12,COMPLETED,SILVER LINK.,"After his embarrassing defeat at the hands of a brave hero, the Demon Lord is back and ready for revenge… but after ten years apart, the hero, Max, isn’t the dashing do-gooder the Demon Lord remembers. In fact, Max has turned into a shut-in slob with no interest in an epic rematch. Can the Demon Lord whip his former nemesis back into shape, or will he be defeated by the hero-turned-couch-potato once again and join him in his lazy life?



(Source: HIDIVE)",https://s4.anilist.co/file/anilistcdn/media/anime/cover/large/bx146836-UWMpVYgMcvwk.jpg,https://s4.anilist.co/file/anilistcdn/media/anime/banner/146836-VoARrslgMMkO.jpg,3.5,,,,,,,,,,,,,,,Action;Adventure;Comedy;Ecchi;Fantasy,SILVER LINK.,,,,,,,,,,,,
Isuca,イスカ,TVA,2015,10,COMPLETED,ARMS,"Shinichirou decides to look for a job in order to pay his rent, and his teacher suggests that he work for someone at their house,doing housekeeping. However, the person who hired him was Sakuya, a girl who is the 37th head of the Shimazu family, and her job is to exorcise and eliminate unwanted creatures. Shinichirou accidentally releases one of the creatures that Sakuya captures and they cooperate to catch it. A story of comedic creature hunting begins!",https://s4.anilist.co/file/anilistcdn/media/anime/cover/large/bx20746-a6DKOfo2K49Z.jpg,https://s4.anilist.co/file/anilistcdn/media/anime/banner/n20746-hNsQJYugCA9y.jpg,2.7,,,,,,,,,,,,,,,Action;Comedy;Ecchi;Romance;Supernatural,ARMS,,,,,,,,,,,,
Astarotte's Toy,アスタロッテのおもちゃ！,TVA,2011,12,COMPLETED,diomedéa,"While job hunting, Naoya is taken by a mysterious girl to a magical land where he is installed in the harem of the succubus Princess Lotte. Thanks to trauma from her childhood, Lotte hates men and surrounds herself with lots of other women, who all have quirks of their own. In spite of her selfishness, when Naoya learns that Lotte is really quite lonely he agrees to stay in her world ...if he can bring his daughter Asuha with him.



(Source: Anime News Network)",https://s4.anilist.co/file/anilistcdn/media/anime/cover/large/bx9736-pUzvtyNJWzY2.png,https://s4.anilist.co/file/anilistcdn/media/anime/banner/9736-aMXGpRK9yVmK.jpg,3.0,,,,,,,,,,,,,,,Comedy;Ecchi;Fantasy;Romance,diomedéa,,,,,,,,,,,,
Black Butler: Public School Arc,黒執事 寄宿学校編,TVA,2024,11,COMPLETED,CloverWorks,"Continuation of the Kuroshitsuji anime adaptation.



At the request of Queen Victoria, Earl Ciel Phantomhive goes to Weston College—a prestigious public academy for boys, known for its traditions and outstanding curriculum—to search for a relative of hers who has not returned home in months. Thanks to his noble status, the 13-year-old Ciel is swiftly able to enroll as a student, while his devilish butler Sebastian Michaelis assumes a teaching position at the school.



Ciel does not anticipate being unable to locate the Queen's relative on campus. To make matters worse, he cannot request a meeting with the headmaster of the college, who may be the only person that knows anything pertaining to the disappearance. The only ones in frequent contact with the headmaster are the heads of the college dormitories, known as the Prefect 4 (P4): Edgar Redmond, Lawrence Bluewer, Herman Greenhill, and Gregory Violet.



Ciel must concoct a plan to get in the P4's good graces if he wants to use their connections to succeed in his mission. But the distinguished college and its students hide much that is unseen, making this task more improbable than he could imagine.



(Source: MAL Rewrite)",https://s4.anilist.co/file/anilistcdn/media/anime/cover/large/bx166715-humnzscIw7SC.jpg,https://s4.anilist.co/file/anilistcdn/media/anime/banner/166715-0sYIhm6yOOPJ.jpg,3.9,,,,,,,,,,,,,,,Action;Comedy;Fantasy;Mystery;Supernatural,CloverWorks,,,,,,,,,,,,
The Duke of Death and His Maid Season 2,死神坊ちゃんと黒メイド 第2期,TVA,2023,12,COMPLETED,J.C.STAFF,"The second season of Shinigami Bocchan to Kuro Maid.



The duke, full of love and kindness, treads carefully around every living being, be it a tender flower or his seductive maid, Alice Lendrott. Were it not for the devotion Alice shows him and the fondness that grows ever stronger between them, the duke would have barely paid heed to his mother's demand: to either lift the dreadful curse placed upon him or lose his family inheritance. Although the duke has no greed for riches, he yearns to be rid of his frightful powers—which cause all he touches to die—for the sake of those closest to him.



As the duke, Alice, and their friends enjoy spirited days filled with the ridiculous affairs of the supernatural, the spring deadline looms heavily over them. Nonetheless, the duke refuses to take any shortcuts in this endeavor if it means betraying the trust of his cherished friends.



(Source: MAL Rewrite)",https://s4.anilist.co/file/anilistcdn/media/anime/cover/large/bx139435-7cLDzwDsRqAn.png,https://s4.anilist.co/file/anilistcdn/media/anime/banner/139435-ceEyUZxCIefX.jpg,3.8,,,,,,,,,,,,,,,Comedy;Drama;Romance;Supernatural,J.C.STAFF,,,,,,,,,,,,
TRIGUN STARGAZE,TRIGUN STARGAZE,TVA,2026,12,COMPLETED,Orange,"Sequel season to TRIGUN STAMPEDE.



It’s been two and a half years since the Lost JuLai tragedy, which laid waste to an entire city and engulfed the whole planet in chaos. Meryl, now a senior journalist, continues her search for Vash with her new younger sidekick, Milly, and runs into Wolfwood along the way. As plant robberies begin taking place once again, they sense Millions Knives’s organization conspiring behind the scenes.



Meanwhile, Vash has taken the new name Eriks and is living in hiding in a backwater town when he gets an abrupt visit from Jessica, a young girl with an SOS from the third ship they call home. He thus decides to put an end to a long-standing feud in order to protect those dear to him.



Just as the pieces of the story begin falling back together again, the planet receives a message from the far reaches of outer space: “We are a fleet of colony ships from Earth... Those who wish may accompany us to a new frontier.” The entire population rejoices at this news. However, as if to mock their celebration, the one-winged angel returns to wreak havoc and despair. Fates collide to forge a final conclusion for the panicked planet.



(Source: Crunchyroll)",https://s4.anilist.co/file/anilistcdn/media/anime/cover/large/bx163144-XdVwFRxPGY6j.jpg,https://s4.anilist.co/file/anilistcdn/media/anime/banner/163144-EyR6TQyQVbx5.jpg,3.4,,,,,,,,,,,,,,,Action;Comedy;Drama;Sci-Fi,Orange,,,,,,,,,,,,
"Zoku Sayonara, Zetsubou-Sensei",俗・さよなら絶望先生,TVA,2008,13,COMPLETED,Shaft,"More crazy antics abound as Nozomu Itoshiki, a.k.a Zetsubou-sensei, who is the worlds most negative person, tries to teach class 2-H about how life is filled with despair and darkness. A harder task than it first may seem, with his students being far from ordinary themselves, including the likes of the most positive girl he has ever met, his very own stalker, a foreign exchange student with split personalities and a perfectionist acting class president, due to the fact the real class president can't be seen by anyone, among others. 


(Source: Anime News Network)",https://s4.anilist.co/file/anilistcdn/media/anime/cover/large/bx3228-1HZ2FA34oKAM.jpg,https://s4.anilist.co/file/anilistcdn/media/anime/banner/3228-pdQ6CVaaSuxJ.jpg,3.9,,,,,,,,,,,,,,,Comedy,Shaft,,,,,,,,,,,,
Medaka Box Abnormal,めだかボックス アブノーマル,TVA,2012,12,COMPLETED,Gainax,"What started as a simple assistance program has escalated insanely out of control, and now Medaka Kurokami finds herself exposed as something far more than human. But that's only the beginning of a new series of shocking revelations that lead towards a dark secret plan that not even the unbelievable power of her War God Mode may be able to withstand. Still, Medaka's proving to be good at thinking outside of the box, and if she needs the full backing of every hidden resource of the Student Council to meet the challenge, then that's what she's going to get. Even the Abnormal ones! 


(Source: Sentai Filmworks) 



Note: Episode 12, titled ""Seitokai wo Shikei Shikkou Suru"", is part 4 of the ""Good Loser Kumagawa"" series.",https://s4.anilist.co/file/anilistcdn/media/anime/cover/large/bx14527-7rNlGdUA9sgM.png,https://s4.anilist.co/file/anilistcdn/media/anime/banner/n14527-r0eKESv9lyca.jpg,3.5,,,,,,,,,,,,,,,Action;Comedy,Gainax,,,,,,,,,,,,
As Miss Beelzebub Likes it.,ベルゼブブ嬢のお気に召すまま。,TVA,2018,12,COMPLETED,LIDENFILMS,"Murin's lands his dream job with the demon king he's always held in awe, but when his tenure begins, it turns out the demon king isn't quite what he expected... 



(Source: Yen Press)",https://s4.anilist.co/file/anilistcdn/media/anime/cover/large/bx101505-jhNHjv7Ng3ku.jpg,https://s4.anilist.co/file/anilistcdn/media/anime/banner/101505-CryzUUjVYZ54.jpg,3.5,,,,,,,,,,,,,,,Comedy;Fantasy;Romance;Slice of Life;Supernatural,LIDENFILMS,,,,,,,,,,,,
Hozuki's Coolheadedness,鬼灯の冷徹,TVA,2014,13,COMPLETED,WIT STUDIO,"Hoozuki is the aide to the great king of Hell, King Enma. Calm and super-sadistic, Hoozuki tries to resolve the various problems in Hell, including a rampaging Momotarou and his companions. However, he also likes spending his free time on his hobbies, such as fawning over cute animals and raising ""Goldfish Flowers.""



(Source: Crunchyroll)",https://s4.anilist.co/file/anilistcdn/media/anime/cover/large/nx20431-01EHi0CpWKx0.png,https://s4.anilist.co/file/anilistcdn/media/anime/banner/20431-S0BhJaPcjAAP.jpg,3.7,,,,,,,,,,,,,,,Comedy;Fantasy;Supernatural,WIT STUDIO,,,,,,,,,,,,
My Awkward Senpai,不器用な先輩。,TVA,2025,12,COMPLETED,Studio elle,"Kannawa has a secret: Even though she has a reputation in the office as intense, strict, and scary, she’s actually just…awkward. So, when she learns she has to train Kamegawa, the cute, nerdy newbie, she’s at a complete loss! Can this awkward senpai figure out how to handle her budding feelings?!



(Source: Crunchyroll)",https://s4.anilist.co/file/anilistcdn/media/anime/cover/large/bx185575-moQeN8f5xRBv.jpg,https://s4.anilist.co/file/anilistcdn/media/anime/banner/185575-ExBgoUlZEwEU.jpg,3.5,,,,,,,,,,,,,,,Comedy;Romance,Studio elle,,,,,,,,,,,,
Übel Blatt,Übel Blatt～ユーベルブラット～,TVA,2025,12,COMPLETED,Satelight,"Rumors stir throughout the land: when the wielder of the black sword draws his dark blade, all who stand in its path are torn asunder…!


Köinzell, the mysterious young boy who carries the black sword, undeniably wields it with exceptional skill, but can he truly be responsible for the bloody rumors?
Pursued by the Traitorous Lances, four powerful warriors who were thought to have been defeated by the Seven Heroes, the strength of the young swordsman will be tested to its limit. At battle’s end, only the shocking truth of Köinzell’s quest will stand above the corpses of his enemies…


An epic fantasy on the grandest of scales!



(Source: Yen Press)",https://s4.anilist.co/file/anilistcdn/media/anime/cover/large/bx175198-AtWwEQPTjQ6N.jpg,https://s4.anilist.co/file/anilistcdn/media/anime/banner/175198-xWH6PKjANEhw.jpg,3.0,,,,,,,,,,,,,,,Action;Adventure;Drama;Fantasy,Satelight,,,,,,,,,,,,
Freezing Vibration,フリージング ヴァイブレーション,TVA,2013,12,COMPLETED,A.C.G.T.,Second season of Freezing.,https://s4.anilist.co/file/anilistcdn/media/anime/cover/large/bx18001-ORF1Yuxt1z0I.jpg,https://s4.anilist.co/file/anilistcdn/media/anime/banner/n18001-q3nz5niERJzr.jpg,3.1,,,,,,,,,,,,,,,Action;Comedy;Drama;Ecchi;Romance;Sci-Fi,A.C.G.T.,,,,,,,,,,,,
Magic Kaito 1412,まじっく快斗1412,TVA,2014,24,COMPLETED,A-1 Pictures,"Kaito Kuroba, a normal teenage student whose father is often absent. When his father dies under mysterious circumstances, he is made aware of his father's secret identity; a famous international criminal known as International Criminal 1412: the Phantom Thief, and that he was murdered by a mysterious organization for refusing to aid them in retrieving the ""Pandora Gem""; a mystical stone said to shed a ""tear"" during the passing of a particular comet (often called the 'Volley Comet'), the consumption of which bestows immortality. 



He vows to prevent the organization from gaining immortality, and assumes his father's identity as he begins his quest for the gem. His only clues as to the gem's location are that it glows red under the full moon and that it is a doublet: a gem hidden within a larger gem. Thus, it would have to be a relatively large one with a bizarre history, and always stored in a place that never receives moonlight. He thus researches and steals famous priceless gems with odd histories from incredibly well-defended areas, and always returns them after the very next full moon.",https://s4.anilist.co/file/anilistcdn/media/anime/cover/large/bx20790-ZOXZWSlvlN1W.jpg,https://s4.anilist.co/file/anilistcdn/media/anime/banner/20790-sOvsLAJ6x53e.jpg,3.8,,,,,,,,,,,,,,,Action;Adventure;Comedy;Mystery,A-1 Pictures,,,,,,,,,,,,
Dance Dance Danseur,ダンス・ダンス・ダンスール,TVA,2022,11,COMPLETED,MAPPA,"Danseur noble--a ballet dancer qualified to dance the role of the prince. Second-year junior high school student Murao Junpei was fascinated by ballet as a boy, but gave up on dancing after his father's death, as he had to become a man. However, one day, a beautiful transfer student named Godai Miyako appears before him. Miyako takes notice in Junpei's love of ballet and invites him to dance with her. Along with Miyako's cousin Mori Ruou, he begins his career as a full-fledged ballet dancer, with the aim of becoming the world's best dancer--the Danseur noble! Only those who have sacrificed everything are permitted to stand in the beautiful and harsh world of classical ballet. What will be the fate of a total beginner like Junpei?!



(Source: Crunchyroll)",https://s4.anilist.co/file/anilistcdn/media/anime/cover/large/bx132171-7eUhRXuzbR20.png,https://s4.anilist.co/file/anilistcdn/media/anime/banner/132171-CZiw1HyGi5cf.jpg,3.8,,,,,,,,,,,,,,,Drama;Romance;Slice of Life;Sports,MAPPA,,,,,,,,,,,,
The Morose Mononokean,不機嫌なモノノケ庵,TVA,2016,13,COMPLETED,Studio Signpost,"Ashiya has spent the first seven days of high school stuck in the infirmary because of a youkai attaching itself to him. He ends up asking the owner of a small tea room called the ""Mononokean"" for help. This is a tale involving the very morose owner of Mononokean guiding the youkai that happened to wander into this world go to the next world.



(Source: Crunchyroll)",https://s4.anilist.co/file/anilistcdn/media/anime/cover/large/bx21643-1zrEKuiV3ASs.png,https://s4.anilist.co/file/anilistcdn/media/anime/banner/21643-TehjY9mfzzy1.jpg,3.6,,,,,,,,,,,,,,,Supernatural,Studio Signpost,,,,,,,,,,,,
Akagi,闘牌伝説アカギ 闇に舞い降りた天才,TVA,2005,26,COMPLETED,MADHOUSE,"While mahjong is a game that is often played with family and friends, it is also a game that is played in the darkest corners of society. Nangou is a compulsive gambler who has accumulated a debt of over three million yen. In a last-ditch attempt to clear his record, he decides to wager his life on a game of mahjong with the mafia. Unfortunately, as the game progresses, Nangou only moves further from the prize and closer to death.



When all hope seems lost, the game parlor is suddenly intruded upon by Shigeru Akagi, a young boy on the run from the police. Desperate to turn the game around, Nangou hands the game over to Akagi after teaching him a few of the rules. The mafia can only smirk as Akagi sits down to play. However, they soon come to learn that Akagi is a natural-born gambler. An imposing figure who does not fear death. One who is destined to become a legend.



(Source: MAL Rewrite)",https://s4.anilist.co/file/anilistcdn/media/anime/cover/large/bx658-vfMTeXswhOzl.png,https://s4.anilist.co/file/anilistcdn/media/anime/banner/658-vAjz5mXc5Him.jpg,3.9,,,,,,,,,,,,,,,Psychological;Sports;Thriller,MADHOUSE,,,,,,,,,,,,
Urusei Yatsura,うる星やつら,TVA,1981,195,COMPLETED,Studio Pierrot,"It all begins when aliens invade and threaten to conquer the Earth! However, one member of the human race is chosen at random to duel the aliens and save the planet: Ataru Moroboshi, a lecherous slacker from Tomobiki High School who begrudgingly participates. All he has to do? Play a game of tag and catch Lum — the beautiful alien princess in a tiger-stripe bikini — by the horns. Unfortunately for Ataru, it’s not so simple, since Lum can fly and deliver electric shocks! Perseverance pays off, but once he catches her, Ataru experiences another shock: He’s now Lum’s betrothed “darling” and she isn’t going back to her home planet anytime soon!



(Source: Crunchyroll)",https://s4.anilist.co/file/anilistcdn/media/anime/cover/large/bx1293-xohJFutZXimo.jpg,https://s4.anilist.co/file/anilistcdn/media/anime/banner/1293-XmAkK3xVNmQh.jpg,3.7,,,,,,,,,,,,,,,Comedy;Drama;Romance;Sci-Fi;Slice of Life,Studio Pierrot,,,,,,,,,,,,
The Klutzy Class Monitor and the Girl with the Short Skirt,ポンコツ風紀委員とスカート丈が不適切なJKの話,TVA,2026,12,ONGOING,Zero-G,"Sakuradaimon is the school's prefect. A prefect is a student who is authorized to enforce discipline. As a prefect, he's supposed to be a role model to other students, but unfortunately he's not perfect. Kohinata is one of the people who Sakuradaimon has tried to discipline into wearing appropriate school attire, but she has thusfar been disobedient.



And so this is a story of the two interacting with one another.",https://s4.anilist.co/file/anilistcdn/media/anime/cover/large/bx189987-CkTDPfD7vu2Y.jpg,https://s4.anilist.co/file/anilistcdn/media/anime/banner/189987-0UGf5F7zWNvv.jpg,3.8,,,,,,,,,,,,,,,Comedy;Romance;Slice of Life,Zero-G,,,,,,,,,,,,
Sengoku Youko,戦国妖狐,TVA,2024,13,COMPLETED,WHITE FOX,"The world is divided into two factions: humans and monsters called katawara. Despite being a katawara, Tama loves humans and vows to protect them from evil, even if it means fighting her own kind. Her brother Jinka, however, hates humans, despite mostly being one. The siblings are joined by a cowardly swordsman named Shinsuke, who wants to learn how to become strong.



When the group uncovers a plot to experiment on humans and transform them into monsters, they vow to defeat whoever is behind it... Even if it means battling an entire army of warriors.



(Source: Crunchyroll)",https://s4.anilist.co/file/anilistcdn/media/anime/cover/large/bx168194-I7O79icUs0ou.jpg,https://s4.anilist.co/file/anilistcdn/media/anime/banner/168194-ynjLJ3TembGL.jpg,3.5,,,,,,,,,,,,,,,Action;Adventure;Fantasy,WHITE FOX,,,,,,,,,,,,
Ranma1/2 (2024) Season 2,らんま1/2 (2024) 第2期,TVA,2025,12,COMPLETED,MAPPA,"The second season of Ranma 1/2 (2024).



Brace yourselves for the hilarious romantic comedy's return! What antics and arguments will Ranma and Akane get into next?



(Source: Netflix Anime)",https://s4.anilist.co/file/anilistcdn/media/anime/cover/large/bx185731-PJ6WKcFDUI4B.jpg,https://s4.anilist.co/file/anilistcdn/media/anime/banner/185731-LUMIdwsqtTrX.jpg,3.9,,,,,,,,,,,,,,,Action;Comedy;Romance,MAPPA,,,,,,,,,,,,
Val x Love,戦×恋,TVA,2019,12,COMPLETED,Hoods Entertainment,"Takuma Akutsu is not an attractive guy. In fact, his hulking size and ugly face have earned him the nickname ""demon"", which is ironic since all he really wants is to be left alone. But you know who never pays attention to what people want? The King of the Gods, Odin, who decides that Takuma is the one person who can save Earth from complete destruction.



As a result, Takuma finds his school, class and home all infiltrated by Odin's nine luscious Valkyrie daughters and, in order to become the Army of One that Odin seeks, Takuma has to use love to forge the Valkyrie's maidenly powers into the ultimate force for saving the world. Yeah, no pressure there, right? Can Takuma man up and ride all nine Valkyries to save the Earth?



(Source: Sentai Filmworks)",https://s4.anilist.co/file/anilistcdn/media/anime/cover/large/bx109321-uRusf0ug6AQ0.jpg,,2.7,,,,,,,,,,,,,,,Comedy;Ecchi;Romance;Supernatural,Hoods Entertainment,,,,,,,,,,,,
07-Ghost,セブンゴースト,TVA,2009,25,COMPLETED,Studio DEEN,"Barsburg Empire's Military Academy is known for training elites who bring victory to the empire. Students of the academy freely utilize an ability called ""Zaiphon"" to fight, while the types of Zaiphon usable depends on the nature of the soldier.


Teito Klein, a student at the academy, is one of the most promising soldiers produced. Although ridiculed by everyone for being a sklave (German for slave) with no memories of his past, he is befriended by a fellow student called Mikage. While preparing for the final exam, Teito uncovers a dark secret related to his past. When an attempt to assassinate Ayanami, a high-ranking official who killed his father, fails, Teito is locked away awaiting punishment.


Only wanting the best for Teito, Mikage helps him escape. Teito ends up at the 7th District Church where he is taken in by the bishops. It is here that Teito attempts to evade the grasp of Ayanami and the Military, so he can rediscover his memories and learn why he is the person that can change the fate of the world.


[Written by MAL Rewrite]",https://s4.anilist.co/file/anilistcdn/media/anime/cover/medium/5525.jpg,https://s4.anilist.co/file/anilistcdn/media/anime/banner/5525-wcKm55z8JAPb.jpg,3.3,,,,,,,,,,,,,,,Action;Fantasy,Studio DEEN,,,,,,,,,,,,
Petals of Reincarnation,リィンカーネーションの花弁,TVA,2026,13,ONGOING,BENTEN Film,"Touya Senji is talentless. He's tried everything but he can't seem to excel at anything no matter how hard he tries. Then he meets Haito, a Kendo champion and... humanity's protector? She uses the Stem of Reincarnation to draw on the abilities of her past lives, but it only works when she slits her own throat. And now she wants Touya to join her?!



(Source: Mangamo, edited)",https://s4.anilist.co/file/anilistcdn/media/anime/cover/large/bx179950-g95odyBfYEbU.jpg,https://s4.anilist.co/file/anilistcdn/media/anime/banner/179950-j8dYIqYi8KLC.jpg,3.0,,,,,,,,,,,,,,,Action;Supernatural,BENTEN Film,,,,,,,,,,,,
A Couple of Cuckoos Season 2,カッコウの許嫁 Season2,TVA,2025,12,COMPLETED,Okuruto Noboru,"The second season of Kakkou no Iinazuke.


Umino Nagi and Amano Erika were born on the same day and swapped at birth. Nagi was raised as the son of a diner owner, and Erika the daughter of a hotel tycoon. Their parents encourage them to become engaged, and they begin life together. Soon though, infatuations arise as Nagi becomes stuck in a love quadrangle. Life and love are embroiled in epic turmoil as fate is set in motion once again!



(Source: Crunchyroll)",https://s4.anilist.co/file/anilistcdn/media/anime/cover/large/bx179828-Yc1b1R2dxQyc.jpg,https://s4.anilist.co/file/anilistcdn/media/anime/banner/179828-0AXi8W5ZjKl6.jpg,3.4,,,,,,,,,,,,,,,Comedy;Romance,Okuruto Noboru,,,,,,,,,,,,
"OKITSURA: Fell in Love with an Okinawan Girl, but I Just Wish I Know What She's Saying",沖縄で好きになった子が方言すぎてツラすぎる,TVA,2025,12,COMPLETED,Millepensee,"When Teruaki Nakamura transfers to laid-back Okinawa, he falls for the lively Kyan-san—but her dialect is a complete mystery to him. With Higa-san translating, Teru’s misunderstanding-filled island life takes off...and subtle hints suggest Higa-san might want his heart too. On this serene island, love flows as freely as the ocean breeze!



(Source: Crunchyroll)",https://s4.anilist.co/file/anilistcdn/media/anime/cover/large/bx166699-k5hIccoA5XSW.jpg,https://s4.anilist.co/file/anilistcdn/media/anime/banner/166699-VIqDjIhTXkk0.jpg,3.5,,,,,,,,,,,,,,,Comedy;Romance,Millepensee,,,,,,,,,,,,
Tsugumomo2,継つぐもも,TVA,2020,12,COMPLETED,Zero-G,"The second season of Tsugumomo.



When ""ordinary boy"" Kazuya Kagami meets the beautiful tsukumogami Kiriha, his life gets turned upside-down. As a ""Taboo Child"" who draws the supernatural towards him, he receives orders from the God of the Land, Kukuri, to become an exorcist and defeat these evil forces. And so, he and Kiriha do battle.



To find out information on these supernatural beings, Kazuya and his friends set up a counselor's club at school. But behind the typical-seeming troubles he hears about, he uncovers a major plot to target Kukuri...



In addition to the sadistic-yet-beautiful tsukumogami Kiriha, the situation draws other girls to Kazuya to join the fray!



(Source: Crunchyroll)",https://s4.anilist.co/file/anilistcdn/media/anime/cover/large/bx108266-XIxj8RVcidLX.jpg,,3.6,,,,,,,,,,,,,,,Action;Comedy;Ecchi;Supernatural,Zero-G,,,,,,,,,,,,
SUPER LOVERS,スーパーラヴァーズ,TVA,2016,10,COMPLETED,Studio DEEN,"A high school boy named Haru and his mother are living overseas. His mother orders him to take care of and ""civilize"" his adoptive brother Ren, a wild young boy who dislikes talking with other people. While their relationship is adversarial at first, they grow closer as they begin to understand one another.



(Source: Anime News Network)",https://s4.anilist.co/file/anilistcdn/media/anime/cover/large/bx21177-WCEfrZj2L7Of.jpg,https://s4.anilist.co/file/anilistcdn/media/anime/banner/21177-XOavekMr1dwk.jpg,3.0,,,,,,,,,,,,,,,Comedy;Drama;Romance;Slice of Life,Studio DEEN,,,,,,,,,,,,
The Red Ranger Becomes an Adventurer in Another World,戦隊レッド異世界で冒険者になる,TVA,2025,12,COMPLETED,Satelight,"Togo Asagaki was the Red Ranger in a heroic Ranger squad. During their final battle against an evil organization, he gave his life to guarantee their triumph. But fate had other plans, and he found himself reborn in an entirely different world. Embracing his new role as an adventurer, he transforms into Kizuna Red and continues his pursuit of justice, helping those in need.



(Source: Crunchyroll)",https://s4.anilist.co/file/anilistcdn/media/anime/cover/large/bx180052-i29SxOyEBtXB.jpg,https://s4.anilist.co/file/anilistcdn/media/anime/banner/180052-nVZe4DvOdGHb.jpg,3.3,,,,,,,,,,,,,,,Action;Adventure;Comedy;Fantasy,Satelight,,,,,,,,,,,,
"Wave, Listen to Me!",波よ聞いてくれ,TVA,2020,12,COMPLETED,Sunrise,"On a drunken night out to complain about an ex, Minare Koda absentmindedly shares too much information with a stranger from the radio station. The next morning, she’s shocked to hear her voice on the radio. Bursting into the station with intentions to justify her previous night’s rant quickly turns into an interview on-air and the offer to share her chaotic life with an unsuspecting audience!



(Source: Crunchyroll)",https://s4.anilist.co/file/anilistcdn/media/anime/cover/large/bx112353-hAtUOoapou7V.png,https://s4.anilist.co/file/anilistcdn/media/anime/banner/112353-cyIzHUCz2pML.jpg,3.5,,,,,,,,,,,,,,,Comedy;Drama;Romance;Slice of Life,Sunrise,,,,,,,,,,,,
Desert Punk,砂ぼうず,TVA,2004,24,COMPLETED,GONZO,"The Great Kanto Desert is a miserable place. It’s also the home of hero-for-hire Desert Punk, the closest thing to a good guy the wasteland’s got. He’s known as the best man for any job, but his reputation is undone by his raging hormones when curvy Junko uses her double-D charms to double-cross him. With debt hanging over his head, Desert Punk sets out to salvage his name. 


(Source: Crunchyroll)",https://s4.anilist.co/file/anilistcdn/media/anime/cover/large/bx25-H1etX7IgfFtQ.jpg,https://s4.anilist.co/file/anilistcdn/media/anime/banner/25-F2qEJ3hvFzHj.jpg,3.5,,,,,,,,,,,,,,,Action;Adventure;Comedy;Ecchi;Sci-Fi,GONZO,,,,,,,,,,,,
Laughing Under the Clouds,曇天に笑う,TVA,2014,12,COMPLETED,Doga Kobo,"When swords were outlawed in the Meiji era, the mighty samurais began to disappear. Those who rejected the ban rebelled, causing unrest throughout the countryside. To combat this criminal activity, an inescapable lake prison was constructed. Three young men, born of the Kumo line, were given the duty of delivering criminals to their place of confinement—but could there be more to their mission? 


(Source: Crunchyroll)",https://s4.anilist.co/file/anilistcdn/media/anime/cover/large/bx20817-aGLuN5TIVAgT.jpg,,3.5,,,,,,,,,,,,,,,Action,Doga Kobo,,,,,,,,,,,,
EDENS ZERO Season 2,EDENS ZERO 第2期,TVA,2023,25,COMPLETED,J.C.STAFF,The second season of EDENS ZERO.,https://s4.anilist.co/file/anilistcdn/media/anime/cover/large/bx144932-bVDXbfExeBKH.png,https://s4.anilist.co/file/anilistcdn/media/anime/banner/144932-XHfqz1m85IXS.jpg,3.6,,,,,,,,,,,,,,,Action;Adventure;Comedy;Fantasy;Sci-Fi,J.C.STAFF,,,,,,,,,,,,
Cross Game,クロスゲーム,TVA,2009,50,COMPLETED,SynergySP,"The main character is Kou Kitamura, son of the owner of Kitamura Sports. In the same neighborhood is a batting center run by the Tsukishima family. Due to their proximity and the relationship between their businesses, the Kitamura and Tsukishima familes have been close for many years, with their children going back and forth between the two homes like extended family. Because Kou and Wakaba were the same age and always together, Aoba was jealous of all the time Kou spent with her older sister. Aoba is a natural pitcher with excellent form, and Kou secretly trains to become as good as she was, even while publicly showing little interest in baseball.",https://s4.anilist.co/file/anilistcdn/media/anime/cover/large/bx5941-Rl3qnxfiRCy1.jpg,https://s4.anilist.co/file/anilistcdn/media/anime/banner/5941-1VflQ6JuIkUA.jpg,4.0,,,,,,,,,,,,,,,Comedy;Drama;Romance;Sports,SynergySP,,,,,,,,,,,,
Beyblade: Metal Fusion,メタルファイト ベイブレード,TVA,2009,51,COMPLETED,Tatsunoko Production,"A new cast of characters take on the continued battle between good and evil. Ginga, our hero, and his group of loyal friends take on a dangerous group called the Dark Nebula. The Dark Nebula&rsquo;s sole mission is to take over the world and unleash their evil upon it; but before they can do so, they must destroy Ginga as he is the only person that&rsquo;s strong enough to stand in their way. The plot thickens as friends become enemies and enemies become allies. Everything starts and ends with Ginga as he struggles to find the strength to defend his world and the honor of Beyblade.


(Source: Beyblade.com)",https://s4.anilist.co/file/anilistcdn/media/anime/cover/medium/b5962-MhsmIFdv4J59.png,,3.4,,,,,,,,,,,,,,,Adventure;Comedy;Sports,Tatsunoko Production,,,,,,,,,,,,
The Heroic Legend of Arslan: Dust Storm Dance,アルスラーン戦記 風塵乱舞,TVA,2016,8,COMPLETED,LIDENFILMS,"After managing to get past the battles concerning the royal successor for Sindhura, Arslan and company made their triumphal return to Pars to find Hilmes the brave general with the silver mask standing in their way. And by the time they somehow get Hilmes to stand down and they can be on their way to thee capital once again, an even larger threat was fast approaching the land of Pars.



(Source: Anime News Network)",https://s4.anilist.co/file/anilistcdn/media/anime/cover/large/bx21424-B87p1XofzerH.jpg,https://s4.anilist.co/file/anilistcdn/media/anime/banner/21424-vjRPEZ49Cq3m.jpg,3.6,,,,,,,,,,,,,,,Action;Adventure;Fantasy,LIDENFILMS,,,,,,,,,,,,
A Girl & Her Guard Dog,お嬢と番犬くん,TVA,2023,13,COMPLETED,project No.9,"Isaku just wants to live a normal life. But as the granddaughter of a yakuza boss, that’s a pretty tall order. For years, it’s been difficult for Isaku to make friends and find love. So, she decides to enroll in a high school far from her hometown in hopes of a fresh start. But her plans take an unexpected turn when a worried member of the yakuza, Keiya, enrolls in the same school to protect her.



(Source: Crunchyroll)",https://s4.anilist.co/file/anilistcdn/media/anime/cover/large/bx155527-fXFaC94ehfj9.jpg,https://s4.anilist.co/file/anilistcdn/media/anime/banner/155527-OkpVRne3iX1Z.jpg,2.6,,,,,,,,,,,,,,,Drama;Romance,project No.9,,,,,,,,,,,,
Hidamari Sketch,ひだまりスケッチ,TVA,2007,12,COMPLETED,Shaft,"For years, Yuno has dreamed of attending Yamabuki Arts High School, but now that she's been accepted, it means the scary prospect of moving away from her home and family for the first time! Fortunately, Yuno quickly learns that if her new neighbors at the eclectic Hidamari (Sunshine) Apartments aren't technically family, at least the majority share the bond of being fellow art students. From second year students like Hiro and Sae, who try to behave like helpful older sisters (mostly successfully) to her hyperactive new neighbor, classmate and best friend Miyako (who has the scariest apartment ever) Yuno begins to build the support network she'll need for dealing with strange characters like her oddly masculine landlady, her cosplay obsessed home room teacher, her tooth-chattering principal and all of the other odd denizens who inhabit her chosen world of art. 


(Source: Sentai Filmworks)",https://s4.anilist.co/file/anilistcdn/media/anime/cover/large/bx1852-N3qrLcuVdUTF.png,https://s4.anilist.co/file/anilistcdn/media/anime/banner/1852-luCP33l49lkR.jpg,3.7,,,,,,,,,,,,,,,Comedy;Slice of Life,Shaft,,,,,,,,,,,,
Botan Kamiina Fully Blossoms When Drunk,上伊那ぼたん、酔へる姿は百合の花,TVA,2026,12,ONGOING,Soigne,"New university life, new dormmates…and a whole new world of drinks! Botan Kamiina takes her first sip of alcohol after spotting the quiet dorm leader, Ibuki Tonami, enjoying a highball alone. From shochu to whisky, Botan shares the joy of drinking with friends, while Ibuki slowly learns that some pleasures are better when shared.



(Source: Crunchyroll)",https://s4.anilist.co/file/anilistcdn/media/anime/cover/large/bx187869-LUn3dyTzuKUq.jpg,https://s4.anilist.co/file/anilistcdn/media/anime/banner/187869-WuaolpHqNqHk.jpg,4.0,,,,,,,,,,,,,,,Romance;Slice of Life,Soigne,,,,,,,,,,,,
A Ninja and an Assassin Under One Roof,忍者と殺し屋のふたりぐらし,TVA,2025,12,COMPLETED,Shaft,"On the way home from school one day, Konoha Koga rescues Satoko Kusagakure, a ninja who escaped her village. Soon, pursuers from the village show up in search of Satoko only to be deftly dealt with by Konoha. As it turns out, the unassuming high schooler is actually an assassin. Thus, the potentially cutthroat cohabitation of a ninja and an assassin begins!



(Source: Crunchyroll)",https://s4.anilist.co/file/anilistcdn/media/anime/cover/large/bx177120-xRucIg2WDr77.png,https://s4.anilist.co/file/anilistcdn/media/anime/banner/177120-AeL6hv0brH0l.jpg,3.8,,,,,,,,,,,,,,,Comedy,Shaft,,,,,,,,,,,,
Slow Loop,スローループ,TVA,2022,12,COMPLETED,CONNECT,"Nervous to meet her new stepdad, Hiyori heads to the place she always feels at home—the ocean. When a curious girl named Koharu shows up, Hiyori decides to teach her how to fish, just like her father did before he died. But after Koharu reveals she’s also meeting her new family that night, the girls come to a startling realization. Their friendship is about to reach a whole new level! 



(Source: Funimation)",https://s4.anilist.co/file/anilistcdn/media/anime/cover/large/bx127549-fr324YPdXb3D.jpg,https://s4.anilist.co/file/anilistcdn/media/anime/banner/127549-9j4uHXMStHGX.jpg,3.5,,,,,,,,,,,,,,,Slice of Life;Sports,CONNECT,,,,,,,,,,,,
The Café Terrace and Its Goddesses Season 2,,,,,,,,,,,,,,,,,,,,,,,,,,,,,,,,,,,,,,
Shigurui: Death Frenzy,シグルイ,TVA,2007,12,COMPLETED,MADHOUSE,"Two damaged warriors wear the scars of a twisted and violent past. Bitter rivals for the secrets of their master's sword and the right to his daughter, these samurai inflict wounds on each other that would destroy lesser men. The final chapter of their saga unfolds within a brutal samurai tournament, a gruesome contest arranged to satisfy the bloodlust of a cruel tyrant overlord.



The disfigured legends of the blade must summon the strength for one last battle - a final lesson in the artistry of violence where nothing is more beautiful than the kill.



(Source: Funimation)",https://s4.anilist.co/file/anilistcdn/media/anime/cover/large/nx2216-90YquKJllawX.jpg,https://s4.anilist.co/file/anilistcdn/media/anime/banner/2216-a9QyHwfmU2Lj.jpg,3.5,,,,,,,,,,,,,,,Action;Drama;Psychological,MADHOUSE,,,,,,,,,,,,
My Clueless First Friend,事情を知らない転校生がグイグイくる。,TVA,2023,13,COMPLETED,Studio Signpost,"Fifth grader Nishimura isn’t too proud of her “Grim Reaper” moniker given by her bullying schoolmates, but the new kid loves it. The once lonely target of everyone’s ridicule starts to get out of her shell with the help of her new cheerful yet airheaded friend, Takada. Together they’ll embark on a sweet and touching journey of summer fun and friendship!



(Source: Crunchyroll)",https://s4.anilist.co/file/anilistcdn/media/anime/cover/large/bx157295-vHEo07yAAF1L.jpg,https://s4.anilist.co/file/anilistcdn/media/anime/banner/157295-9gftzCCsAQ4i.jpg,3.6,,,,,,,,,,,,,,,Comedy;Romance;Slice of Life,Studio Signpost,,,,,,,,,,,,
Yano-kun's Ordinary Days,矢野くんの普通の日々,TVA,2025,12,COMPLETED,Ajiado,"Kiyoko Yoshida is an overanxious class representative who can’t help but worry about Tsuyoshi Yano, who sits beside her. Tsuyoshi comes to school covered in bruises, and as Kiyoko tends to him day after day, the two draw closer. Where will Kiyoko’s feelings take her? Will Tsuyoshi’s life ever be normal? A romantic comedy between an anxious girl and a boy who’s always injured is about to begin!



(Source: Crunchyroll)",https://s4.anilist.co/file/anilistcdn/media/anime/cover/large/bx183965-7oMzkJp4FUyP.jpg,https://s4.anilist.co/file/anilistcdn/media/anime/banner/183965-gebvisNsiHxO.jpg,3.6,,,,,,,,,,,,,,,Comedy;Romance;Slice of Life,Ajiado,,,,,,,,,,,,
Dr. Ramune -Mysterious Disease Specialist-,怪病医ラムネ,TVA,2021,12,COMPLETED,Platinum Vision,"As long as hearts exist inside people, there will always be those who suffer. And then something ""strange"" enters their mind and causes a strange disease to manifest itself in the body. The illness, which is called a ""mystery disease"" is unknown to most, but certainly exists. There is a doctor and apprentice who fights the disease, which modern medicine cannot cure.

 

His name is Ramune.

 

He acts freely all the time, is foul-mouthed, and doesn’t even look like a doctor! However, once he is confronted with the mysterious disease, he is able to quickly uncover the root cause of his patients' deep-seated distress and cure them.

 

And beyond that...



(Source: Crunchyroll)",https://s4.anilist.co/file/anilistcdn/media/anime/cover/large/bx123779-AbSom3C7nPQn.jpg,https://s4.anilist.co/file/anilistcdn/media/anime/banner/123779-Ck1nQb0mZ8zJ.jpg,3.5,,,,,,,,,,,,,,,Drama;Psychological;Supernatural,Platinum Vision,,,,,,,,,,,,
The Demon Girl Next Door Season 2,まちカドまぞく 2丁目,TVA,2022,12,COMPLETED,J.C.STAFF,"The second season of Machikado Mazoku.



Shamiko, AKA Shadow Mistress Yuuko, aims to break the curse placed on her family by the Clan of Light. Along the way, she forms an unlikely allegiance with Momo, a rival from the Light Clan! They’ll need to work together to find another magical girl who’s gone mysteriously missing, and what this? There’s a dangerous force lurking somewhere in the city, plus Shamiko’s mysterious father might be closer than she thinks?



(Source: Sentai Filmworks)",https://s4.anilist.co/file/anilistcdn/media/anime/cover/large/bx123330-AU2jllC75uSE.png,https://s4.anilist.co/file/anilistcdn/media/anime/banner/123330-g5hGEeefeioP.jpg,3.9,,,,,,,,,,,,,,,Comedy;Fantasy;Mahou Shoujo;Slice of Life,J.C.STAFF,,,,,,,,,,,,
Zatch Bell!,金色のガッシュベル!!,TVA,2003,150,COMPLETED,Toei Animation,"Takamine Kiyomaro, a depressed don't-care-about-the-world guy, was suddenly given a little demon named Gash Bell to take care of. Little does he know that Gash is embroiled into an intense fight to see who is the ruler of the demon world. All of the demons have to pick a master on Earth and duke it out with other demons until one survives. Needless to say, Kiyomaro becomes Gash's master, and through their many battles, Kiyomaro learns the importance of friendship and courage.",https://s4.anilist.co/file/anilistcdn/media/anime/cover/medium/b250-w0c2KefXfW2i.png,https://s4.anilist.co/file/anilistcdn/media/anime/banner/250-JpXhinXPqpNE.jpg,3.6,,,,,,,,,,,,,,,Adventure;Comedy;Supernatural,Toei Animation,,,,,,,,,,,,
Amanchu!,あまんちゅ！,TVA,2016,12,COMPLETED,J.C.STAFF,"Hikari Kohinata is an overwhelmingly cheerful and outgoing 15-year-old girl who has spent all her life in a small and beautiful seaside town on the Izu peninsula. On the first day of high school, she meets Futaba Oki, a slightly introverted girl who has just moved from Tokyo. Before she knows it, Futaba gets dragged along into Hikari's passion for scuba diving. And from there, Futaba gradually starts to come out of her shell, and learns how to take challenges and dive into the ocean of life.



(Source: Anime News Network)",https://s4.anilist.co/file/anilistcdn/media/anime/cover/large/nx21406-WRfuVlpbpvlY.png,https://s4.anilist.co/file/anilistcdn/media/anime/banner/21406-PTysmtBSHHYO.png,3.5,,,,,,,,,,,,,,,Comedy;Slice of Life,J.C.STAFF,,,,,,,,,,,,
Yowamushi Pedal: Grande Road,弱虫ペダルGRANDE ROAD,TVA,2014,24,COMPLETED,TMS Entertainment,"The second season will focus on Inter High bicycle race continuing from the first season of the series! High school students pushing themselves to the limit as they bet everything on their bicycles!



(Source: Crunchyroll)",https://s4.anilist.co/file/anilistcdn/media/anime/cover/large/bx20723-b079x2UcOZnZ.jpg,,3.9,,,,,,,,,,,,,,,Comedy;Drama;Sports,TMS Entertainment,,,,,,,,,,,,
Kingdom Season 2,キングダム 第2シリーズ,TVA,2013,39,COMPLETED,Studio Pierrot,"The second season of Kingdom.



A year after the devastating battle against the formidable Zhao, the State of Qin has returned its focus to pursuing King Ying Zheng's ambition of conquering the other six states and unifying China. Their next target is Wei, a smaller state which stands as a geographic stepping stone for the sake of conquest.



Xin, now a three hundred man commander of the swiftly rising Fei Xin Unit, continues to seek out lofty achievements in order to garner recognition for himself and his soldiers, motivated by those previously lost in battle. In the preliminary battles ahead of Qin's invasion of Wei, Xin finds competition in other young commanders who are of a higher social status than him. Back in Qin, the royal palace faces turmoil as opposing factions begin to make their move against Ying Zheng's regime.



With their hands full both abroad and at home, Zheng and Xin must lead the way in this era of unending war, resolved to etch their names in history by creating a unified China.



(Source: MAL Rewrite)",https://s4.anilist.co/file/anilistcdn/media/anime/cover/large/bx17389-KcR0AiBMuvzg.png,,4.0,,,,,,,,,,,,,,,Action,Studio Pierrot,,,,,,,,,,,,
Slow Start,スロウスタート,TVA,2018,12,COMPLETED,CloverWorks,"The story centers around 17-year-old Hana Ichinose, who unbeknownst to her classmates, was a year late in enrolling into high school. Although it may not seem like a big deal, it is a big deal to her. She wants to catch up with everyone else someday. 


(Source: Anime News Network)",https://s4.anilist.co/file/anilistcdn/media/anime/cover/medium/b98693-eGeXZZ0rhBYx.jpg,https://s4.anilist.co/file/anilistcdn/media/anime/banner/98693-1xIDE6ZP1q2T.png,3.4,,,,,,,,,,,,,,,Comedy;Slice of Life,CloverWorks,,,,,,,,,,,,
Negima!,魔法先生 ネギま！,TVA,2005,26,COMPLETED,Xebec,"10-year old Negi Springfield is a wizard-in-training, and needs only to pass one more test in order to become a Master Wizard. Unfortunately, his final task is a bizarre one- to become a English teacher at an all-females boarding school. As soon as he arrives, he completely embarasses one of his students, Asuna Kagurazaka, and replaces the teacher she loves, which garners her hatred. To make matters worse, Asuna learns that Negi is a wizard,and promises to tell unless he helps her out. But, unfortunately, circumstances force them to work together to do many things, from fighting evil wizards to helping the class pass their final exam, with a lot of humor, magic, and romances thrown in.



(Source: Anime News Network)",https://s4.anilist.co/file/anilistcdn/media/anime/cover/large/bx157-huy9RpQkSH8c.png,https://s4.anilist.co/file/anilistcdn/media/anime/banner/157-dUh428fPDl7o.jpg,3.2,,,,,,,,,,,,,,,Comedy;Ecchi;Fantasy;Romance,Xebec,,,,,,,,,,,,
I Want to Love You Till Your Dying Day,きみが死ぬまで恋をしたい,TVA,2026,,UPCOMING,ROLL2,"At the mysterious orphanage where Sheena lives, death is nothing new to its residents—girls who no longer have families of their own, who are raised as weapons of war, taught to kill and take the lives of others without batting an eye. Everyone, that is, except Sheena, who wishes for nothing more than the growing conflict around her to end. On the night of her roommate's death, Sheena meets a strange girl covered in blood, who smiles despite the turmoil surrounding them. The next day, the girl appears as a new student in Sheena's class and introduces herself as Mimi. Initially thought to be a school myth, there are now whispers in the orphanage's halls that Mimi is their secret weapon—an immortal who cannot die. When Mimi is later assigned as Sheena's new roommate, Sheena's world grows even more complicated when she begins living with someone who loves and welcomes death, when all Sheena wants to do is stop it…



(Source: Kodansha USA)",https://s4.anilist.co/file/anilistcdn/media/anime/cover/large/bx187260-WW5RBa5NINRP.jpg,https://s4.anilist.co/file/anilistcdn/media/anime/banner/187260-HMkLPy3ZvzW1.jpg,,,,,,,,,,,,,,,,Drama;Fantasy;Romance,ROLL2,,,,,,,,,,,,
Coppelion,コッペリオン,TVA,2013,13,COMPLETED,GoHands,"In 2016 a meltdown of a nuclear power plant creates a big catastrophe in Tokyo. 20 years later, the city has become a ghost town due to the high levels of radiation. From that area a distress signal is received. The Self Defence forces dispatch 3 girls from the special unit Coppelion to search for survivors. But why aren't they wearing any protection against radiation?


(Source: Manga synopsis)",https://s4.anilist.co/file/anilistcdn/media/anime/cover/large/bx9479-6Y7eko7qxSDS.png,https://s4.anilist.co/file/anilistcdn/media/anime/banner/9479-fvAewc6jx4t5.jpg,3.0,,,,,,,,,,,,,,,Action;Sci-Fi,GoHands,,,,,,,,,,,,
Magical Girl Spec-Ops Asuka,魔法少女特殊戦あすか,TVA,2019,12,COMPLETED,LIDENFILMS,"Legends, myths, magic... Humanity has finally had a chance encounter with a world that had been all but forgotten among all its scientific developments. However, this reunion is not a happy one. Monsters invading from the world of the dead render modern weapons useless, leaving the fate of humanity uncertain. But with help from the Otherworld Trade Agreement, mankind gains a possible means of returning from the brink of death in the form of magical girls. These girls finally lead humanity to victory. However, even this victory proves to be no more than the beginning of a new battle.



(Source: Crunchyroll)",https://s4.anilist.co/file/anilistcdn/media/anime/cover/large/nx103222-wqNFOfxscteC.jpg,https://s4.anilist.co/file/anilistcdn/media/anime/banner/103222-k7h6iDFHEhUJ.jpg,2.9,,,,,,,,,,,,,,,Action;Drama;Ecchi;Horror;Mahou Shoujo,LIDENFILMS,,,,,,,,,,,,
Sweet Blue Flowers,青い花,TVA,2009,11,COMPLETED,J.C.STAFF,"Fumi and Akira were close childhood friends until Fumi had to move away. Ten years after losing touch with each other, the two girls meet again as high school freshmen. The two struggle to reconnect after so much has changed, and both deal with the trials and tribulations of high school &mdash; sometimes independently and sometimes with each other&rsquo;s help.


(Source: Anime News Network)",https://s4.anilist.co/file/anilistcdn/media/anime/cover/large/nx6164-xbfgW90cKuxo.jpg,https://s4.anilist.co/file/anilistcdn/media/anime/banner/n6164-yLvbM9oKbIjD.jpg,3.4,,,,,,,,,,,,,,,Drama;Romance;Slice of Life,J.C.STAFF,,,,,,,,,,,,
Hikaru no Go,ヒカルの碁,TVA,2001,75,COMPLETED,Studio Pierrot,"With a two-tone hairstyle and a streak of immaturity, Hikaru Shindou finds an old Go board with a hidden surprise - trapped within the Go Board is Fujiwara-no-Sai, the ghost of an ancient Go master! In the blink of an eye, Sai becomes part of Hikaru's consciousness and soon begins to learn the true essence behind this ancient game of skill and strategy.



(Source: VIZ Media)",https://s4.anilist.co/file/anilistcdn/media/anime/cover/large/bx135-egPcTb3lAnbu.jpg,https://s4.anilist.co/file/anilistcdn/media/anime/banner/135-MabC9U5gTP8S.jpg,3.9,,,,,,,,,,,,,,,Comedy;Sports;Supernatural,Studio Pierrot,,,,,,,,,,,,
Shangri-La Frontier 3rd Season,シャングリラ・フロンティア 3rd season,TVA,2027,,UPCOMING,C2C,The third season of Shangri-La Frontier.,https://s4.anilist.co/file/anilistcdn/media/anime/cover/large/bx189323-U11lWB3KOS5I.jpg,,,,,,,,,,,,,,,,,Action;Adventure;Comedy;Fantasy;Sci-Fi,C2C,,,,,,,,,,,,
Dream Eater Merry,夢喰いメリー,TVA,2011,13,COMPLETED,J.C.STAFF,"Sometimes daydreaming can get you into trouble, but what do you do when it's other people's dreams that you have to watch out for? Yumeji Fujiwara has the unique ability to predict what kind of dreams other people will have, but lately, his own dreams have taken a bizarre turn in which he's being pursued by armies of cats. Stranger yet, Yumeji learns that the leader of the dream cats needs his body to access the Real World. 


Finally, the strange becomes downright weird when a beautiful girl suddenly drops on top of him and announces that she's a Dream Demon looking for a way back to the Dream World! The fabric that separates reality and fantasy is torn to shreds, and Yumeji has a lot of sleepless nights ahead of him as he has to deal with both the dream stalking and a dream walking! 


(Source: Sentai Filmworks)",https://s4.anilist.co/file/anilistcdn/media/anime/cover/large/bx9331-f2bAShenxOeX.jpg,https://s4.anilist.co/file/anilistcdn/media/anime/banner/n9331-23a8eQpfJr86.jpg,3.2,,,,,,,,,,,,,,,Action;Supernatural,J.C.STAFF,,,,,,,,,,,,
Karin: Chibi Vampire,かりん,TVA,2005,24,COMPLETED,J.C.STAFF,"Maaka Karin comes from a family of vampires living in Japan, but she is not a normal vampire. Vampires are normally supposed to drink the blood of their victims but Karin suffers from a condition that causes her body to produce excessive amounts of blood. About once a month, she has to get rid of the excess blood by giving it to her ""victims."" But she somehow manages to go to school like everyone else her age.


Well, things are about to get more complicated. When a new student, Usui Kenta transfers into Karin's class, she starts producing unusually huge amounts of blood, almost as if in reaction to him. Worse, he happens upon Karin's true nature...",https://s4.anilist.co/file/anilistcdn/media/anime/cover/large/bx469-8v2Am0gCrwvH.png,,3.4,,,,,,,,,,,,,,,Comedy;Romance;Supernatural,J.C.STAFF,,,,,,,,,,,,
Toriko,トリコ,TVA,2011,147,COMPLETED,Toei Animation,"In the world where the taste and texture of food are very important there is Toriko, a hunter of precious foods regularly hired by restaurants and the rich. A man with inhuman skills to capture the ferocious, evasive and rare animals to complete his ultimate dinner course and then the chef Komatsu, his current accomplice: a weak timid person who was inspired by Toriko's greatness and accompanies him on all his journeys on his quest for the course of his life.",https://s4.anilist.co/file/anilistcdn/media/anime/cover/large/nx10033-V7xnlgAVtaVR.jpg,https://s4.anilist.co/file/anilistcdn/media/anime/banner/n10033-u9ROjiLizrd4.jpg,3.5,,,,,,,,,,,,,,,Action;Adventure;Comedy;Fantasy,Toei Animation,,,,,,,,,,,,
Blue Exorcist -The Blue Night Saga-,青の祓魔師 終夜篇,TVA,2025,12,COMPLETED,Studio VOLN,"Sequel to Ao no Exorcist: Yuki no Hate-hen. 



Yukio parts ways with Rin and makes his way to the Illuminati. In order to face Yukio, who is seeking strength and the truth, Rin decides that he must learn the secret of their birth.
With Mephisto’s guidance, he embarks on a journey to the past.



Rin traces the footsteps of their adoptive father, Shirou Fujimoto, and birth mother, Yuri Egin.
But the path they took in life was harsher than Rin could have ever imagined….



Why were children born between the Demon God Satan and a human? What was the Blue Night? And when Rin learns everything, what will be his answer?



(Source: Official Site)",https://s4.anilist.co/file/anilistcdn/media/anime/cover/large/bx185880-efBIcDBzPiHP.jpg,https://s4.anilist.co/file/anilistcdn/media/anime/banner/185880-HiXONnk2jzSc.jpg,4.0,,,,,,,,,,,,,,,Action;Fantasy;Supernatural,Studio VOLN,,,,,,,,,,,,
Umamusume: Cinderella Gray 2nd Cour,ウマ娘 シンデレラグレイ 第2クール,TVA,2025,10,COMPLETED,CygamesPictures,"The second half of Umamusume: Cinderella Gray. 



Hailing from the humble countryside, Oguri Cap has turned the racing world on its head. Her rampage through the national race scene seemed unstoppable... until it wasn't. Tamamo Cross, the current peak of racing, has bested the Beast and declared Oguri Cap her rival. 



But Oguri Cap can't afford to keep her attention on Tamamo Cross alone. One by one, racers from all over the world arrive in Japan, ready to demonstrate their own prowess. Up against the best the world has to offer, our ashen racer will need to reach beyond her limits if she wants to stand a chance… Keep those eyes peeled—a Cinderella story full of twists and turns lies ahead!



(Source: It's Anime powered by REMOW)",https://s4.anilist.co/file/anilistcdn/media/anime/cover/large/bx195240-hKcmllV6YHQT.jpg,https://s4.anilist.co/file/anilistcdn/media/anime/banner/195240-HcuZvXcdT5aX.jpg,4.3,,,,,,,,,,,,,,,Drama;Sports,CygamesPictures,,,,,,,,,,,,
Nura: Rise of the Yokai Clan - Demon Capital,ぬらりひょんの孫 千年魔京,TVA,2011,24,COMPLETED,Studio DEEN,"At first glance, Nura Rikuo seems like nothing more than a normal middle-schooler. In actual fact, he is grandson of Nurarihyon, master of a youkai clan. Having only recently resolved the hostilities between the Nura Clan and the Shikoku Yokai, Rikuo finds no rest as an ancient enemy of the Nura Clan, Haguromo-Gitsune, resurfaces. After 400 years of inactivity, Haguromo-Gitsune suddenly sweeps through Kyoto with overwhelming power.",https://s4.anilist.co/file/anilistcdn/media/anime/cover/large/bx10049-Plf9sTuf1fvc.jpg,https://s4.anilist.co/file/anilistcdn/media/anime/banner/10049-1AgVT4Dg2b74.jpg,3.9,,,,,,,,,,,,,,,Action;Supernatural,Studio DEEN,,,,,,,,,,,,
Otaku Elf,江戸前エルフ,TVA,2023,12,COMPLETED,C2C,"Takamimi Shrine has an unusual resident – Elda, an ancient elf who’s obsessed with video games! The shrine’s teenage attendant, Koito Koganei, keeps this reclusive otaku well supplied with energy drinks and junk food. Even though she loves 100%-ing her games, Elda has duties to attend to, and Koganei is bound and determined to make this otaku elf fulfill them! It’ll just take an offering or two to bribe—um, we mean convince Elda to put down her new game…



(Source: HIDIVE)",https://s4.anilist.co/file/anilistcdn/media/anime/cover/large/bx150957-VFsWSLJgW9Bu.jpg,https://s4.anilist.co/file/anilistcdn/media/anime/banner/150957-nTqEJjTtvqMu.jpg,3.5,,,,,,,,,,,,,,,Comedy;Slice of Life;Supernatural,C2C,,,,,,,,,,,,
Beyblade,爆転シュート　ベイブレード,TVA,2001,51,COMPLETED,MADHOUSE,"Thirteen-year-old Tyson Granger (Takao Kinomiya), along with his fellow teammates, Kai Hiwatari, Max Tate (Max Mizuhura), and Ray Kon (Rei Kon), strive to become the greatest Beybladers in the world. With the technical help of the team's resident genius, Kenny (Kyouju), and with the powerful strength of their BitBeasts, the Bladebreakers armed with their tops (AKA: Blades) attempt to reach their goal.



(Source: Anime News Network)",https://s4.anilist.co/file/anilistcdn/media/anime/cover/medium/b288-QLBdXz8n34yP.png,https://s4.anilist.co/file/anilistcdn/media/anime/banner/288-vt6IVT62fuk5.jpg,3.2,,,,,,,,,,,,,,,Action;Adventure;Comedy;Sci-Fi;Sports,MADHOUSE,,,,,,,,,,,,
MASHLE: Sanma Taisou Shinkakusha Saishuu Shiken-hen,マッシュル-MASHLE- 三魔対争神覚者最終試験編,TVA,2027,,UPCOMING,A-1 Pictures,"The third season of MASHLE, adapting the Tri-Magic-Athalon Divine Visionary Final Exam Arc.",https://s4.anilist.co/file/anilistcdn/media/anime/cover/large/bx177704-y10Nw7MUXCHD.jpg,,,,,,,,,,,,,,,,,Action;Comedy;Fantasy,A-1 Pictures,,,,,,,,,,,,
Gantz: Second Stage,GANTZ 2,TVA,2004,13,COMPLETED,GONZO,"Kurono Kei and his ex-elementary school classmate, Kato Masaru have survived the first two ordeals that the unknown black sphere Gantz has sent them through. Exploding body parts, struggling to stay alive till the last seconds and seeing your fellow comrades fall in a pile of blood and gore are norm to them now. They are aware now that Gantz can call them up along with any new deeds, at any time for another confrontation with aliens.


Will Kato's experiences in the Gantz world give him the same courage in the real world? With fellow veteran Gantzer Kei Kishimoto currently staying at Kurono's home as his ""adopted pet"", can Kurono stave off his growing lust for her mammaries?


What the heck is Gantz?


(Source: anime-source.com)",https://s4.anilist.co/file/anilistcdn/media/anime/cover/large/bx395-vNu8TEbEL6qI.jpg,https://s4.anilist.co/file/anilistcdn/media/anime/banner/395-GgIz5esUIPAN.jpg,3.2,,,,,,,,,,,,,,,Action;Drama;Ecchi;Horror;Psychological;Sci-Fi;Supernatural,GONZO,,,,,,,,,,,,
Girls Bravo,GIRLSブラボー first season,TVA,2004,11,COMPLETED,AIC Spirits,"Small for his age, Yukinari has been bullied and abused by girls all his life. Now in high school, he has developed a rare condition: whenever girls touch him, or even come close, he breaks out in hives. Imagine his surprise, when he is suddenly transported to the city of Seiren on a mystic world invisibly orbiting the Earth, and populated with vast numbers of women and very few men. Fortunately, he has a new friend, Miharu-chan, whose touch inexplicably doesn't affect him.



(Source: Anime News Network)",https://s4.anilist.co/file/anilistcdn/media/anime/cover/large/bx241-8D6mfBUZBsjc.jpg,https://s4.anilist.co/file/anilistcdn/media/anime/banner/241-zPMtfUUQwysh.jpg,2.9,,,,,,,,,,,,,,,Comedy;Ecchi;Romance,AIC Spirits,,,,,,,,,,,,
Heaven’s Design Team,天地創造デザイン部,TVA,2021,12,COMPLETED,Asahi Production,"I made the light, the water, and the earth below. Now it's time to make the life that dwells upon it. Actually... that sounds like a giant headache, so I'll contract it out! Heaven's Design Team is an agency that creates made-to-order life forms for their client, God. Why does this life form look like that? Why does this life form live this way? Watch the trials and successes of the designers and engineers forced to breathe life into God's absurd requests!



(Source: Crunchyroll)",https://s4.anilist.co/file/anilistcdn/media/anime/cover/large/bx117696-oqodbcesiazN.jpg,https://s4.anilist.co/file/anilistcdn/media/anime/banner/117696-VdaMljYfJT0h.jpg,3.5,,,,,,,,,,,,,,,Comedy;Fantasy;Slice of Life,Asahi Production,,,,,,,,,,,,
House of Five Leaves,さらい屋 五葉,TVA,2010,12,COMPLETED,Manglobe,"Masterless samurai Akitsu Masanosuke is a skilled and loyal swordsman, but his naïve, diffident nature has more than once caused him to be let go by the lords who employ him. Hungry and desperate, he agrees to become a bodyguard for Yaichi, the charismatic leader of a group calling itself “Five Leaves.” Although disturbed by the gang’s sinister activities, Masa begins to suspect that Yaichi’s motivations are not what they seem. And despite his misgivings, the deeper he’s drawn into the world of the Five Leaves, the more he finds himself fascinated by these devious, mysterious outlaws.



(Source: VIZ Media)",https://s4.anilist.co/file/anilistcdn/media/anime/cover/large/bx7588-iXCwrmgHGJbd.jpg,https://s4.anilist.co/file/anilistcdn/media/anime/banner/7588-8MeRXtXObuZT.png,3.8,,,,,,,,,,,,,,,Drama;Mystery,Manglobe,,,,,,,,,,,,
Arms Alchemy,武装錬金,TVA,2006,26,COMPLETED,Xebec,"The story begins when high school student Kazuki Muto is killed one night saving a mysterious girl from a monster, only to wake up in his school dorm, believing it to have been a dream. However, he soon finds out that dream wasn't a dream at all when a giant serpentine monster attacks him and his sister. Tokiko Tsumura, the girl he saved, explains that the monster is a homunculus. Kazuki had been attacked and killed by it when he was rescuing her. However, she, feeling responsible for him, revived him by placing a Kakugane medallion in his chest, serving as a replacement heart.


The Kakugane, as Tokiko explains, is an alchemical device that, when activated, takes a certain form based on the Kakugane's user, forming a unique Buso Renkin. The Buso Renkin is the only thing that can destroy a homunculus monster. Using this, Kazuki creates his own Buso Renkin (the ""Sunlight Heart"", a huge lance). Along with Tokiko and her own Buso Renkin (the ""Valkyrie Skirt"", an execution scythe), Kazuki joins the fight against the homunculi and their master.",https://s4.anilist.co/file/anilistcdn/media/anime/cover/large/bx1536-IkwAKpAiioIv.png,https://s4.anilist.co/file/anilistcdn/media/anime/banner/1536-SUxbhDyLbASP.jpg,3.5,,,,,,,,,,,,,,,Action;Comedy;Fantasy;Supernatural,Xebec,,,,,,,,,,,,
Nina the Starry Bride,星降る王国のニナ,TVA,2024,12,COMPLETED,Signal.MD,"Nina, a girl living as an orphan in the Fortna Castle Town, happens to have eyes of the same deep blue hue as lapis lazuli—just like the God of the Stars. They’re also the same color as the eyes of the recently deceased Princess Alisha. For that reason, when the second prince of Fortna, Azure, discovers Nina, he ordains that she will live as the princess in Alisha’s place. As substitute princess and Priestess of the Stars, Nina is obligated to become the false bride of Sett, the first prince of the large neighboring nation of Galgada after the third month has passed. Despite being at the mercy of fate, Nina is just happy to feel needed by someone. What is it that her open, honest eyes see? The destinies of all the players on this stage begin to move when they make up their minds to protect the ones they love!



(Source: Crunchyroll)",https://s4.anilist.co/file/anilistcdn/media/anime/cover/large/bx171038-lSjQqiSk1mQC.jpg,https://s4.anilist.co/file/anilistcdn/media/anime/banner/171038-7KAZ6U4nTM8i.jpg,3.6,,,,,,,,,,,,,,,Drama;Fantasy;Romance,Signal.MD,,,,,,,,,,,,
Yuri Is My Job!,私の百合はお仕事です！,TVA,2023,12,COMPLETED,Passione,"Worried about her reputation, Hime covers shifts for a cafe manager she accidentally injures to maintain her picture-perfect princess image. But this cafe has a peculiar theme—private school. To put on her best barista schoolgirl act, she’ll be trained by the most graceful girl there, Mitsuki. Under her guidance, Hime’s feelings start to brew, but there’s just one problem—Mitsuki can’t stand her!



(Source: Crunchyroll)",https://s4.anilist.co/file/anilistcdn/media/anime/cover/large/bx149028-RrE2FX1FGIMv.png,https://s4.anilist.co/file/anilistcdn/media/anime/banner/149028-laR7XfTl5W9K.jpg,3.2,,,,,,,,,,,,,,,Comedy;Drama;Romance,Passione,,,,,,,,,,,,
Ace of the Diamond act II,ダイヤのA actⅡ,TVA,2019,52,COMPLETED,MADHOUSE,"Picking up the next year after the end of the fall tournament, Seidou High School baseball team battle it out with new and old faces as they begin their tournament run at Koshien.



(Source: Crunchyroll)",https://s4.anilist.co/file/anilistcdn/media/anime/cover/large/bx105749-bbqFNGq0r6mS.jpg,,4.1,,,,,,,,,,,,,,,Sports,MADHOUSE,,,,,,,,,,,,
Malevolent Spirits: Mononogatari,もののがたり,TVA,2023,12,COMPLETED,Bandai Namco Pictures,"Filled with rage against spirits known as tsukumogami, Kunato Hyoma is sent to live with Nagatsuki Botan to help him see a different side. Though both are part of a clan that return the spirits back to their world with divine powers, their experiences with the otherworldly vessels are vastly different. Kunato, robbed of a loved one, and Nagatsuki, saved by them. Can she get through to him?


(Source: Crunchyroll)",https://s4.anilist.co/file/anilistcdn/media/anime/cover/large/bx141785-JD5DIMZotNYc.png,https://s4.anilist.co/file/anilistcdn/media/anime/banner/141785-VWOeTMiesI3r.jpg,3.5,,,,,,,,,,,,,,,Action;Supernatural,Bandai Namco Pictures,,,,,,,,,,,,
The Wallflower,ヤマトナデシコ七変化♥,TVA,2006,25,COMPLETED,Nippon Animation,"Takano Kyohei, Oda Takenaga, Toyama Yukinojo, and Morii Ranmaru are going to rent a house to go to school for free on the condition that they make the girl of the house a ""lady"". However, Nakahara Sunako, the girl living there, is gloomy, weird, and horror movie maniac. She has a trauma of when she was told she was ugly by the boy whom she loved when she was in junior high school. She doesn't like beautiful things and gets a nosebleed when she looks at something beautiful.


(Source: AnimeNfo)",https://s4.anilist.co/file/anilistcdn/media/anime/cover/large/bx1562-VU6y9iGoi68O.jpg,https://s4.anilist.co/file/anilistcdn/media/anime/banner/1562-KaPxwCqj75Ym.jpg,3.6,,,,,,,,,,,,,,,Comedy,Nippon Animation,,,,,,,,,,,,
City Hunter,シティーハンター,TVA,1987,51,COMPLETED,Sunrise,"Ryo Saeba works the streets of Tokyo as the City Hunter. He's a ""sweeper"" and with his sidekick Kaori Makimura, he keeps the city clean. People hire the City Hunter to solve their dangerous problems, which he does with a Colt Python. When Ryo's not working on a case, he's working on getting the ladies, and Kaori must keep him in check with her trusty 10 kg hammer.



(Source: Anime News Network)",https://s4.anilist.co/file/anilistcdn/media/anime/cover/large/bx1470-V0Zr2VOc8eoK.jpg,https://s4.anilist.co/file/anilistcdn/media/anime/banner/1470-fURymWaaBt33.jpg,3.8,,,,,,,,,,,,,,,Action;Comedy;Mystery,Sunrise,,,,,,,,,,,,
mono,mono,TVA,2025,12,COMPLETED,Soigne,"Satsuki Amamiya was feeling down due to the graduation of the high school Photography Club’s president. However, her best friend and fellow member An Kiriyama encourages Satsuki to dedicate herself to the newly merged Cinephoto Club. Join Satsuki and An as they set out to track down a missing camera, meet new faces, and capture stunning photos and videos along the way. 

 (Source: Crunchyroll)",https://s4.anilist.co/file/anilistcdn/media/anime/cover/large/bx176246-ndH8bKh7cmzf.jpg,https://s4.anilist.co/file/anilistcdn/media/anime/banner/176246-Cnm6EqDLxEN3.jpg,3.8,,,,,,,,,,,,,,,Comedy;Slice of Life,Soigne,,,,,,,,,,,,
Zetman,ゼットマン,TVA,2012,13,COMPLETED,TMS Entertainment,"The story starts off with a face-off between two rival heroes, ZET and ALPHAS, and then traces their origins - Jin Kanzaki, a young man with the ability to transform into a superhuman being known as ZET, and Kouga Amagi, a young man with a strong sense of justice who uses technology to fight as ALPHAS. 


The fates of these two men and those around them intertwine as they fight to protect mankind and destroy monstrous abominations known as Players, who ironically are the creations of the Amagi Corporation, the company founded by Kouga&rsquo;s grandfather, Mitsugai Amagi.


(Source: ytv ENGLISH)",https://s4.anilist.co/file/anilistcdn/media/anime/cover/large/bx11837-94IUi1s3qHN1.jpg,https://s4.anilist.co/file/anilistcdn/media/anime/banner/11837-yEDkbxjZv5J4.jpg,3.2,,,,,,,,,,,,,,,Action;Drama;Horror;Romance;Sci-Fi;Supernatural,TMS Entertainment,,,,,,,,,,,,
Blue Orchestra,青のオーケストラ,TVA,2023,24,COMPLETED,Nippon Animation,"Prodigy violinist Aono rekindles his passion for violin after meeting Ritsuko Akine, and they enroll in Umimaku High School’s orchestra club.


(Source: ANIPLUS Asia)",https://s4.anilist.co/file/anilistcdn/media/anime/cover/large/bx147369-Aodog1O7Nhuq.png,https://s4.anilist.co/file/anilistcdn/media/anime/banner/147369-1dImY7oUNIz5.jpg,3.5,,,,,,,,,,,,,,,Drama;Music,Nippon Animation,,,,,,,,,,,,
Diary of Our Days at the Breakwater,放課後ていぼう日誌,TVA,2020,12,COMPLETED,Doga Kobo,"Introverted Hina Tsurugi is trying to adjust to her new school since moving from the countryside. And in spite of her unease around sea life, classmate Yuuki Kuroiwa somehow convinces her to join the Breakwater Fishing Club. She wants to be open to these new friends and experiences, but some of them are as strange as the fish they’re supposed to hook. Is she biting off more than she can chew?

(Source: Crunchyroll)",https://s4.anilist.co/file/anilistcdn/media/anime/cover/large/bx109019-xlrVQRdo1EQi.jpg,https://s4.anilist.co/file/anilistcdn/media/anime/banner/109019-CI5tlvudZ3zS.jpg,3.6,,,,,,,,,,,,,,,Comedy;Slice of Life;Sports,Doga Kobo,,,,,,,,,,,,
UNDER NINJA,アンダーニンジャ,TVA,2023,12,COMPLETED,Tezuka Productions,"Ninjas still exist in Japan today. They number around 200,000. The ninja organization NIN (National Intelligence of NINJA) is not controlled by the civilian government, with its elite members performing assassinations and sabotage in secret. There is an organization that opposes NIN: UN (Under Ninja). Ninja versus ninja: What lies waiting at the end of this shadowy feud?



(Source: Crunchyroll)",https://s4.anilist.co/file/anilistcdn/media/anime/cover/large/bx138788-CXUvAraN1xha.jpg,https://s4.anilist.co/file/anilistcdn/media/anime/banner/138788-EegwXUtH8iJR.jpg,3.3,,,,,,,,,,,,,,,Action;Comedy,Tezuka Productions,,,,,,,,,,,,
Kingdom Season 3,キングダム 第3シリーズ,TVA,2020,26,COMPLETED,Studio Signpost,"The third season of Kingdom.



Following the successful Sanyou campaign, the Qin army, including 1,000-Man Commander Xin, inches ever closer to fulfilling King Ying Zheng's dream of unifying China. With a major geographical foothold in the state of Wei now under its control, Qin sets its sights eastward toward the remaining warring states.



Meanwhile Li Mu—an unparalleled strategist and the newly appointed prime minister of the state of Zhao—has taken advantage of Zhao's temporary truce with Qin to negotiate with the other states without interruption. Seemingly without warning, Ying Zheng receives news that armies from the states of Chu, Zhao, Wei, Han, Yan, and Qi have crossed into Qin territory. Realizing too late the purpose behind Li Mu's truce with Qin, Zheng quickly gathers his advisors to devise a plan to address the six-state coalition army on their doorstep. For the first time in history, the state of Qin faces complete destruction and must use every resource and strategy at their disposal to prevent themselves from being wiped off the map.



(Source: MAL Rewrite)",https://s4.anilist.co/file/anilistcdn/media/anime/cover/large/bx113108-ArjAmFLubVyu.jpg,,4.3,,,,,,,,,,,,,,,Action,Studio Signpost,,,,,,,,,,,,
Nabari no Ou,隠の王,TVA,2008,26,COMPLETED,J.C.STAFF,"Silent, apathetic yet mischievous, 14-year-old Rokujou Miharu is the bearer of the hijutsu, ""Shinrabanshou"", a powerful technique many ninja clans desire to possess to become the ruler of Nabari. Fellow classmate Kouichi and his English teacher Kumohira are both secretly Banten clan ninjas, pledging themselves to protect Miharu from his many attackers. Keeping apathetic, Miharu attempts to reject their invitation to join their ninja ‘club’ however, after numerous attacks; he finds no choice but to join their group as a means for his survival. Slowly, Miharu takes a step closer to becoming the ruler of Nabari.",https://s4.anilist.co/file/anilistcdn/media/anime/cover/large/bx3655-ZoJpTjrNaYa5.jpg,https://s4.anilist.co/file/anilistcdn/media/anime/banner/3655-xzLbAU3meE1X.jpg,3.4,,,,,,,,,,,,,,,Action;Drama;Psychological;Supernatural,J.C.STAFF,,,,,,,,,,,,
Zan Sayonara Zetsubou Sensei,懺・さよなら絶望先生,TVA,2009,13,COMPLETED,Shaft,"Nozomu Itoshiki is still the bizarre teacher of the even stranger Class 2-H. He attempts to teach his students the negative aspects of the world and society, only to have each circumstance thrown at his face whenever he tries. With more students and friends than before, Zetsubo-sensei's life becomes harder and crazier than ever before.


(Source: Anime News Network)",https://s4.anilist.co/file/anilistcdn/media/anime/cover/large/bx6377-E2y1UvId2N4t.png,https://s4.anilist.co/file/anilistcdn/media/anime/banner/6377-RM4l4zqqr5cu.jpg,3.9,,,,,,,,,,,,,,,Comedy,Shaft,,,,,,,,,,,,
Corpse Princess: Aka,屍姫 赫,TVA,2008,13,COMPLETED,Gainax,"After being brutally murdered along with her family, Makina Hoshimura turns into a Shikabane Hime, a living corpse contracted to the Kougon Cult, in order to exert revenge on the mysterious undead organization responsible for her death. She is assisted in this task by Keisei Tagami, her contracted priest and former friend. This series follows the story of Keisei's younger brother Ouri, a boy with an unusual attraction to death, who slowly discovers his brother's secret and gets dragged into the world of the Shikabanes. 


(Source: Wikipedia, edited)",https://s4.anilist.co/file/anilistcdn/media/anime/cover/large/bx4581-RT3vGrNYCVqY.jpg,https://s4.anilist.co/file/anilistcdn/media/anime/banner/4581-Ezsh442rl8O7.jpg,3.4,,,,,,,,,,,,,,,Action;Drama;Horror;Supernatural,Gainax,,,,,,,,,,,,
Birdy the Mighty: Decode,鉄腕バーディー DECODE,TVA,2008,13,COMPLETED,A-1 Pictures,"Tsutomu Senkawa is an average high school kid who is busy studying for his senior entrance exams. Tsutomu goes out for some fresh air, after a hard day's work studying for a big test, when he runs into a guy fleeing from a pretty young lady. The pursued man is actually an interplanetary criminal on the run from a Federation agent called Birdy Cephon Altera. Caught in the midst of this chase, Tsutomu gets thrown by the man at Birdy, which kills Tsutomu. Fortunately for Tsutomu, there is a way to keep him alive, although it comes at the price of discarding his body. He ends up merged into Birdy's body.",https://s4.anilist.co/file/anilistcdn/media/anime/cover/large/bx3974-Gb9WK53nSsPz.png,https://s4.anilist.co/file/anilistcdn/media/anime/banner/3974-oWzLMiXRWyS0.jpg,3.6,,,,,,,,,,,,,,,Action;Comedy;Sci-Fi,A-1 Pictures,,,,,,,,,,,,
Bartender,バーテンダー,TVA,2006,11,COMPLETED,Palm Studio,"Genius bartender, Sasakura Ryuu makes the most incredible cocktails anyone has ever tasted. Seeking his ""Glass of God"", individuals from all different walks of life visit his bar. With both a compassionate ear and a godly drink, Ryuu helps people with their problems.


(Source: Anime News Network)",https://s4.anilist.co/file/anilistcdn/media/anime/cover/large/bx1589-w7J6h6DdE3NT.png,https://s4.anilist.co/file/anilistcdn/media/anime/banner/1589-u7jza0OrNy7T.jpg,3.5,,,,,,,,,,,,,,,Drama;Slice of Life,Palm Studio,,,,,,,,,,,,
All Out!!,ALL OUT!!,TVA,2016,25,COMPLETED,MADHOUSE,"Gion Kenji is short and perpetually pissed off about it. Iwashimizu Sumiaki is tall but timid. Although it's bullies that bring this unlikely pair together on the first day of high school, it's the rugby club that will make them friends.",https://s4.anilist.co/file/anilistcdn/media/anime/cover/large/bx21349-J2C50KiPF5Rv.png,https://s4.anilist.co/file/anilistcdn/media/anime/banner/21349-xW0QyvN2ZFdF.jpg,3.3,,,,,,,,,,,,,,,Sports,MADHOUSE,,,,,,,,,,,,
Oh! My Goddess (TV),ああっ女神さまっ (TV),TVA,2005,24,COMPLETED,AIC,"Keiichi Morisato is looking forward to university life. But in reality, he has no luck in anything, and he has trouble with clubs, love, etc. The truth is that he has an unlucky star above his head. One day, Keiichi is stuck watching the dorm while his sempai are away, and has a mountain of chores to do to boot. But Keiichi is a good-natured person, and is set about doing his duties. As he is about to finish his final chore, he makes a phone call to his sempai. But the words that came through the receiver are, 'Goddess Help Line.' Shortly afterwards, a beautiful goddess named Belldandy appears in front of him from the mirror of his room.",https://s4.anilist.co/file/anilistcdn/media/anime/cover/large/bx50-OdzAFLX6X6Hf.png,,3.5,,,,,,,,,,,,,,,Comedy;Romance;Supernatural,AIC,,,,,,,,,,,,
Stardust Telepath,星屑テレパス,TVA,2023,12,COMPLETED,Studio Gokumi,"Konohoshi Umika is a high-schooler who is very bad at communicating with others. Feeling almost like an alien trapped on Earth with nowhere to belong, one day she meets a girl who claims to be an actual alien!",https://s4.anilist.co/file/anilistcdn/media/anime/cover/large/bx155419-tPkRvXYb9ffC.png,https://s4.anilist.co/file/anilistcdn/media/anime/banner/155419-yO6MTtDbaeDj.jpg,3.5,,,,,,,,,,,,,,,Comedy;Drama;Slice of Life,Studio Gokumi,,,,,,,,,,,,
Mitsudomoe,みつどもえ,TVA,2010,13,COMPLETED,Bridge,"The 11-year-old Marui triplets could not be any more different. The oldest one, Mitsuba, is sadistic and kind of mature for her age. The middle one, Futaba, is perverted and very athletic and has the strength of a full-grown man. The youngest one, Hitoha, is generally very quiet and gentle but when push comes to shove, she might just be the strongest, the most perverted and the most sadistic out of the three.


The three are all in the same class, led by the newly graduated teacher Yabe Satoshi. He usually gets pushed around by the girls and, on occasion, abused but the triplets also try to lead him and the new school nurse, the clumsy Kuriyama Aiko, together. However, Yabe had no intention of dating Aiko and the methods the triplets use to accomplish their goal are highly unorthodox...",https://s4.anilist.co/file/anilistcdn/media/anime/cover/large/bx7627-cSjDaGpufSgP.jpg,https://s4.anilist.co/file/anilistcdn/media/anime/banner/7627-9mZovh52cRmp.jpg,3.5,,,,,,,,,,,,,,,Comedy;Slice of Life,Bridge,,,,,,,,,,,,
EX-ARM,EX-ARM エクスアーム,TVA,2021,12,COMPLETED,Visual Flight,"In the year 2014, a high school student who hates machines, Akira Natsume, wants to change himself for the better and tries to take the first step in doing that... But then he gets run over by a truck. Fast forward to 2030. A police officer named Minami Uezono and her partner, the android Alma, infiltrate the scene of a trade going on at Tokyo Harbor for an unknown weapon named “EX-ARM.” They are then attacked by an enemy armed with the “EX-ARM” No.08. Put in this life or death situation, they decide to activate the “EX-ARM” No.00 that they stole from the enemy, and... 



(Source: Crunchyroll)",https://s4.anilist.co/file/anilistcdn/media/anime/cover/large/bx106503-7pbrod3B9HJF.png,https://s4.anilist.co/file/anilistcdn/media/anime/banner/106503-brwe9NTd9B8M.jpg,1.1,,,,,,,,,,,,,,,Action;Sci-Fi,Visual Flight,,,,,,,,,,,,
Saki,咲-Saki-,TVA,2009,25,COMPLETED,GONZO,"Miyanaga Saki is a first year high school girl whose family would get angry if she won the family mahjong games. But losing would also have its consequences. Because of this she develops a new way of playing that allows her to stay on the thin line between winning and losing, the plus/minus zero score, an almost impossible score. In a game that relies mainly on luck, the plus/minus zero score is harder than winning, but Saki can achieve this every time.

Having always hated the game, her friend from middle school, Suga Kyotoro, forces her to play in the schools mahjong club. Her developed skill and superhuman luck has made her a worthy mahjong opponent, even to the middle school's national mahjong champion.

(Source: Anime News Network, edited)",https://s4.anilist.co/file/anilistcdn/media/anime/cover/large/bx5671-XVYut4FxhrLQ.png,https://s4.anilist.co/file/anilistcdn/media/anime/banner/5671-D3biSQOjNrzC.jpg,3.6,,,,,,,,,,,,,,,Slice of Life;Sports,GONZO,,,,,,,,,,,,
Ushio and Tora 2 (TV),うしおととら 2 (TV),TVA,2016,13,COMPLETED,MAPPA,"The second season of Ushio to Tora (TV).



Long ago, a ferocious monster terrorized the land, until a samurai, wielding the legendary “Beast Spear”, sealed him away. 500 years later, a middle school student named Ushio Aotsuki accidently uncovers the monster in a hidden cellar under his family’s temple. The unsealed monster and the spear attract many other supernatural creatures to the temple and Ushio is forced to release the monster in order to defeat them. Ushio names the monster “Tora” and unwillingly work together to battle other spirits and demons.



(Source: Crunchyroll)",https://s4.anilist.co/file/anilistcdn/media/anime/cover/large/nx21241-Avzz7tcb0yTy.jpg,https://s4.anilist.co/file/anilistcdn/media/anime/banner/21241-I0Qk27jIK3UB.png,3.9,,,,,,,,,,,,,,,Action;Adventure;Comedy;Supernatural,MAPPA,,,,,,,,,,,,
Maison Ikkoku,めぞん一刻,TVA,1986,96,COMPLETED,Studio DEEN,"Maison Ikkoku is a romantic comedy series created by Rumiko Takahashi. The story centers around the development of the relationship between Kyoko Otonashi and Yusaku Godai. Kyoko is a recent widow who moves into the apartment house Ikkoku-kan where she becomes the manager. Godai is a wanna-be student (""ronin"") struggling with college entrance exams.


When they meet, it's love at first sight&mdash;for Godai anyway. Along the way, the other tentants, the mysterious Yotsuya, the seemingly alcoholic Ichinose, and the brash Akemi, watch and occasionally take part to make their lives more interesting. To complicate matters further, the wealthy tennis coach Shun Mitaka has his eye on Kyoko, while Godai is pursued by both Nanao Kozue and Ibuki Yagami. Covering a wide range of emotions from hysterically funny to painfully sad, Maison Ikkoku&mdash;all 96 episodes&mdash;is well worth seeing.",https://s4.anilist.co/file/anilistcdn/media/anime/cover/large/nx1453-mghhMKzxEVcQ.jpg,https://s4.anilist.co/file/anilistcdn/media/anime/banner/1453-sC5wVW5UoeHi.jpg,3.9,,,,,,,,,,,,,,,Comedy;Drama;Romance;Slice of Life,Studio DEEN,,,,,,,,,,,,
The Qwaser of Stigmata II,聖痕のクェイサー II,TVA,2011,12,COMPLETED,,"Sasha is partnered with Hana as his new Maria. They infiltrate an all-girls academy, forcing Sasha to crossdress, in search of a Qwaser-related artifact called the Magdalena of Thunder which has appeared in one of the students. However, they have some competition in their search of it.



(Source: Anime News Network)",https://s4.anilist.co/file/anilistcdn/media/anime/cover/large/bx10073-MNiZ5o5RxzIt.png,,2.9,,,,,,,,,,,,,,,Action;Ecchi;Supernatural,,,,,,,,,,,,,
Sailor Moon SuperS,美少女戦士セーラームーン Super S,TVA,1995,39,COMPLETED,Toei Animation,"SuperS centers heavily on Chibi-usa and the Sailor Team. A new enemy, the Dead Moon Circus, has now appeared. Their motive is to find the Golden Dream Mirror that would be used to rule the world. To do this, the enemy attacks innocent victims for their Dream Mirrors and test their energy. Chibi-usa also has a new ally on her side, Pegasus. This season also sees the Sailor Senshi obtaining new powers.",https://s4.anilist.co/file/anilistcdn/media/anime/cover/large/bx1239-bYf4KsFfsUhf.png,https://s4.anilist.co/file/anilistcdn/media/anime/banner/1239-Af9ZbY7Zu6VU.jpg,3.7,,,,,,,,,,,,,,,Action;Adventure;Drama;Fantasy;Mahou Shoujo;Romance,Toei Animation,,,,,,,,,,,,
Tojima Wants to Be a Kamen Rider,東島丹三郎は仮面ライダーになりたい,TVA,2025,24,COMPLETED,LIDENFILMS,"Tanzaburo Tojima has dreamt of becoming a Kamen Rider his whole life. But now that he’s 40 years old, he’s starting to think his dream may never come true…until he’s swept up in a series of crimes inspired by the infamous “Shocker”! From Air Master and 81 Diver’s Shibata Yokusaru comes a wild, heartfelt tale about adults who love Kamen Rider a little too much and start playing pretend—for real!



(Source: Crunchyroll)",https://s4.anilist.co/file/anilistcdn/media/anime/cover/large/bx187464-NJtK3VC54vPm.jpg,https://s4.anilist.co/file/anilistcdn/media/anime/banner/187464-JRW0ASx02H83.jpg,3.8,,,,,,,,,,,,,,,Action;Comedy,LIDENFILMS,,,,,,,,,,,,
Needless,NEEDLESS,TVA,2009,24,COMPLETED,MADHOUSE,"The year is 2130 and the world has been decimated by a devastating third world war, making the planet a dangerous, apocalyptic hellhole. There is, however, one hope: Adam Blade, a fake priest with big fists and a nasty disposition. He's the closest thing this world's got to a superhero, but like any superhero, he has a weakness. In Adam's case, it isn't Kryptonite; it's cuties in sexy little outfits, usually of the schoolgirl variety.



(Source: Sentai Filmworks)",https://s4.anilist.co/file/anilistcdn/media/anime/cover/medium/6030.jpg,https://s4.anilist.co/file/anilistcdn/media/anime/banner/n6030-CywvXlV7xjyj.jpg,3.4,,,,,,,,,,,,,,,Action;Comedy;Ecchi;Sci-Fi,MADHOUSE,,,,,,,,,,,,
Blue Box Season 2,アオのハコ Season２,TVA,2026,,UPCOMING,Electric Circus,The second season of Ao no Hako.,https://s4.anilist.co/file/anilistcdn/media/anime/cover/large/bx189123-0secXELIhkIW.jpg,https://s4.anilist.co/file/anilistcdn/media/anime/banner/189123-s2oirY2r1Svy.jpg,,,,,,,,,,,,,,,,Romance;Slice of Life;Sports,Electric Circus,,,,,,,,,,,,
Dead Account,デッドアカウント,TVA,2026,12,COMPLETED,SynergySP,"Always ready for a fight! Destruction for destruction’s sake! The online streamer Aoringo is a troll, making the worst of the worst of boundary-pushing flamebait content and raking in the revenue from the hate-watchers. You may think he’s nothing more than a bottom feeder and a drain on society, but in reality, he’s high school dropout Souji Enishiro, a caring older brother with a sweet tooth who loves nothing more than his little sister. His viral videos? Just a way to pay his sister’s medical bills. And even if all of humanity hates him, he doesn’t care, so long as his little sister gets better. But then, something very strange begins to happen...



(Source: Crunchyroll)",https://s4.anilist.co/file/anilistcdn/media/anime/cover/large/bx187901-T91HmZAaNwOF.jpg,https://s4.anilist.co/file/anilistcdn/media/anime/banner/187901-03I5T8QVX1FG.jpg,3.2,,,,,,,,,,,,,,,Action;Supernatural,SynergySP,,,,,,,,,,,,
The Darwin Incident,ダーウィン事変,TVA,2026,13,COMPLETED,BELLNOX FILMS,"Created in a biological science lab, Charlie is a half human, half chimpanzee hybrid known as a ""Humanzee"". Raised by his adoptive human parents, Charlie is now 15 and starting high school. There he meets Lucy, a clever loner who becomes his first-ever friend. But his “normal” life is shattered when the animal rights extremists who freed his mother from the lab fifteen years ago reemerge as terrorists bent on kidnapping Charlie at all costs.



(Source: Kodansha USA)",https://s4.anilist.co/file/anilistcdn/media/anime/cover/large/bx177679-BgsgE0fQk3qN.jpg,https://s4.anilist.co/file/anilistcdn/media/anime/banner/177679-9prv8e9LblMw.jpg,3.5,,,,,,,,,,,,,,,Sci-Fi;Thriller,BELLNOX FILMS,,,,,,,,,,,,
You Can't Be In a Rom-Com with Your Childhood Friends!,幼馴染とはラブコメにならない,TVA,2026,12,COMPLETED,Tezuka Productions,"Eeyuu, a high school boy, has a problem! Two childhood friends ""Shio"" and ""Akari"" who go to the same high school are too cute! If they find out that I'm the only one looking sexually at them now that they've grown up, even though I have no intention of doing so... that would be too much! On the other hand, the two childhood friends also have their own secrets...? It's so awkward! It's complicated! But childhood friends are the best! A sweet and impatient love triangle love comedy where you can't be honest!



(Source: Kodansha, translated)",https://s4.anilist.co/file/anilistcdn/media/anime/cover/large/bx189565-OHhadYSsd0Bg.jpg,https://s4.anilist.co/file/anilistcdn/media/anime/banner/189565-40afF0Vg7Lt8.jpg,3.1,,,,,,,,,,,,,,,Comedy;Romance,Tezuka Productions,,,,,,,,,,,,
School Rumble 2nd Term,スクールランブル 二学期,TVA,2006,26,COMPLETED,Studio Comet,"Continuing right where season 1 left off: Harima still likes Tenma but still runs into obstacles everytime he tries to confess his love to her. To complicate the situation, Class 2-D challenges class 2-C once again and there's a rumor floating around that Harima and Yakumo are dating as the school prepares for the cultural festival.


(Source: Anime News Network)",https://s4.anilist.co/file/anilistcdn/media/anime/cover/medium/b846-5sTqhxItEaTK.jpg,https://s4.anilist.co/file/anilistcdn/media/anime/banner/846-Cq2TlJOlQVwU.jpg,3.9,,,,,,,,,,,,,,,Comedy;Romance;Slice of Life,Studio Comet,,,,,,,,,,,,
A Centaur's Life,セントールの悩み,TVA,2017,12,COMPLETED,Haoliners Animation,"Himeno is a sweet, shy girl, who struggles with the high school life. The difference is she's a centaur; but she's not alone. In fact, all of her classmates are supernatural creatures, sporting horns, wings, tails, halos, or some other unearthly body appendage. Yet despite their fantastical natures, Himeno and her best friends are down-to-earth, fun-loving teenagers who grapple with issues of life and love.



(Source: Seven Seas Entertainment)",https://s4.anilist.co/file/anilistcdn/media/anime/cover/large/nx98519-SmTrl0rF59dm.jpg,https://s4.anilist.co/file/anilistcdn/media/anime/banner/n98519-CsDP5sbmC0qN.jpg,3.0,,,,,,,,,,,,,,,Comedy;Fantasy;Slice of Life,Haoliners Animation,,,,,,,,,,,,
Magical Girl Ore,魔法少女 俺,TVA,2018,12,COMPLETED,Studio Signpost,"This story is about a 15-year-old girl who is a newbie idol in love with her best friend's brother who is also a popular idol. But she runs into a scary yakuza guy and finds out that her mother was an ex-magical girl, and the yakuza was her mascot. Her love interest gets kidnapped by demons that look like burly men with cute squirrel heads. So she contracts the yakuza to become a magical girl, which in this story means she turns into a handsome guy in a magical girl outfit. On top of that, her love interest shows an attraction toward her magical guy form. Her best friend turns out to be in love with her and also becomes a magical cross-dressing guy to save her life.


Thus, their manager, who is a magical girl geek, then decides to turn them into an idol unit.",https://s4.anilist.co/file/anilistcdn/media/anime/cover/large/nx100715-YP2B8SeGFtYO.jpg,https://s4.anilist.co/file/anilistcdn/media/anime/banner/100715-Xtz4sFdsDmmx.jpg,3.1,,,,,,,,,,,,,,,Action;Comedy;Mahou Shoujo;Supernatural,Studio Signpost,,,,,,,,,,,,
ARIA The NATURAL,ARIA The NATURAL,TVA,2006,26,COMPLETED,Hal Film Maker,"Akari Mizunashi continues her training to become a Prima Undine (a professional tour guide gondolier) along with her friends Aika and Alice in the peaceful city of Neo Venezia. Despite the fact that these three girls are from competing companies, they are constantly together, learning more about how to become better tour guides and more about the mysteries of Neo Venezia.


As the group continues to meet interesting and unforgettable people through their daily routines, they will also come closer to the secrets that make the enigmatic and ever beautiful city of Neo Venezia so warm and alive.


Welcome back to Neo Venezia: the city where miracles can be created by hand.",https://s4.anilist.co/file/anilistcdn/media/anime/cover/large/bx962-hMxjrjZYObAw.png,https://s4.anilist.co/file/anilistcdn/media/anime/banner/962.jpg,4.0,,,,,,,,,,,,,,,Fantasy;Sci-Fi;Slice of Life,Hal Film Maker,,,,,,,,,,,,
Kodomo no Jikan,こどものじかん,TVA,2007,12,COMPLETED,diomedéa,"3rd grade teacher Aoki Daisuke didn't expect the first class he ever taught to be one of the toughest obstacles of his life. After getting off on the wrong foot with the entire class, a moment of kind-heartedness instantly convinces one of his students, Rin Kokonoe, to make the ill-fated Aoki-sensei her lover. But what exactly are Rin's intentions for wanting to actively seduce Aoki-sensei, and will Aoki-sensei be able to help her to deal with them?",https://s4.anilist.co/file/anilistcdn/media/anime/cover/large/bx2403-vZ99B6GVLMCr.jpg,https://s4.anilist.co/file/anilistcdn/media/anime/banner/2403-p2CQQyjWfiHe.jpg,3.1,,,,,,,,,,,,,,,Comedy;Drama;Ecchi,diomedéa,,,,,,,,,,,,
Squid Girl 2,侵略!?イカ娘,TVA,2011,12,COMPLETED,diomedéa,"The nefarious Squid Girl is back to continue her self-appointed mission to invade the surface world. Or that's what she would do, if she could just stop getting distracted by squidding movies, reading squidly manga, and making friends as only a squid could make them. Squid Girl must overcome not only danger found at every turn, but her own squidly good nature as well.



(Source: Anime News Network)",https://s4.anilist.co/file/anilistcdn/media/anime/cover/large/bx10378-hBXI8fXMLBOg.png,https://s4.anilist.co/file/anilistcdn/media/anime/banner/10378-oXjrypPxJZ65.jpg,3.6,,,,,,,,,,,,,,,Comedy;Slice of Life,diomedéa,,,,,,,,,,,,
DearS,ディアーズ,TVA,2004,12,COMPLETED,Daume,"Ikuhara Takeya is a high school student living a normal life. He is not interested in the commotion around a UFO filled with beautiful alien females that crashed on earth a year ago. The aliens, known as DearS, are deciding to take permanent residence on earth. What no one knows is that these aliens are a slave species whose sole purpose is to serve and please their masters. One day, Takeya spots a person shivering behind some bushes. This person, Ren, is one of the DearS, and after being saved by Takeya she chooses him as her master. Takeya, who doesn't know about the master-slave relationship of DearS, tries to teach Ren the normal lifestyle of the people on earth, though he constantly fears that Ren is an evil alien who's trying to brainwash him. Ren, however, isn't like other DearS. She is in fact malfunctioning and is being tracked down by their leader. Meanwhile, Takeya begins to learn more about DearS, and a mythical DearS relationship called &ldquo;Gift&rdquo; begins to develop between them.



(Source: Anime News Network)",https://s4.anilist.co/file/anilistcdn/media/anime/cover/large/bx63-2EYTwbAK4CLR.jpg,https://s4.anilist.co/file/anilistcdn/media/anime/banner/63-2N8VhfoMTSrZ.jpg,3.0,,,,,,,,,,,,,,,Comedy;Ecchi;Romance;Sci-Fi,Daume,,,,,,,,,,,,
TsumaSho,妻、小学生になる。,TVA,2024,12,COMPLETED,Studio Signpost,"Keisuke Niijima has lived in grief since his wife, Takae, passed away 10 years ago. But when a young girl visits, claiming to be Takae reincarnated, Keisuke and his daughter, Mai, are drawn into a miraculous reunion. As the girl reveals intimate details only they could know, the Niijima family slowly begins to heal, rediscovering love and warmth in the most unexpected way. 



(Source: Crunchyroll)",https://s4.anilist.co/file/anilistcdn/media/anime/cover/large/bx162785-kqAuHBdvX283.jpg,https://s4.anilist.co/file/anilistcdn/media/anime/banner/162785-Ka6eiPOvY2T2.jpg,3.6,,,,,,,,,,,,,,,Comedy;Drama;Romance;Slice of Life,Studio Signpost,,,,,,,,,,,,
The Invisible Man and His Soon-to-Be Wife,透明男と人間女～そのうち夫婦になるふたり～,TVA,2026,12,COMPLETED,project No.9,"Akira Tounome is an invisible gentleman who runs a detective agency, and Shizuka Yakou is a mild-mannered human female who works there. Shizuka can always find Akira even when he turns completely invisible. A quiet love begins to blossom between them as the invisible man and blind girl grow closer to each other…



(Source: Crunchyroll)",https://s4.anilist.co/file/anilistcdn/media/anime/cover/large/bx185039-rVofxrbEyaL9.jpg,https://s4.anilist.co/file/anilistcdn/media/anime/banner/185039-Lh6EIwvvwGaL.jpg,3.8,,,,,,,,,,,,,,,Comedy;Romance;Supernatural,project No.9,,,,,,,,,,,,
Junjo Romantica 2,純情ロマンチカ2(に),TVA,2008,12,COMPLETED,Studio DEEN,The second part of Junjou Romantica continuing the story.,https://s4.anilist.co/file/anilistcdn/media/anime/cover/large/bx4814-p0o6nYsrDA81.png,https://s4.anilist.co/file/anilistcdn/media/anime/banner/4814-wHTj9VMkcOPu.jpg,3.5,,,,,,,,,,,,,,,Comedy;Drama;Romance,Studio DEEN,,,,,,,,,,,,
Hakumei and Mikochi,ハクメイとミコチ,TVA,2018,12,COMPLETED,Lerche,"Nine centimeters (3.5 inches) tall, the tiny girls Hakumei and Mikochi live in the forest. Living in a tiny house in a tree, riding insects and birds, and making umbrellas out of leaves, these tiny girls live a tiny life. Follow their tiny but lovely lives as they live their day to day in a fantastic world of tiny people and gods.



(Source: MangaHelpers)",https://s4.anilist.co/file/anilistcdn/media/anime/cover/large/bx99748-AdUXWhNTVLEy.jpg,https://s4.anilist.co/file/anilistcdn/media/anime/banner/99748-qZNhL9visYfS.jpg,3.7,,,,,,,,,,,,,,,Fantasy;Slice of Life,Lerche,,,,,,,,,,,,
Excel Saga,へっぽこ実験アニメーション エクセル・サーガ,TVA,1999,26,COMPLETED,J.C.STAFF,"Excel Saga is a one-of-a kind work of art that can only be described as the ultimate parody of anime. From the opening credits - a rather odd spoof of Japanese pop videos - to the ending song featuring Menchi the dog singing/barking a plaintive ballad while a human interpreter translates for viewers, nothing is sacred in the world of Excel Saga.



(Source: ADV Films)",https://s4.anilist.co/file/anilistcdn/media/anime/cover/large/bx379-qjgzMfG8vQAo.jpg,https://s4.anilist.co/file/anilistcdn/media/anime/banner/379-jiT36EYUPwlm.jpg,3.5,,,,,,,,,,,,,,,Comedy;Sci-Fi,J.C.STAFF,,,,,,,,,,,,
Gourmet Girl Graffiti,幸腹グラフィティ,TVA,2015,12,COMPLETED,Shaft,"Although Ryou Machiko is still only in middle school, both of her parents work overseas and her beloved grandmother recently passed away, so she lives in a big apartment all by herself. To keep herself occupied in that big empty space, Ryou practices her cooking, something that she thought she excelled at… but nothing ever seems quite right anymore. There’s something missing, but what could it be?



The answer unexpectedly arrives with her runaway cousin Kirin, who’s looking for a place to stay while she attends cram school. Much to Ryou’s surprise, her cooking seems to improve when they eat together! Food, it turns out, always seems tastier when it’s made for and shared with people you care about, and things only get more appetizing when Ryou’s friend Shiina joins in the culinary adventures!



(Source: Sentai Filmworks)",https://s4.anilist.co/file/anilistcdn/media/anime/cover/large/bx20744-efsZNvz4iPQ3.jpg,https://s4.anilist.co/file/anilistcdn/media/anime/banner/20744-IrS4vvwiGhhQ.jpg,3.3,,,,,,,,,,,,,,,Slice of Life,Shaft,,,,,,,,,,,,
Sailor Moon Sailor Stars,美少女戦士セーラームーン セーラースターズ,TVA,1996,34,COMPLETED,Toei Animation,"Like the R Season, SailorStars is divided into two arcs:


The first arc solves some conflicts from the SuperS season, and also sees the return of the Outer Senshi, Haruka, Michiru, Setsuna, and Hotaru (now reborn as a child).


The second arc is the actual plot from the manga. Usagi bids farewell to Mamoru, who is going to America to study abroad. In his place comes the Three Lights, an idol trio consisting of three boys, Seiya, Taiki, and Yaten. The new enemy is Galaxia, a woman who desires to rule the entire galaxy by collecting the Star Seeds of humans. Three new Senshi appear, the Sailor Starlights, who also intend to stop Galaxia without Sailormoon's help.",https://s4.anilist.co/file/anilistcdn/media/anime/cover/large/bx996-lHMuAdqP4ReE.jpg,https://s4.anilist.co/file/anilistcdn/media/anime/banner/996-tnBVKjzxjqj4.jpg,3.9,,,,,,,,,,,,,,,Action;Adventure;Comedy;Drama;Fantasy;Mahou Shoujo;Romance,Toei Animation,,,,,,,,,,,,
With You and the Rain,雨と君と,TVA,2025,12,COMPLETED,Lesprit,"On a rainy day, Fuji meets a cute critter posing as a dog and offering an umbrella and a cue card that says, “Please take me home” and she can’t resist. With this dog-poster’s quirky charm and mysterious ways, life together becomes a heartwarming adventure of friendship and shared seasons.



(Source: Crunchyroll)",https://s4.anilist.co/file/anilistcdn/media/anime/cover/large/bx180425-e5yNWog1hDuu.jpg,https://s4.anilist.co/file/anilistcdn/media/anime/banner/180425-l3CldufhygVc.jpg,3.6,,,,,,,,,,,,,,,Comedy;Slice of Life,Lesprit,,,,,,,,,,,,
[Oshi no Ko] Final Season,【推しの子】第4期 Final Season,TVA,,,UPCOMING,Doga Kobo,The fourth and final season of [Oshi no Ko].,https://s4.anilist.co/file/anilistcdn/media/anime/cover/large/bx209827-rjOeCZB6LqAg.jpg,,,,,,,,,,,,,,,,,Drama;Mystery;Psychological;Supernatural,Doga Kobo,,,,,,,,,,,,
Knights of Sidonia: Battle for Planet Nine,シドニアの騎士　第九惑星戦役,TVA,2015,12,COMPLETED,POLYGON PICTURES,"The second season of Sidonia no Kishi.



Having narrowly avoided the collision with the asteroid, the Sidonia sets a course for the Lem system in order to wipe out the Gauna nest.



(Source: Polygon Pictures)",https://s4.anilist.co/file/anilistcdn/media/anime/cover/large/bx20762-OgnJxtu8wW2R.jpg,https://s4.anilist.co/file/anilistcdn/media/anime/banner/20762-PHkoYQV1kkUz.jpg,3.8,,,,,,,,,,,,,,,Action;Fantasy;Mecha;Sci-Fi,POLYGON PICTURES,,,,,,,,,,,,
Hanamaru Kindergarten,はなまる幼稚園,TVA,2010,12,COMPLETED,Gainax,"Anzu goes to a kindergarten with her friends, the shy Koume and the eccentric Hiiragi. Together they try to attract attention from their caretaker Tsuchida. However, he is clearly more interested in the pretty Yamamoto who supervises the class next door.",https://s4.anilist.co/file/anilistcdn/media/anime/cover/large/bx6574-rCLnJXp3NK0J.png,https://s4.anilist.co/file/anilistcdn/media/anime/banner/6574-SIxvPakkaCWE.jpg,3.5,,,,,,,,,,,,,,,Comedy;Romance;Slice of Life,Gainax,,,,,,,,,,,,
My New Boss is Goofy,新しい上司はど天然,TVA,2023,12,COMPLETED,A-1 Pictures,"After his power-tripping boss broke his spirit and his health, Momose leaves his job for a new job in sales at an advertising agency. However, on the very first day of his new job, Momose is unable to move due to a stomachache caused by his past traumas. ""What should I do if my new boss also abuses his power?""



That's when his new boss, Shirosaki, takes him out to see clients. Just what exactly is Shirosaki going to do...?!


(Source: Crunchyroll)",https://s4.anilist.co/file/anilistcdn/media/anime/cover/large/bx165070-0OlcD1TA6pe4.jpg,https://s4.anilist.co/file/anilistcdn/media/anime/banner/165070-ucfoOkYvLKlH.jpg,3.9,,,,,,,,,,,,,,,Comedy;Slice of Life,A-1 Pictures,,,,,,,,,,,,
Dragon Quest: The Adventure of Dai,ドラゴンクエスト ダイの大冒険,TVA,2020,100,COMPLETED,Toei Animation,"After the defeat of the demon lord Hadlar, all of the monsters were unleashed from his evil will and moved to the island of Delmurin to live in peace. Dai is the only human living on the island. Having been raised by the kindly monster Brass, Dai's dream is to grow up to be a hero. He gets to become one when Hadlar is resurrected and the previous hero, Avan, comes to train Dai to help in the battle. But Hadlar, announcing that he now works for an even more powerful demon lord, comes to kill Avan. To save his students, Avan uses a Self-Sacrifice spell to attack, but is unable to defeat Hadlar. When it seems that Dai and Avan's other student Pop are doomed, a mark appears on Dai's forehead and he suddenly gains super powers and is able to fend off Hadlar. The two students then go off on a journey to avenge Avan and bring peace back to the world.



(Source: Anime News Network)",https://s4.anilist.co/file/anilistcdn/media/anime/cover/large/bx114099-LRnlm1t6LE5o.png,https://s4.anilist.co/file/anilistcdn/media/anime/banner/114099-4YWtPpmPQyJb.jpg,3.6,,,,,,,,,,,,,,,Action;Adventure;Fantasy,Toei Animation,,,,,,,,,,,,
No Guns Life Season 2,ノー・ガンズ・ライフ 2,TVA,2020,12,COMPLETED,MADHOUSE,"Juuzo Inui’s next mission is to rescue Rosa McMahon, a girl who holds a valuable piece of data the Berühren Corporation is after. Still reeling from Colt’s death, Tetsurou swears to never hesitate again.



And somewhere in the city, Pepper is determined to make Juuzo her property along with her current Gun Slave Unit, Seven.



(Source: Funimation)",https://s4.anilist.co/file/anilistcdn/media/anime/cover/large/bx112803-GTBPrkKvlyV5.jpg,https://s4.anilist.co/file/anilistcdn/media/anime/banner/112803-nY631RWlndb0.jpg,3.5,,,,,,,,,,,,,,,Action;Drama;Sci-Fi,MADHOUSE,,,,,,,,,,,,
Black God,黒神 The Animation,TVA,2009,23,COMPLETED,Sunrise,"In this world, there are three identical looking people in existence who split between them an energy-like force called “Terra.” This energy can be attributed to the amount of “Luck” or “Life Energy” that an individual possesses. There also exists beings who observe the human world, maintaining the balance of Terra, known as the “Coexistence Equilibrium.” These beings possess ability that surpass that of a normal human being and reside in hiding in places known as the “Pure Place” in tribes. They are called the Terra Guardians. This is a tale of battle that begins with a chance meeting between a human boy named Keita and a young Tera Guardian girl named Kuro.



(Source: Anime News Network)",https://s4.anilist.co/file/anilistcdn/media/anime/cover/large/bx5079-GGC5BR9xIiE0.jpg,,3.5,,,,,,,,,,,,,,,Action,Sunrise,,,,,,,,,,,,
"Don’t Hurt Me, My Healer!",このヒーラー、めんどくさい,TVA,2022,12,COMPLETED,Jumondou,"The story of the series follows Alvin, a knight with saint-like patience for annoying people, and Karla, a dark elf healer with a sharp tongue and a rotten personality who always speaks without thinking first. Together, they form a party and go on fantastical adventures.



(Source: Crunchyroll)",https://s4.anilist.co/file/anilistcdn/media/anime/cover/large/bx132351-1zyxbcJ86aoB.png,https://s4.anilist.co/file/anilistcdn/media/anime/banner/132351-6nTEi7gtW1RN.jpg,2.9,,,,,,,,,,,,,,,Adventure;Comedy;Fantasy;Slice of Life,Jumondou,,,,,,,,,,,,
xxxHOLiC◆Kei,xxxHOLiC◆継,TVA,2008,13,COMPLETED,Production I.G,"Still working to get his wish complete, Watanuki finds himself into more mess than he can handle when certain facts about his everyday life gets revealed and when he needs to learn the lesson of Yuuko the hard way.



(Source: Anime News Network)",https://s4.anilist.co/file/anilistcdn/media/anime/cover/large/bx3091-97Yr9KdWI3Ou.jpg,https://s4.anilist.co/file/anilistcdn/media/anime/banner/3091-d4il9SnBf3gk.jpg,4.0,,,,,,,,,,,,,,,Comedy;Drama;Horror;Mystery;Psychological;Supernatural,Production I.G,,,,,,,,,,,,
Aria the Scarlet Ammo AA,緋弾のアリアAA,TVA,2015,12,COMPLETED,Doga Kobo,"A young girl idolizes the world-renowned S-ranked butei Kanzaki H. Aria and plans to follow in her footsteps. However, her test grades her out as only an E-rank! All is not lost, however, as Aria agrees to give her some pointers. Can Aria help this newcomer become a first-rate butei?",https://s4.anilist.co/file/anilistcdn/media/anime/cover/large/bx20991-bYPGhJvthBWI.png,https://s4.anilist.co/file/anilistcdn/media/anime/banner/20991-KrhvvvCYXWPO.png,3.0,,,,,,,,,,,,,,,Action;Adventure;Comedy,Doga Kobo,,,,,,,,,,,,
And Yet The Town Moves,それでも町は廻っている,TVA,2010,12,COMPLETED,Shaft,"Hotori Arashiyama loves mysteries, but there's one she just can't solve: why does the solution to one problem inevitably seem to lead to another? Like how when Hotori has to start working at the Seaside Maid Cafe after school to pay off a debt and her friend Toshiko fortunately knows exactly how a Maid Cafe should be run. Which is fortunate since Hotori has no clue. Except that, unfortunately, Toshiko has no interest in working at the cafe - until she discovers that Hotori's childhood friend Hiroyuki is a regular. Which SEEMS fortunate. Except that Hotori doesn't know that, while Toshiko likes Hiroyuki, Hiroyuki secretly likes Hotori, while Hotori secretly has a crush on... No, no more spoilers! 


But if that's not enough drama, there's work, angst with a certain math teacher, table tennis between her classmates, her younger brother versus the school's bad girl... And yet, even though everything seems like it's going to crash at any moment, somehow Hotori's life keeps going hilariously forward. 


(Source: Sentai Filmworks)",https://s4.anilist.co/file/anilistcdn/media/anime/cover/large/bx8726-PX1AiBJxOzyo.png,https://s4.anilist.co/file/anilistcdn/media/anime/banner/8726-JZ9aVlxAQERm.jpg,3.7,,,,,,,,,,,,,,,Comedy;Slice of Life,Shaft,,,,,,,,,,,,
First Love Monster,初恋モンスター,TVA,2016,12,COMPLETED,Studio DEEN,"When fifteen-year-old Kaho Nikaidou leaves her sheltered home to start life anew in a Tokyo high school dormitory, the last thing she expects is to nearly get hit by a truck! Saved in the nick of time by a handsome stranger, Kaho falls head over heels for him and, after finally tracking him down, boldly confesses her feelings. Turns out Kaho's mystery savior, Kanade, is the son of Kaho's new landlord! The handsome object of Kaho's affection agrees to go out with her, but her newfound bliss is short-lived when it turns out that her new boyfriend...is a fifth-grader?!



(Source: Yen Press)",https://s4.anilist.co/file/anilistcdn/media/anime/cover/large/bx21242-5lHHNLFBsVB3.jpg,,2.4,,,,,,,,,,,,,,,Comedy;Romance,Studio DEEN,,,,,,,,,,,,
In the Heart of Kunoichi Tsubaki,くノ一ツバキの胸の内,TVA,2022,13,COMPLETED,CloverWorks,"Deep in the mountains in the middle of nowhere lives a group of kunoichi called Akane Class. These kunoichi work hard together to improve their own skills, and they all live by an unbreakable rule: “Contact with men is strictly forbidden.” But everything takes an unexpected turn when Tsubaki, leader of one of the groups, starts experiencing strange feelings whenever the subject of men comes up.



(Source: Crunchyroll)",https://s4.anilist.co/file/anilistcdn/media/anime/cover/large/bx141350-APq0GpPyaQE4.jpg,https://s4.anilist.co/file/anilistcdn/media/anime/banner/141350-2nBo9MaZmwrR.jpg,3.5,,,,,,,,,,,,,,,Comedy;Supernatural,CloverWorks,,,,,,,,,,,,
The Yuzuki Family’s Four Sons,柚木さんちの四兄弟。,TVA,2023,12,COMPLETED,Shuka,"The Yuzuki family consists of four brothers: Hayato, Mikoto, Minato, and Gakuto. The eldest son, Hayato, happily lives every day to the fullest. There are tears, laughter and excitement at home, at school, and in the neighborhood!",https://s4.anilist.co/file/anilistcdn/media/anime/cover/large/bx164312-3eLpxsRk5COE.jpg,https://s4.anilist.co/file/anilistcdn/media/anime/banner/164312-Z6McsCXo2yv4.jpg,3.9,,,,,,,,,,,,,,,Comedy;Drama;Slice of Life,Shuka,,,,,,,,,,,,
Hello!! KINMOZA!,ハロー!!きんいろモザイク,TVA,2015,12,COMPLETED,Studio Gokumi,"The second season of Kiniro Mosaic.



Although learning different languages continues to be an interest for Shinobu and her friends, the new school year brings unexpected difficulties. Not only is there always something new and different to distract them from their studies, but Alice and Yoko also are having trouble adjusting to being in a different class from Shinobu and Aya. Meanwhile, Karen isn't getting along at all with her new homeroom teacher, and it doesn't help that the teacher is having trouble figuring out how to make herself seem friendlier to her students as well. Craziness may ensue, but sometimes, all it takes is the right mutual experience to bring everyone together. 


(Source: Sentai Filmworks)",https://s4.anilist.co/file/anilistcdn/media/anime/cover/large/bx20654-mXuY0nxLV96O.png,https://s4.anilist.co/file/anilistcdn/media/anime/banner/20654-ZdPXK7ucIsto.jpg,3.6,,,,,,,,,,,,,,,Comedy;Slice of Life,Studio Gokumi,,,,,,,,,,,,
Rurouni Kenshin -Kyoto Disturbance-,るろうに剣心 －明治剣客浪漫譚－京都動乱,TVA,2024,23,COMPLETED,LIDENFILMS,"The second season of Rurouni Kenshin: Meiji Kenkaku Romantan (2023). 



A phantom of the Bakumatsu who must be taken down. All the answers you desire are in Kyoto!



(Source: Aniplex USA)",https://s4.anilist.co/file/anilistcdn/media/anime/cover/medium/b171637-h17RbEFtR0rQ.png,,3.9,,,,,,,,,,,,,,,Action;Adventure;Drama;Romance,LIDENFILMS,,,,,,,,,,,,
Quality Assurance in Another World,この世界は不完全すぎる,TVA,2024,13,COMPLETED,100studio,"Despite its location in a remote region south of the continent of Felnarc, the island of Clayborne is made up of five small countries crowded together and in constant conflict. In the most remote reaches of the smallest and most peaceful country on the island, the Kingdom of Bayle, is the small village where a girl named Nikola lives a humble life. One day, while she's out gathering firewood as she does every day, a massive dragon—a creature that's supposed to only live deep in the mountains—appears in front of her. Just as it's about to attack the village, a man named Haga rushes to the scene. Haga is a member of the King's Seekers, a top secret investigation team. Nikola has never once felt bored with her peaceful life, even when every single day is practically the same, but after meeting Haga, she's so intrigued by Haga and his travels that she decides to step out into the world herself... and then the learns the true nature of her world.



(Source: Crunchyroll)",https://s4.anilist.co/file/anilistcdn/media/anime/cover/large/bx163077-PHiTdVlKzXAR.jpg,https://s4.anilist.co/file/anilistcdn/media/anime/banner/163077-EqzHALQl1GH5.jpg,3.1,,,,,,,,,,,,,,,Adventure;Comedy;Fantasy,100studio,,,,,,,,,,,,
D.N.Angel,Ｄ・Ｎ・ＡＮＧＥＬ,TVA,2003,26,COMPLETED,Xebec,"Niwa Daisuke is your average teenager, until his fourteenth birthday. He tries to declare his love to the girl of his dreams, but fails. Suddenly, whenever he thinks about this girl he turns into the legendary phantom thief known as Dark Mousy. Daisuke's mother, very much aware of this, makes him turn into Dark and steal valuable works of art for a purpose unknown to Daisuke. As the story unfolds, he learns why, and about his classmate who seems to have the same ability.



(Source: Anime News Network)",https://s4.anilist.co/file/anilistcdn/media/anime/cover/medium/61.jpg,https://s4.anilist.co/file/anilistcdn/media/anime/banner/61-VZW3RDx4ZDem.jpg,3.3,,,,,,,,,,,,,,,Action;Comedy;Fantasy;Romance,Xebec,,,,,,,,,,,,
Major S1,メジャー (第1シリーズ),TVA,2004,26,COMPLETED,Studio Hibari,"Honda Shigeharu is a Major League batter on the rise. His son Gorou is a Little League pitcher who one day hopes to follow in his father's footsteps. Hoshino Momoko is Gorou's schoolteacher and the first woman Shigeharu has been interested in since the death of Gorou's mother. The destinies of these three individuals will become intertwined as father and son experience both heartbreak and triumph on the baseball diamond. But when an unspeakable tragedy visits the family, it will take everything they have to pick up the pieces and reclaim their dreams.



(Source: Anime News Network)",https://s4.anilist.co/file/anilistcdn/media/anime/cover/large/bx627-B0V5aoDfwtz0.png,https://s4.anilist.co/file/anilistcdn/media/anime/banner/627-jIPZjL2FkTpu.jpg,4.0,,,,,,,,,,,,,,,Comedy;Drama;Sports,Studio Hibari,,,,,,,,,,,,
The Severing Crime Edge,断裁分離のクライムエッジ,TVA,2013,13,COMPLETED,Studio Gokumi,"Haimura Kiri is a seemingly ordinary boy with one slight problem: he is obsessed with cutting other people's hair. One day he meets Mushiyanokouji Iwai, the ""Hair Queen"" who cannot cut her hair because of an inherited curse. Kiri finds out that his scissor, ""Dansai Bunri no Crime Edge"" is the only thing that can cut them. But little did he know that their meeting sparked the start of an old murder game to kill the ""Hair Queen"" using the cursed killing tools, the ""Killing Goods."" Can Kiri protect Iwai from the Killing Goods Owners? Let the game begin!",https://s4.anilist.co/file/anilistcdn/media/anime/cover/large/bx16355-hZ0rDhXEbsDl.jpg,https://s4.anilist.co/file/anilistcdn/media/anime/banner/n16355-G7fSoPuFv4Wp.jpg,3.1,,,,,,,,,,,,,,,Action;Fantasy;Romance,Studio Gokumi,,,,,,,,,,,,
Midnight Occult Civil Servants,真夜中のオカルト公務員,TVA,2019,12,COMPLETED,LIDENFILMS,"When Miyako Arata starts his brand-new job as a civil servant, he’s shocked to find out he’s not serving the regular public—he’s working with supernatural beings! Referred to as “Anothers”, Miyako and his team deals with the trouble they cause, unseen by the human eye. But while on his first assignment, Miyako surprises everyone with an unheard-of ability—he can understand the Anothers!



(Source: Funimation)",https://s4.anilist.co/file/anilistcdn/media/anime/cover/large/bx102939-6Jugm5BxgMPQ.jpg,https://s4.anilist.co/file/anilistcdn/media/anime/banner/102939-bbNG7Il6gVv0.jpg,3.2,,,,,,,,,,,,,,,Fantasy;Supernatural,LIDENFILMS,,,,,,,,,,,,
Ron Kamonohashi’s Forbidden Deductions Season 2,鴨乃橋ロンの禁断推理 2nd Season,TVA,2024,13,COMPLETED,diomedéa,The second season of Kamonohashi Ron no Kindan Suiri.,https://s4.anilist.co/file/anilistcdn/media/anime/cover/large/bx172355-D7J0LRyWZZhg.jpg,,3.8,,,,,,,,,,,,,,,Drama;Mystery,diomedéa,,,,,,,,,,,,
Big Windup!,おおきく振りかぶって,TVA,2007,25,COMPLETED,A-1 Pictures,"After a falling out with his middle school team, Mihashi enters Nishiura high school with no social skill, a warped opinion of himself, and every intention to quit baseball. The newly formed Nishiura baseball team, however, needs a pitcher, and they welcome him. Most enthusiastic is Abe, a domineering catcher with his own game issues.


And so a battery every bit as complementary as it is dysfunctional is formed. If they can figure out how to work together, they might be the answers to each other's problems-and the team might be able to win.",https://s4.anilist.co/file/anilistcdn/media/anime/cover/large/bx2159-eTI4nRTqCTDM.png,https://s4.anilist.co/file/anilistcdn/media/anime/banner/2159-mLfzFO9ZQFjU.jpg,3.8,,,,,,,,,,,,,,,Comedy;Sports,A-1 Pictures,,,,,,,,,,,,
Grappler Baki Maximum Tournament,グラップラー刃牙(バキ) 最大トーナメント編,TVA,2001,24,COMPLETED,,"Baki, a great grappler needs to live up to his name being the son of the the greatest grapplers of all time: Hanma Yujiro. At the Shinshinkai Organization's private arena, anything goes and the odds are always stacked against you. Current champion of the urderground tournament he fight to defend his title against the worlds strongest and best martial artists, including ""the beast"" his own father Yujiro.



(Source: Anime News Network)",https://s4.anilist.co/file/anilistcdn/media/anime/cover/medium/551.jpg,,3.6,,,,,,,,,,,,,,,Action;Sports,,,,,,,,,,,,,
A-Channel,Aチャンネル,TVA,2011,12,COMPLETED,Studio Gokumi,"Tooru and Run have been best friends forever, so when Tooru learns that she's managed to get into the same high school as Run, she runs to tell her&hellip; only to find Run in a compromising position with yet another girl, Yuko. Needless to say, that makes things a bit awkward at school, with Tooru fending off those who might be interested in Run while Yuko and their other girlfriend, Nagi, have to deal with Run's own penchant for drama. 


(Source: Sentai Filmworks)",https://s4.anilist.co/file/anilistcdn/media/anime/cover/large/bx9776-1JMnQWJhpKVr.png,https://s4.anilist.co/file/anilistcdn/media/anime/banner/9776-fK8Ht17h3I1r.jpg,3.3,,,,,,,,,,,,,,,Comedy;Slice of Life,Studio Gokumi,,,,,,,,,,,,
Brave 10,ブレイブ・テン,TVA,2012,12,COMPLETED,Studio Saki Makura,"A young ninja named Saizo Kirigakure is trying to find meaning and direction in his life when he encounters Isanami, who is fleeing from assassins. He manages to save her life, and she then asks him to act as her bodyguard until she reaches her destination. When they arrive in the protected territory of Sanada, Saizo falls into a meeting with Sasuke Sarutobi, leader of the famed ninja group. Sanada has gathered these bold and talented ninjas together in order to bring an end to Japan's era of war. Meanwhile, Isanami's mysterious hidden power comes to light. 


(Source: NIS America)",https://s4.anilist.co/file/anilistcdn/media/anime/cover/large/bx11241-FVdZiZceB4c7.jpg,https://s4.anilist.co/file/anilistcdn/media/anime/banner/11241-9X2TrLCKv60G.jpg,3.1,,,,,,,,,,,,,,,Action;Adventure,Studio Saki Makura,,,,,,,,,,,,
Is the Order a Rabbit? BLOOM,ご注文はうさぎですか？ BLOOM,TVA,2020,12,COMPLETED,Encourage Films,"The third season of Gochuumon wa Usagi desu ka?



As summer turns to autumn, the colorful Rabbit House regulars return to serve up warm treats and tasty drinks at the Rabbit House café — along with a heaping helping of adorable antics and cute capers, of course!



(Source: HIDIVE)",https://s4.anilist.co/file/anilistcdn/media/anime/cover/large/bx104198-bT8qBPJWxtiY.jpg,https://s4.anilist.co/file/anilistcdn/media/anime/banner/104198-z44oIGYnR5Zf.jpg,3.9,,,,,,,,,,,,,,,Comedy;Slice of Life,Encourage Films,,,,,,,,,,,,
Lucifer and the Biscuit Hammer,惑星のさみだれ,TVA,2022,24,COMPLETED,NAZ,"One day, unremarkable college student Yuuhi Amamiya meets a talking lizard who asks for his help saving Earth from a crisis. Before he can refuse, Yuuhi is turned into a member of the Beast Knights and given a ring that gives him the psychic power “domain control.” He is then immediately attacked by an enemy! But just as all seems lost, he’s saved by the girl next door, Samidare.



But it turns out Samidare isn’t really a savior of any kind… she’s actually a demon lord who wants to conquer Earth! Drawn to her absurd strength and evil charms, Yuuhi becomes her devoted servant and acts to support her wicked schemes.



(Source: Crunchyroll)",https://s4.anilist.co/file/anilistcdn/media/anime/cover/large/bx144323-BU9YN8Yphagr.jpg,https://s4.anilist.co/file/anilistcdn/media/anime/banner/144323-xtWjunaY4XrB.jpg,2.5,,,,,,,,,,,,,,,Action;Comedy;Drama;Psychological;Supernatural,NAZ,,,,,,,,,,,,
Gachiakuta Season 2,ガチアクタ 第2期,TVA,,,UPCOMING,,The second season of Gachiakuta.,https://s4.anilist.co/file/anilistcdn/media/anime/cover/large/bx204436-gGUp9DNszIY5.png,https://s4.anilist.co/file/anilistcdn/media/anime/banner/204436-OHyoHGQhdcrA.jpg,,,,,,,,,,,,,,,,Action;Drama;Fantasy,,,,,,,,,,,,,
Letter Bee,テガミバチ,TVA,2009,25,COMPLETED,Studio Signpost,"Gauche Suede is on his last delivery before a big promotion. In the outskirts of Yodaka, the darkest area of Amberground, Gauche is surprised to find that the package is a young boy named Lag Seeing. Lag had been traumatized by his mother's abduction and is due to be delivered to his aunt. In this remote area rife with Gaichuu, Lag and Gauche face a dangerous journey that inspires Lag to become a Letter Bee.


(Source: Crunchyroll)",https://s4.anilist.co/file/anilistcdn/media/anime/cover/medium/b6444-Eiizf1cvuOg5.jpg,https://s4.anilist.co/file/anilistcdn/media/anime/banner/6444-hylyRzjObjKU.jpg,3.6,,,,,,,,,,,,,,,Adventure;Fantasy;Supernatural,Studio Signpost,,,,,,,,,,,,
YAIBA: Samurai Legend,真･侍伝 YAIBA,TVA,2025,24,COMPLETED,WIT STUDIO,"The protagonist, Yaiba (Kurogane Yaiba), is a wild samurai boy who trains in the jungle with his father, Kenjuro! By chance, Yaiba returns to Japan, where he meets his rival Takeshi Onimaru, who has the same samurai spirit as Yaiba, in a new training ground.



Yaiba is living a life of serious competition, but when Onimaru obtains the “Legendary Demon Sword”, he is on a journey full of spectacle and great adventure...!



(Source: Crunchyroll News)",https://s4.anilist.co/file/anilistcdn/media/anime/cover/large/bx177476-kduwwEfxcZtU.jpg,https://s4.anilist.co/file/anilistcdn/media/anime/banner/177476-7hFgVbx9dD00.jpg,3.5,,,,,,,,,,,,,,,Action;Adventure;Comedy;Fantasy,WIT STUDIO,,,,,,,,,,,,
Anne-Happy,あんハピ♪,TVA,2016,12,COMPLETED,SILVER LINK.,"The story centers around class 1-7 of Tennogofune Academy, where all the students with ""bad karma"" or misfortune seem to have been gathered. Hibari, a student in this class, meets the unlucky Hanako and the perennially unhealthy Botan on her first day of school, and together they try to find a way to turn their school life into a happy one.



(Source: Anime News Network)",https://s4.anilist.co/file/anilistcdn/media/anime/cover/large/bx21238-FDqKbjcdtWzx.jpg,https://s4.anilist.co/file/anilistcdn/media/anime/banner/21238-0YiT4CJXOGGp.jpg,3.3,,,,,,,,,,,,,,,Comedy;Slice of Life,SILVER LINK.,,,,,,,,,,,,
You and I Are Polar Opposites Season 2,正反対な君と僕 第2期,TVA,2026,,UPCOMING,Lapin Track,The second season of Seihantai na Kimi to Boku.,https://s4.anilist.co/file/anilistcdn/media/anime/cover/large/bx210031-TppgcHZh46LY.jpg,,,,,,,,,,,,,,,,,Comedy;Drama;Romance;Slice of Life,Lapin Track,,,,,,,,,,,,
Wandance,ワンダンス,TVA,2025,12,COMPLETED,MADHOUSE,"Kaboku Kotani is starting high school, and he plans to do what he’s always done: go along with his friends, keep quiet, and not draw too much attention to himself. After all, it’s hard enough to get by with a stutter like his— why make things worse by standing out from the crowd? But then he sees another first-year, Hikari Wanda, dancing like no one is watching—or like she doesn’t care who sees her. It makes Kaboku wonder: Could he reach that same freedom? To find his way to Wanda, he does something he never thought he could: He joins the dance club. After all, every routine begins with a single step, right? Join Kaboku and Wanda as they freestyle their way to life and love!



(Source: Kodansha USA)",https://s4.anilist.co/file/anilistcdn/media/anime/cover/large/bx180436-zR0dJuKGZNOK.jpg,https://s4.anilist.co/file/anilistcdn/media/anime/banner/180436-0PzS0oDWs24p.jpg,3.3,,,,,,,,,,,,,,,Drama;Sports,MADHOUSE,,,,,,,,,,,,
The Law of Ueki,うえきの法則,TVA,2005,51,COMPLETED,Studio DEEN,"Kousuke Ueki, a student of the Hinokuni Junior High School, is picked by a God Candidate, Koba-sen, to participate in a competition where people battle out to become God and only the strongest will prevail. Embodied with the ability to turn garbage into trees, Kousuke will be joining in the battle against other junior high school students in this selection. This sets the premise for the earth-friendly battle where the students will pit their powers against the rest.



(Source: Anime News Network)",https://s4.anilist.co/file/anilistcdn/media/anime/cover/large/bx479-DEz4w5b4JO7h.jpg,https://s4.anilist.co/file/anilistcdn/media/anime/banner/479-P2VkcQzB0aLx.jpg,3.6,,,,,,,,,,,,,,,Action;Adventure;Comedy;Drama;Supernatural,Studio DEEN,,,,,,,,,,,,
Lupin the Third: The Woman Called Fujiko Mine,LUPIN the Third ～峰不二子という女～,TVA,2012,13,COMPLETED,TMS Entertainment,"What happened when Lupin III met Fujiko Mine for the first time?



She’s a thief. A killer.  A saint and a scandal. She’s whatever you need her to be to get the job done. She takes your breath away to get what she wants. She takes everything else just because she can. It’s all in a night’s work for the woman called Fujiko Mine. She’s the slinky, sultry thread that holds Lupin III’s crew together—and this is the heist that started it all.



(Source: FUNimation, Crunchyroll)",https://s4.anilist.co/file/anilistcdn/media/anime/cover/large/bx13203-O4B5Ug60vKG0.png,https://s4.anilist.co/file/anilistcdn/media/anime/banner/13203-EvoIQmZIvYsZ.jpg,3.8,,,,,,,,,,,,,,,Action;Adventure;Comedy;Drama;Ecchi;Psychological;Thriller,TMS Entertainment,,,,,,,,,,,,
Sekai Ichi Hatsukoi - The World's Greatest First Love Season 2,世界一初恋 2,TVA,2011,12,COMPLETED,Studio DEEN,Second season of Sekaiichi Hatsukoi.,https://s4.anilist.co/file/anilistcdn/media/anime/cover/large/bx11123-USoFLDMkQXT2.png,https://s4.anilist.co/file/anilistcdn/media/anime/banner/11123-UfFgH6Cc1nVj.jpg,3.6,,,,,,,,,,,,,,,Comedy;Romance,Studio DEEN,,,,,,,,,,,,
Inexpressive Kashiwada and Expressive Oota,顔に出ない柏田さんと顔に出る太田君,TVA,2025,12,COMPLETED,STUDIO POLON,"Kashiwada-san’s face is a masterpiece of stoicism. Her classmate Oota-kun? A walking explosion of emotions determined to crack her calm with over-the-top antics. (Spoiler: It’s not working.) But between his failed surprises and her secret smiles, these polar-opposite classmates might just be into each other! Witness a rom-com where love speaks louder than expressions.



(Source: Crunchyroll)",https://s4.anilist.co/file/anilistcdn/media/anime/cover/large/bx187940-3ugUhO9h0luh.jpg,https://s4.anilist.co/file/anilistcdn/media/anime/banner/187940-BufBLkl64XYB.jpg,3.4,,,,,,,,,,,,,,,Comedy;Romance;Slice of Life,STUDIO POLON,,,,,,,,,,,,
Cuticle Detective Inaba,キューティクル探偵因幡,TVA,2013,12,COMPLETED,ZEXCS,"In a world where half-human, half-animal chimeras live and work alongside normal people, there are sure to be a few bad apples in the bunch. Unfortunately, half-human criminals means non-human clues that often leave the police stumped. That's where lone wolf detectives like Hiroshi Inaba come in. He's literally part wolf and has the amazing ability to extract critical information just by examining or tasting a sample of someone's hair! Of course, that ability has also resulted in Inaba having a little bit of a hair fetish, but that doesn't seem to be a problem for his two assistants. (Well, at least the cross-dressing one isn't complaining much.) And it's nothing compared to the strange tastes of Inaba's nemesis, the omnivorous (and half goat) crime boss Don Valentino, who has an appetite for green legal tender instead of tender young greens! Inaba's sworn to cut Valentino out of the criminal flock before the Don can wolf down more ill-gotten dough, but he's going to have to chew his way through a lot of evidence to get his goat. Can sheer dogged detective work put the baaaaad guys behind bars?


(Source: Sentai Filmworks)",https://s4.anilist.co/file/anilistcdn/media/anime/cover/large/bx15109-zGeYvSvJmgA2.jpg,https://s4.anilist.co/file/anilistcdn/media/anime/banner/15109-dtfeFA1NmHgm.jpg,3.4,,,,,,,,,,,,,,,Action;Comedy;Mystery;Supernatural,ZEXCS,,,,,,,,,,,,
Looking for the Full Moon,満月をさがして,TVA,2002,52,COMPLETED,Studio DEEN,"Twelve-year-old Kouyama Mitsuki was devastated when she was diagnosed with a malignant tumor of the throat. She had made a promise to the boy she loves that she would one day become a singer, but her illness made singing impossible. To make matters even worse, two angels of death, Takuto and Meroko, appeared to Mitsuki and informed her that she only had one year left to live. This news provides an even greater motivation for Mitsuki to fulfill her dreams, and with a little bit of divine intervention, she begins her quest to become a professional singer so she can be reunited with Eichi before time runs out. 


(Source: Anime News Network)",https://s4.anilist.co/file/anilistcdn/media/anime/cover/large/bx122-seEUpu2fDTtF.jpg,https://s4.anilist.co/file/anilistcdn/media/anime/banner/122-JLidxTMPRE7r.jpg,3.8,,,,,,,,,,,,,,,Comedy;Drama;Mahou Shoujo;Music;Romance;Supernatural,Studio DEEN,,,,,,,,,,,,
Mission: Yozakura Family Season 2,夜桜さんちの大作戦 第2期,TVA,2026,,ONGOING,SILVER LINK.,The second season of Yozakura-san Chi no Daisakusen.,https://s4.anilist.co/file/anilistcdn/media/anime/cover/large/bx182578-Te8W0EwesgrS.jpg,https://s4.anilist.co/file/anilistcdn/media/anime/banner/182578-p3J3Cs24qe9J.jpg,3.8,,,,,,,,,,,,,,,Action;Comedy;Romance,SILVER LINK.,,,,,,,,,,,,
Polar Bear's Café,,,,,,,,,,,,,,,,,,,,,,,,,,,,,,,,,,,,,,
Requiem of the Rose King,薔薇王の葬列,TVA,2022,24,COMPLETED,J.C.STAFF,"The Wars of the Roses grip medieval England as the houses of York and Lancaster vie for the throne. Richard is the third son of the Duke of York, who plans to take the crown. Richard wants nothing more than for this to happen, but this innocent wish will plunge England further into the chaos of war. Meanwhile, Richard is struggling with a battle far more personal.



(Source: Funimation)",https://s4.anilist.co/file/anilistcdn/media/anime/cover/large/bx124060-gPb5UWbdQgj9.jpg,https://s4.anilist.co/file/anilistcdn/media/anime/banner/124060-HpKz3msSL1DL.jpg,2.8,,,,,,,,,,,,,,,Action;Drama;Supernatural,J.C.STAFF,,,,,,,,,,,,
Black Butler: Emerald Witch Arc,黒執事 -緑の魔女編-,TVA,2025,13,COMPLETED,CloverWorks,"Sequel to Kuroshitsuji: Kishuku Gakkou-hen.



Ciel and his loyal butler Sebastian brave a cursed forest in Germany to uncover the truth behind eerie deaths.



(Source: Crunchyroll)",https://s4.anilist.co/file/anilistcdn/media/anime/cover/large/bx179054-HmN0Za4T157B.jpg,https://s4.anilist.co/file/anilistcdn/media/anime/banner/179054-h88Gux77VioM.jpg,4.0,,,,,,,,,,,,,,,Action;Fantasy;Mystery;Supernatural,CloverWorks,,,,,,,,,,,,
SANRIO BOYS,サンリオ男子,TVA,2018,12,COMPLETED,Studio Pierrot,"The project's premise follows Kouta Hasegawa, a high school boy that loves the yellow Pom Pom Purin dog. By mere coincidence, he ends up attending the same school as Yuu Mizuno, a boy who likes the bunny My Melody. Yuu tells Kouta that there's nothing to be ashamed of for liking Sanrio's cute characters. Together, Kouta, Yuu, Shunsuke Yoshino, Ryou Nishimiya, and Seiichiro Minamoto learn to accept their love of the characters instead of feeling embarrassed.



(Source: Anime News Network)",https://s4.anilist.co/file/anilistcdn/media/anime/cover/large/nx98217-DWbR4bvaa65O.jpg,https://s4.anilist.co/file/anilistcdn/media/anime/banner/98217-WCrbqsEKQv94.jpg,3.2,,,,,,,,,,,,,,,Drama;Slice of Life,Studio Pierrot,,,,,,,,,,,,
The Duke of Death and His Maid Season 3,死神坊ちゃんと黒メイド 第3期,TVA,2024,12,COMPLETED,J.C.STAFF,"The third season of Shinigami Bocchan to Kuro Maid. 



The Duke and Alice will have their fates collide as their untouchable relationship comes to its conclusion!



(Source: Crunchyroll)",https://s4.anilist.co/file/anilistcdn/media/anime/cover/large/bx169584-e9X229cmrh8j.jpg,https://s4.anilist.co/file/anilistcdn/media/anime/banner/169584-1ZYaVuWtcBzU.jpg,4.0,,,,,,,,,,,,,,,Comedy;Drama;Romance;Supernatural,J.C.STAFF,,,,,,,,,,,,
"Demon Lord, Retry! R",魔王様、リトライ！R,TVA,2024,12,COMPLETED,Gekkou,"The Demon Lord continues his adventure in this re-vamped series! After encountering the mysterious entity in the lowest level of the Bastille Dungeon, he sets out for Hellion Territory, where Grand Devils vie for domination of the realm. With the addition of a new advisor—the (seemingly) hopeless optimist Akane—the Demon Lord’s army grows even more colorful, and their hijinks even wackier.


(Source:  J-Novel Club)",https://s4.anilist.co/file/anilistcdn/media/anime/cover/large/bx168500-wwpXjBBlXDpx.jpg,,2.9,,,,,,,,,,,,,,,Action;Adventure;Comedy;Fantasy,Gekkou,,,,,,,,,,,,
Zakuro,おとめ妖怪 ざくろ,TVA,2010,13,COMPLETED,J.C.STAFF,"Westernization, a time when humans and spirits coexist. 


The modernization of Japan has begun. The Ministry of Spirit Affairs is established to resolve mysterious incidents involving the nation&rsquo;s spirits. This ministry consists of representatives from both the human and spirit worlds. Zakuro, Susukihotaru, Bonbori, and Hozuki are all half-spirits who have been partnered with the second lieutenants Kei, Riken, and Ganryu. These half-spirit girls and the male second lieutenants are all assigned to Spirit Affairs in an effort to join forces and carry out any tasks given to them! 


(Source: NIS America)",https://s4.anilist.co/file/anilistcdn/media/anime/cover/large/bx8476-zqkDcM6hrqNy.jpg,https://s4.anilist.co/file/anilistcdn/media/anime/banner/8476-eIT1jTa6WVpM.jpg,3.5,,,,,,,,,,,,,,,Romance;Supernatural,J.C.STAFF,,,,,,,,,,,,
Urusei Yatsura (2022) Seasons 3 & 4,うる星やつら (2022) 第2期,TVA,2024,23,COMPLETED,david production,"The second season of Urusei Yatsura (2022).



Lum, the gorgeous daughter of an invading race of Oni Aliens is smitten with High School student Ataru Moroboshi. A dedicated womanizer, Ataru is unfazed by Lum’s fierce electric shock attacks and continues his daily hunt for pretty girls. With a host of other unique characters, including classmate Shinobu, elegant shrine maiden Sakura, Lum’s best friend’s Oyuki, Benten and Ran, Buddhist Monk Cherry, Ten, the little brat, heir to a wealthy family Shuutarou Mendou and the secretly female beauty Ryuunosuke… A classic slapstick love comedy where anything goes!



(Source: Fuji Creative, edited)



Note: Sentai has labeled the 3rd and 4th cour of this season as ""Seasons 3 & 4"". They labeled the 1st and 2nd cours of the 1st season as “Seasons 1 & 2"".",https://s4.anilist.co/file/anilistcdn/media/anime/cover/large/bx155645-KgJwUznVHfM2.jpg,https://s4.anilist.co/file/anilistcdn/media/anime/banner/155645-Wl60JjmslUrL.jpg,3.9,,,,,,,,,,,,,,,Comedy;Romance;Sci-Fi;Supernatural,david production,,,,,,,,,,,,
Peach Girl: Super Pop Love Hurricane,ピーチガール,TVA,2005,25,COMPLETED,Studio Comet,"Peach Girl is about an average high school girl, Momo Adachi, who everyone thinks is a beach bunny / slut because of her tanned skin. The actual reason she is so tanned is because she was on the swim team and tans very easily. She likes a boy, Toji, who she heard only likes non-tanned girls. This causes her to question who she is and have low self esteem. She spends a lot of time trying to remake herself into the girl she believes he wants. However, she has a friend, Sae, who likes to go behind Momo's back and make her life terrible, mostly by trying to take Toji away from her. All the while there's another boy, Kairi, who is in love with Momo.



(Source: Anime News Network)",https://s4.anilist.co/file/anilistcdn/media/anime/cover/large/bx325-PyIkDSWoa5i3.png,https://s4.anilist.co/file/anilistcdn/media/anime/banner/325-R99YQkSweGdD.png,3.2,,,,,,,,,,,,,,,Drama;Romance;Slice of Life,Studio Comet,,,,,,,,,,,,
Suzuka,涼風,TVA,2005,26,COMPLETED,Studio Comet,"Yamato transfers to Aoba High and is quickly smitten with Suzuka, the school’s rising star of track and field. Unfortunately, she’s totally uninspired by Yamato’s irresponsible nature. When the young man decides to step it up and join the track team, even his best efforts might not measure up to Suzuka’s standards. Will he go the distance for love or will Suzuka have him running in circles? 


(Source: Crunchyroll)",https://s4.anilist.co/file/anilistcdn/media/anime/cover/large/bx390-rO6Vj8DyKcLb.png,https://s4.anilist.co/file/anilistcdn/media/anime/banner/390-eTGNftg7UsKD.jpg,3.4,,,,,,,,,,,,,,,Drama;Romance;Sports,Studio Comet,,,,,,,,,,,,
Nodame Cantabile Finale,のだめカンタービレ フィナーレ,TVA,2010,11,COMPLETED,J.C.STAFF,"The series continues the relationship between two aspiring classical musicians, Megumi ""Nodame"" Noda and Shinichi Chiaki, as students and after graduation.",https://s4.anilist.co/file/anilistcdn/media/anime/cover/large/nx5690-FEBLLRnlMvlx.jpg,https://s4.anilist.co/file/anilistcdn/media/anime/banner/n5690-9lv3wPkcJmyW.jpg,4.0,,,,,,,,,,,,,,,Comedy;Music;Romance,J.C.STAFF,,,,,,,,,,,,
Solo Camping for Two,ふたりソロキャンプ,TVA,2025,24,COMPLETED,SynergySP,"Gen Kinokura, 34 years old.



A solitary camper who cherishes his alone time in nature, Gen enjoys his usual solo camping trips. However, he unexpectedly encounters Shizuku Kusano, a complete beginner in camping. Reluctantly, Gen ends up camping with Shizuku, despite it being the last thing he wanted to do.



What will become of Gen’s peaceful camping life now that it’s turned upside down by this new companion?


(Source: Pony Canyon)",https://s4.anilist.co/file/anilistcdn/media/anime/cover/large/bx185965-LlzTLSTBUbEA.jpg,https://s4.anilist.co/file/anilistcdn/media/anime/banner/185965-9YtD3BC30w26.jpg,3.4,,,,,,,,,,,,,,,Romance;Slice of Life,SynergySP,,,,,,,,,,,,
Wash It All Away,綺麗にしてもらえますか。,TVA,2026,12,COMPLETED,Okuruto Noboru,"For the past two years, cheerful and hardworking Kinme Wakana has run a small laundry shop in the seaside hot springs town of Atami. As she goes about her quiet days, Wakana finds herself drawn into the bittersweet, heartwarming stories of the people around her.



(Source: Crunchyroll)",https://s4.anilist.co/file/anilistcdn/media/anime/cover/large/bx194028-ASKnzjS1ily7.jpg,https://s4.anilist.co/file/anilistcdn/media/anime/banner/194028-14qoZ1HN4b2j.jpg,3.4,,,,,,,,,,,,,,,Comedy;Romance;Slice of Life,Okuruto Noboru,,,,,,,,,,,,
Dear Brother,おにいさまへ…,TVA,1991,39,COMPLETED,Tezuka Productions,"Before leaving her cram school, Nanako Misonō asks one of the teachers if they can become pen-pals. The teacher, Takehiko Henmi, is reluctant at first, but eventually accepts the offer. The story is narrated through the letters sent from Nanako as she enters Seiran, a renowned private high school for girls only. There she encounters many difficulties as an ordinary middle-class girl invited to the prestigious Sorority, the most traditional and sophisticated club on campus.. 


(Source: AnimeNewsNetwork)",https://s4.anilist.co/file/anilistcdn/media/anime/cover/large/bx795-HJhtGq0Hql2r.jpg,https://s4.anilist.co/file/anilistcdn/media/anime/banner/795-2tIUrMnmce27.png,3.9,,,,,,,,,,,,,,,Drama;Psychological,Tezuka Productions,,,,,,,,,,,,
"She, The Ultimate Weapon",最終兵器彼女,TVA,2002,13,COMPLETED,GONZO,"Shuuji and Chise are third year students at a high school in Hokkaido. The shy Chise is finally confessing to Shuuji, and finally the two of them are starting to exchange diary awkwardly. One day, Shuuji tries to escape from a sudden enemy air raid on Sapporo. While desperately escaping from the air raid, Shuuji sees a scene that he could not forget for his life. He sees Chise, with a huge weapon looking as if it was part of her hand, shooting the enemy fighters down one by one. Apparently, Chise is the ultimate weapon with destructive power which is important for the war. 


(Source: AniDB)",https://s4.anilist.co/file/anilistcdn/media/anime/cover/large/bx529-oJs7fcvpnhyN.png,https://s4.anilist.co/file/anilistcdn/media/anime/banner/529-P5QU6FoOsvkv.jpg,3.3,,,,,,,,,,,,,,,Drama;Romance;Sci-Fi,GONZO,,,,,,,,,,,,
Kaya-chan Isn't Scary,カヤちゃんはコワくない,TVA,2026,12,COMPLETED,East Fish Studio,"Kaya-chan attends Hanamugi Kindergarten, and she has an incredibly strong sixth sense. She secretly beats up the ghosts that stalk her friends and family, but in turn, she’s treated like a troublemaker since nobody understands her strange behavior. Everything changes when her teacher, Chie, discovers her secret. Kaya-chan's fists will go flying at any sinister spirits that show up!



(Source: Crunchyroll)",https://s4.anilist.co/file/anilistcdn/media/anime/cover/large/bx183660-B6o9cMfSfScX.jpg,https://s4.anilist.co/file/anilistcdn/media/anime/banner/183660-RmcBY27wn8A4.jpg,3.6,,,,,,,,,,,,,,,Comedy;Horror;Slice of Life,East Fish Studio,,,,,,,,,,,,
Manyu Scroll,魔乳秘剣帖,TVA,2011,12,COMPLETED,,"It is currently the Taiheimeji Era. It is a reign ruled by the Tokugawa shogunate. Inside this shogunate, there is a group of warriors that support the government. They are the Manyuu Clan.


In this current era, breasts mean everything. If you have breasts, you are guaranteed wealth and popularity. If you lack them, you are rarely considered &ldquo;human&rdquo;. Members of the Manyuu Clan help raise the future big breasts. Written on a secret scroll possessed by the clan, there is said to be various techniques on how to grow big and beautiful breasts.


Chifusa is to be successor of the clan. However, she takes the secret scroll and runs away with it, hoping to fight against the cruel world that the Manyuu Clan has created&hellip;


(Source: Operation Boredom)",https://s4.anilist.co/file/anilistcdn/media/anime/cover/large/bx10465-8T6TfRIJTgPt.jpg,https://s4.anilist.co/file/anilistcdn/media/anime/banner/10465-IXOMlltvhIGr.jpg,2.9,,,,,,,,,,,,,,,Action;Comedy;Ecchi,,,,,,,,,,,,,
Tomorrow's Joe 2,あしたのジョー２,TVA,1980,47,COMPLETED,Tokyo Movie Shinsha,"Yabuki Joe is left downhearted and hopeless after a certain tragic event. In attempt to put the past behind him, Joe leaves the gym behind and begins wandering. On his travels he comes across the likes of Wolf Kanagushi and Goromaki Gondo, men who unintentionally fan the dying embers inside him, leading him to putting his wanderings to an end. His return home puts Joe back on the path to boxing, but unknown to himself and his trainer, he now suffers deep-set issues holding him back from fighting. In attempt to quell those issues, Carlos Rivera, a world renowned boxer is invited from Venezuela to help Joe recover.",https://s4.anilist.co/file/anilistcdn/media/anime/cover/large/bx2921-PxFepBRCGD0K.jpg,https://s4.anilist.co/file/anilistcdn/media/anime/banner/2921-8cz7wULNyEgs.jpg,4.4,,,,,,,,,,,,,,,Action;Drama;Slice of Life;Sports,Tokyo Movie Shinsha,,,,,,,,,,,,
Fushigi Yugi: The Mysterious Play,ふしぎ遊戯,TVA,1995,52,COMPLETED,Studio Pierrot,"While visiting the National Library, junior-high students Miaka Yuuki and Yui Hongo are transported into the world of a mysterious book set in ancient China, &ldquo;The Universe of The Four Gods.&rdquo; Miaka suddenly finds herself with the responsibility of being the priestess of Suzaku, and must find all of her celestial warriors for the purpose of summoning Suzaku for three wishes. However, the enemy nation of the god Seiryuu has manipulated Yui into becoming the priestess of Seiryuu. As enemies, the former best friends begin their long struggle to summon their respective gods and obtain their wishes&hellip;


[Written by MAL Rewrite]",https://s4.anilist.co/file/anilistcdn/media/anime/cover/large/bx123-nTVq4CHgK5Ly.jpg,https://s4.anilist.co/file/anilistcdn/media/anime/banner/123-aB3o7LLZrWWV.png,3.5,,,,,,,,,,,,,,,Adventure;Comedy;Drama;Fantasy;Romance,Studio Pierrot,,,,,,,,,,,,
Nodame Cantabile: Paris-hen,のだめカンタービレ 巴里編,TVA,2008,11,COMPLETED,J.C.STAFF,"Having been given the opportunity to study in Paris, Noda accompanies Chiaki to Europe as he strives to become the accomplished conductor he always dreamt to be.



(Source: Anime News Network)",https://s4.anilist.co/file/anilistcdn/media/anime/cover/large/nx4477-Qg9EwJP1f5NF.jpg,https://s4.anilist.co/file/anilistcdn/media/anime/banner/n4477-t23iFe7Su3Ff.jpg,3.9,,,,,,,,,,,,,,,Comedy;Music;Romance;Slice of Life,J.C.STAFF,,,,,,,,,,,,
Bobobo-bo Bo-bobo,ボボボーボ・ボーボボ,TVA,2003,76,COMPLETED,Toei Animation,"Bo Bobo is a man with the incredible power of hearing the voices of hair and using his own to fight. He uses his power to fight off the Margarita Empire and all of Emperor Tsuru Tsuruiina's minions who are stealing the hair off of anyone they find to power up their emperor. 


(Source: Anime News Network)",https://s4.anilist.co/file/anilistcdn/media/anime/cover/large/bx1050-qQAPEPu1kNKP.jpg,https://s4.anilist.co/file/anilistcdn/media/anime/banner/1050.jpg,3.6,,,,,,,,,,,,,,,Adventure;Comedy;Sci-Fi,Toei Animation,,,,,,,,,,,,
Grand Blue Season 3,ぐらんぶる Season 3,TVA,2026,,UPCOMING,Zero-G,The third season of Grand Blue.,https://s4.anilist.co/file/anilistcdn/media/anime/cover/large/bx199111-gBSuBG61ElcW.jpg,https://s4.anilist.co/file/anilistcdn/media/anime/banner/199111-Z8y9awn2Zb6v.jpg,,,,,,,,,,,,,,,,Comedy;Slice of Life;Sports,Zero-G,,,,,,,,,,,,
Kagurabachi,カグラバチ,TVA,2027,,UPCOMING,Cypic,"Young Chihiro spends his days training under his famous swordsmith father. One day he hopes to become a great sword-maker himself. The goofy father and the serious son--they thought these days would last forever. But suddenly, tragedy strikes. A dark day soaked in blood. Chihiro and his blade now live only for revenge.



(Source: MANGA Plus)",https://s4.anilist.co/file/anilistcdn/media/anime/cover/large/bx211496-zBucCHCPFFgy.png,https://s4.anilist.co/file/anilistcdn/media/anime/banner/211496-UkDSO0ZXnGHu.jpg,,,,,,,,,,,,,,,,Action;Drama;Fantasy,Cypic,,,,,,,,,,,,
An Adventurer’s Daily Grind at Age 29,29歳独身中堅冒険者の日常,TVA,2026,12,COMPLETED,HORNETS,"Having spent his childhood in the slums, Hajime Shinonome desperately sought strength to survive.



Now, he enjoys a peaceful and carefree life as a resident adventurer of the Komai Village.



One day, during a quest, he ventured into a dungeon and finds a young girl being partially eaten by a weakest kind of monster, a slime!



The girl's name was Lirui. Having been abandoned by her parents, she had no place to go and entered the dungeon alone in order to stay alive. Hajime couldn't just leave her there, so he took her back to the village to live with him!


(Source: Crunchyroll)",https://s4.anilist.co/file/anilistcdn/media/anime/cover/large/bx192261-oaqwOjlr64ki.jpg,https://s4.anilist.co/file/anilistcdn/media/anime/banner/192261-ccBYYYrlx24B.jpg,3.2,,,,,,,,,,,,,,,Adventure;Fantasy;Slice of Life,HORNETS,,,,,,,,,,,,
Hakkenden: Eight Dogs of the East,八犬伝 -東方八犬異聞-,TVA,2013,13,COMPLETED,Studio DEEN,"When their village was wiped out five years ago, only Shino Inuzuka, Sosuke Inukawa, and the girl Hamaji, who was raised as if she were their sister, survived. And both men inexplicably have the same peony-shaped birthmark. Genpachi Inukai and Kobungo Inuta were raised hundreds of miles away as foster brothers, but they too share the same birthmark. When they went north as part of the army three years ago, they went to confront demons and came back forever transformed. Now the Imperial Church has come for Shino and Sosuke and they must find eight mystical gems and their owners or face a fate worse than death at the hands of the Church.


(Source: Sentai Filmworks)",https://s4.anilist.co/file/anilistcdn/media/anime/cover/large/bx15613-Wy2QXvj3BmSN.png,https://s4.anilist.co/file/anilistcdn/media/anime/banner/15613-32YF3o9wpCHG.jpg,3.5,,,,,,,,,,,,,,,Action;Fantasy;Supernatural,Studio DEEN,,,,,,,,,,,,
